ipz,ipt,itp,pz_lo,pz_hi,pt_lo,pt_hi,tp_lo,tp_hi,sigma_ar23_LE_d3,sigma_ar23_LE_d3err,sigma_ar23_LE,sigma_ar23_LE_mcerr,n_mc_C_LE,n_mc_H_LE,sigma_ar23_ME_d3,sigma_ar23_ME_d3err,sigma_ar23_ME,sigma_ar23_ME_mcerr,n_mc_C_ME,n_mc_H_ME,sigma_data_LE,sigma_data_LE_staterr,sigma_data_LE_toterr,sigma_data_ME,sigma_data_ME_staterr,sigma_data_ME_toterr,w_LE,w_LE_err,w_ME,w_ME_err,w_BNB_raw,w_BNB,w_BNB_err,unmeasured_LE,unmeasured_ME,no_mc_LE,no_mc_ME,excluded
0,0,0,1.5,2.0,0.0,0.15,0.0,0.02,9.592784210866986e-40,4.92748226868933e-41,1.438917631630048e-42,7.391223403033995e-44,379,0,1.183516258043247e-40,2.0005076020512462e-41,1.7752743870648706e-43,3.0007614030768693e-44,35,0,3.603465885428951e-42,7.263389748393174e-43,9.283274715281489e-43,5.257185360879125e-43,1.4494383866510145e-43,2.0499590752967496e-43,2.5042892005895014,0.6578561205102447,2.9613367934469172,1.2585524960989192,2.056030984517805,2.056030984517805,1.7948780560825015,False,False,False,False,False
0,0,1,1.5,2.0,0.0,0.15,0.02,0.04,1.1465781655732837e-39,5.387094155351101e-41,1.719867248359926e-42,8.080641233026655e-44,453,0,1.8259965124095805e-40,2.4848665152806245e-41,2.738994768614372e-43,3.7272997729209383e-44,54,0,6.67625278988652e-43,3.5661875486317224e-43,3.757312918546026e-43,2.0687432112326987e-43,7.77964881029096e-44,9.553692269462454e-44,0.3881841924865439,0.21922528114976603,0.7552928669079765,0.36363119956183126,0.028135300265523466,0.028135300265523466,0.5619169320663288,False,False,False,False,False
0,0,2,1.5,2.0,0.0,0.15,0.04,0.08,7.175605075938761e-40,3.013470878943922e-41,2.1526815227816284e-42,9.040412636831769e-44,567,0,1.217331008273054e-40,1.4346383514975562e-41,3.651993024819162e-43,4.303915054492669e-44,72,0,8.466798312327309e-43,5.123444620051564e-43,6.27624285228667e-43,8.876349718806478e-43,1.925713051864822e-43,2.7737400648111087e-43,0.3933140235898329,0.29202215686172944,2.430549472160072,0.8117334582999536,-1.6047438202002093,0.0,0.9840689416195889,False,False,False,False,False
0,0,3,1.5,2.0,0.0,0.15,0.08,0.12,3.151191647105382e-40,1.9969865648208532e-41,9.453574941316146e-43,5.99095969446256e-44,249,0,6.593876294812377e-41,1.0558652375074344e-41,1.978162888443713e-43,3.1675957125223033e-44,39,0,1.5093840300283299e-43,2.318007255607057e-43,2.5527642246899026e-43,6.395606798830267e-43,1.795634841920145e-43,2.0210641773583583e-43,0.15966277724542904,0.27022112803376386,3.23310422826803,1.1453688995520488,-2.8546740304882756,0.0,1.2443417917975774,False,False,False,False,False
0,0,4,1.5,2.0,0.0,0.15,0.12,0.16,2.5310776281970933e-40,1.7897421546077279e-41,7.593232884591282e-43,5.369226463823184e-44,200,0,5.410360036769127e-41,9.564255676650372e-42,1.623108011030739e-43,2.8692767029951124e-44,32,0,4.2864790955375036e-44,8.939550222811674e-44,9.821758725019789e-44,3.3085396130661285e-43,1.0525187246124069e-43,1.3539756565039281e-43,0.05645130553332463,0.1294104184304516,2.0383976855397767,0.9086879506861004,-1.887380721011465,0.0,0.9273441218953822,False,False,False,False,False
0,0,5,1.5,2.0,0.0,0.15,0.16,0.24,3.315711692938193e-40,1.4484753784192687e-41,1.989427015762916e-42,8.690852270515611e-44,524,0,6.593876294812377e-41,7.466094694606514e-42,3.956325776887425e-43,4.4796568167639083e-44,78,0,2.18215269866284e-42,9.322848675324688e-43,1.1698358214933429e-42,6.201771575573558e-43,1.9761164140789067e-43,2.728183551281502e-43,1.0968749702164955,0.5899756206748646,1.5675583673629376,0.7120511349226306,0.6352431768613309,0.6352431768613309,1.3613752694943784,False,False,False,False,False
0,0,6,1.5,2.0,0.0,0.15,0.24,0.32,3.360005551431642e-40,1.45811821210136e-41,2.0160033308589854e-42,8.748709272608163e-44,531,0,6.678413170386891e-41,7.513801855387301e-42,4.007047902232136e-43,4.508281113232381e-44,79,0,4.8127251697482185e-43,5.368400719767773e-43,6.034808158315469e-43,2.8542923961288497e-43,1.1935372878579024e-43,1.3257606547275261e-43,0.23872605248611353,0.2995243625947254,0.7123180121053354,0.34042507826556845,-0.22575836944812333,0.0,0.680783538297593,False,False,False,False,False
0,0,7,1.5,2.0,0.0,0.15,0.32,0.4,1.9995513262757037e-40,1.1248355022366892e-41,1.1997307957654225e-42,6.749013013420138e-44,316,0,4.903138783322021e-41,6.438136634541749e-42,2.9418832699932137e-43,3.86288198072505e-44,58,0,2.951211690728662e-45,9.74020075549402e-45,1.0385961745866734e-44,8.118811811273764e-44,6.548350132957178e-44,7.431510701436642e-44,0.002459894920714945,0.008658016109873972,0.27597328194780796,0.2551965317988016,-0.26579361927893397,0.0,0.25087575212674157,False,False,False,False,False
0,0,8,1.5,2.0,0.0,0.15,0.4,0.6,9.516851882021076e-41,4.9079416143072604e-42,1.4275277823031609e-42,7.361912421460891e-44,376,0,1.8259965124095816e-41,2.4848665152806258e-42,2.738994768614372e-43,3.7272997729209383e-44,54,0,2.587893371754879e-43,4.085345021710765e-43,4.2041945660558015e-43,1.7774243114656533e-43,1.117989861513848e-43,1.3019990727854152e-43,0.18128497419360864,0.2946571273392077,0.6489330800601832,0.4834896575417803,-0.2773698988678395,0.0,0.751999045802266,False,False,False,False,False
0,0,9,1.5,2.0,0.0,0.15,0.6,0.799,4.044636611892843e-41,3.2076054787152805e-42,6.0366201432500696e-43,4.787351176982558e-44,159,0,1.0535248815316767e-41,1.8921865454021904e-42,1.572385885686028e-43,2.82408841901277e-44,31,0,3.4500219491046257e-43,5.2305837636142206e-43,5.692827485252959e-43,4.864123079625951e-43,2.2360915041918743e-43,2.4239604901814163e-43,0.5715154949682093,0.9441373564689058,3.0934665109282293,1.638647984124703,-1.9019364629925795,0.0,2.4658115835540286,False,False,False,False,False
0,1,0,1.5,2.0,0.15,0.25,0.0,0.02,2.0957322761471937e-39,8.920028933960979e-41,2.0957322761471937e-42,8.92002893396098e-44,552,0,3.3476602727508987e-40,4.1206849426518775e-41,3.347660272750899e-43,4.120684942651878e-44,66,0,6.723478797735312e-42,1.1614866302496422e-42,1.6876511976429004e-42,1.2221434003348033e-42,2.217462659307844e-43,3.748561107346735e-43,3.2081763850561074,0.8167750326053295,3.6507390259481793,1.2065613368249355,2.7741245641811907,2.7741245641811907,2.0044331387161165,False,False,False,False,False
0,1,1,1.5,2.0,0.15,0.25,0.02,0.04,4.685024689792821e-39,1.3336881858151274e-40,4.6850246897928206e-42,1.3336881858151274e-43,1234,0,6.593876294812376e-40,5.783212082683714e-41,6.5938762948123765e-43,5.783212082683715e-44,130,0,3.945122095936343e-42,9.450761847141157e-43,1.1078726933937589e-42,1.0449731072173024e-42,1.935103743016945e-43,2.855381302142872e-43,0.8420707161974001,0.2376829351816148,1.5847629838603703,0.45479513311647124,0.11366099214333314,0.11366099214333314,0.648542789262632,False,False,False,False,False
0,1,2,1.5,2.0,0.15,0.25,0.04,0.08,3.7415655038823546e-39,8.427718882344711e-41,7.483131007764709e-42,1.6855437764689425e-43,1971,0,5.883766539986428e-40,3.86288198072505e-41,1.1767533079972857e-42,7.7257639614501e-44,232,0,6.697002225052783e-42,1.2807722828473713e-42,1.9865757705032036e-42,1.6160397330734864e-42,2.7682016964124853e-43,5.13448299840043e-43,0.8949465428446708,0.26623811533297526,1.3733037520190374,0.44554427947536385,0.42578851076981117,0.42578851076981117,0.6848742672356799,False,False,False,False,False
0,1,3,1.5,2.0,0.15,0.25,0.08,0.12,1.8356640498499428e-39,5.903097625057245e-41,3.671328099699885e-42,1.1806195250114492e-43,967,0,3.347660272750899e-40,2.9137642660824426e-41,6.695320545501797e-43,5.827528532164886e-44,132,0,2.745193052977294e-42,9.00928428236437e-43,1.2136589093814549e-42,7.680086197254145e-43,1.81015164491991e-43,3.147096571439783e-43,0.747738414662994,0.3314509868206973,1.1470826743932305,0.48053066404886347,0.356073852235262,0.356073852235262,0.8081725536101102,False,False,False,False,False
0,1,4,1.5,2.0,0.15,0.25,0.12,0.16,8.97899788602919e-40,4.1285476265532047e-41,1.7957995772058378e-42,8.257095253106413e-44,473,0,1.9020797004266464e-40,2.1963324541228938e-41,3.8041594008532936e-43,4.392664908245789e-44,75,0,1.5130745833330126e-42,5.0121693300439945e-43,7.616041252994336e-43,6.22804173997566e-43,1.907569141589774e-43,3.847357120567136e-43,0.8425631693750985,0.425868867047129,1.6371663444435784,1.0288718303630127,0.0632408245963969,0.0632408245963969,1.3152290144753938,False,False,False,False,False
0,1,5,1.5,2.0,0.15,0.25,0.16,0.24,9.605439599007971e-40,3.019444067915124e-41,3.842175839603189e-42,1.2077776271660494e-43,1012,0,1.6738301363754495e-40,1.4568821330412215e-41,6.695320545501797e-43,5.827528532164886e-44,132,0,3.779403026685597e-42,1.2950110202824733e-42,1.6663323271757585e-42,7.025414872879009e-43,2.4281660418509275e-43,4.4901972256049196e-43,0.9836621707235359,0.43479586357035116,1.0493022440275819,0.6768372715079604,0.9192844065214909,0.9192844065214909,1.0873711973493339,False,False,False,False,False
0,1,6,1.5,2.0,0.15,0.25,0.24,0.32,1.0488152921841706e-39,3.155134459590244e-41,4.195261168736683e-42,1.2620537838360978e-43,1105,0,2.181051389822554e-40,1.6630360938494e-41,8.72420555929022e-43,6.652144375397601e-44,172,0,2.202938032482086e-42,1.1373562379753513e-42,1.345910386845552e-42,3.088944572855746e-43,1.312161643547291e-43,2.0502919958447824e-43,0.5251015238094118,0.32120549329650355,0.35406600083676326,0.2365574757006296,0.6928479021095095,0.6928479021095095,0.6772159902097196,False,False,False,False,False
0,1,7,1.5,2.0,0.15,0.25,0.32,0.4,7.716622918965888e-40,2.7063378139628676e-41,3.086649167586356e-42,1.0825351255851477e-43,813,0,1.7625938557286922e-40,1.4950125959510126e-41,7.0503754229147714e-43,5.980050383804052e-44,139,0,5.1963664089063295e-43,4.04911969886255e-43,4.4944882256520975e-43,2.2709148373586402e-43,1.1597819264260632e-43,1.6486564984091954e-43,0.16834975816087625,0.145730250843809,0.32209842755008883,0.23543005645049755,0.017557793952225453,0.017557793952225453,0.3696477096201312,False,False,False,False,False
0,1,8,1.5,2.0,0.15,0.25,0.4,0.6,2.9385811263368267e-40,1.0562511737872787e-41,2.9385811263368264e-42,1.0562511737872786e-43,774,0,8.115540055153695e-41,6.415897754153547e-42,8.115540055153694e-43,6.415897754153546e-44,160,0,3.805440155228877e-42,1.3433878916706934e-42,1.651018914833689e-42,4.569492974076884e-43,2.5619092223317027e-43,3.1898904108283185e-43,1.2949923761242756,0.5637670996097767,0.5630547003677313,0.39557204184787415,2.01285432734704,2.01285432734704,1.1821670556069233,False,False,False,False,False
0,1,9,1.5,2.0,0.15,0.25,0.6,0.799,1.1256300004796114e-40,6.553671239174064e-42,1.1200018504772139e-42,6.520902882978196e-44,295,0,3.313505675785112e-41,4.109897970558422e-42,3.2969381474061882e-43,4.089348480705632e-44,65,0,7.227665480756882e-43,1.0311313488152249e-42,1.2789085184230441e-42,4.608522940481603e-43,3.0245939639537247e-43,4.388855574512847e-43,0.6453262088520029,1.1424986904748724,1.3978190473810626,1.3424345071972008,-0.09269561355149802,0.0,2.618161947831127,False,False,False,False,False
0,2,0,1.5,2.0,0.25,0.325,0.0,0.02,1.7515057187123887e-39,9.416153078930055e-41,1.3136292890342917e-42,7.062114809197542e-44,346,0,3.5843635243595474e-40,4.92350195103138e-41,2.6882726432696612e-43,3.6926264632735364e-44,53,0,5.827027771722936e-42,1.2534706009451975e-42,1.5456903132782068e-42,9.639748344543977e-43,2.133676871481114e-43,2.7026949084881392e-43,4.4358235769900105,1.2005785586019948,3.5858521897613236,1.1195394845934765,5.269449360618147,5.269449360618147,2.6193201764628085,False,False,False,False,False
0,2,1,1.5,2.0,0.25,0.325,0.02,0.04,3.8826730816543405e-39,1.4019519945118214e-40,2.9120048112407564e-42,1.0514639958838662e-43,767,0,5.6808780386075845e-40,6.198346101364648e-41,4.260658528955689e-43,4.648759576023486e-44,84,0,4.682855023855357e-42,1.057203811942533e-42,1.3347764050053373e-42,1.1942788589953509e-42,2.2084803136997764e-43,3.041574331887985e-43,1.608120634203235,0.46203348514463877,2.803038194398731,0.7766288737408154,0.4361822578576522,0.4361822578576522,1.1906867184128764,False,False,False,False,False
0,2,2,1.5,2.0,0.25,0.325,0.04,0.08,6.520055970235714e-39,1.2846309898510352e-40,9.780083955353571e-42,1.9269464847765534e-43,2576,0,9.40050056388636e-40,5.638045570966748e-41,1.4100750845829541e-42,8.457068356450124e-44,278,0,8.281232615159499e-42,1.459634178465118e-42,2.139921497951267e-42,2.217519015278537e-42,3.3493320189110162e-43,6.0618841836753656e-43,0.8467445323540798,0.21943910338039999,1.5726247768815755,0.4401232601318848,0.13482352329826663,0.13482352329826663,0.6125827023709467,False,False,False,False,False
0,2,3,1.5,2.0,0.25,0.325,0.08,0.12,4.609092360946909e-39,1.0800912258270986e-40,6.913638541420363e-42,1.6201368387406478e-43,1821,0,6.661505795271989e-40,4.746126363904931e-41,9.992258692907985e-43,7.119189545857399e-44,197,0,5.252423158425579e-42,1.1097849994593386e-42,1.5915634873252038e-42,1.282512133518438e-42,2.3321712965307893e-43,3.4095634455808573e-43,0.7597190866947612,0.23089373544509778,1.2835057347231233,0.35326165347363864,0.2460052588207906,0.2460052588207906,0.5737653296500588,False,False,False,False,False
0,2,4,1.5,2.0,0.25,0.325,0.12,0.16,2.222286157557048e-39,7.49985251644639e-41,3.333429236335573e-42,1.1249778774669591e-43,878,0,4.362102779645109e-40,3.840617345824059e-41,6.5431541694676665e-43,5.76092601873609e-44,129,0,3.016191836737104e-42,8.420375474141523e-43,1.1311159030955233e-42,7.847877103559816e-43,1.8294031533983163e-43,2.5634140361177083e-43,0.9048315182033961,0.34069626387952184,1.1994027498511928,0.40575327152955154,0.6159251179334417,0.6159251179334417,0.7834375527584061,False,False,False,False,False
0,2,5,1.5,2.0,0.25,0.325,0.16,0.24,1.4465108645146389e-39,4.2785694385606504e-41,4.339532593543918e-42,1.2835708315681953e-43,1143,0,2.755902143729275e-40,2.1585891532201683e-41,8.267706431187825e-43,6.475767459660504e-44,163,0,5.428475449695601e-42,1.571193785804061e-42,1.9456049344096224e-42,1.3217490581546417e-42,3.5036819498611087e-43,5.8766693508948744e-43,1.2509355172885999,0.44986856162702954,1.5986889098634158,0.7217434560037188,0.9098696899556074,0.9098696899556074,1.1380268161214229,False,False,False,False,False
0,2,6,1.5,2.0,0.25,0.325,0.24,0.32,1.5920478281359716e-39,4.4886504880725166e-41,4.776143484407917e-42,1.3465951464217556e-43,1258,0,3.685807775048968e-40,2.4963440198454385e-41,1.1057423325146908e-42,7.489032059536317e-44,218,0,4.4090065978617735e-42,1.532946340203193e-42,1.937797945003769e-42,9.586608351970033e-43,2.6835793850039263e-43,3.901538896535455e-43,0.9231311019560677,0.4065583469109553,0.8669839319769975,0.35769603761108926,0.9781985186663096,0.9781985186663096,0.8783951556141091,False,False,False,False,False
0,2,7,1.5,2.0,0.25,0.325,0.32,0.4,1.2073240286500134e-39,3.9088558677065824e-41,3.6219720859500406e-42,1.172656760311975e-43,954,0,2.840439019303792e-40,2.1914462802080704e-41,8.521317057911379e-43,6.574338840624214e-44,168,0,2.7250267416816386e-42,1.0543226566580872e-42,1.400029552667914e-42,7.145606481647851e-43,2.500695661747348e-43,3.641439753967963e-43,0.752359951158173,0.38730466288897847,0.8385565791163365,0.4322025545734044,0.6678209506607434,0.6678209506607434,0.8764814864287249,False,False,False,False,False
0,2,8,1.5,2.0,0.25,0.325,0.4,0.6,5.178584827291254e-40,1.6190985270870827e-41,3.883938620468441e-42,1.2143238953153122e-43,1023,0,1.332301159054398e-40,9.492252727809866e-42,9.992258692907985e-43,7.119189545857399e-44,197,0,1.3756398541133297e-42,1.1629629036520089e-42,1.3340639966957337e-42,5.529894939037962e-43,3.4942447416151644e-43,5.0586976374693175e-43,0.3541868161519541,0.34366071574527846,0.5534179117042687,0.5077948031742961,0.1587870878217993,0.1587870878217993,0.8434470975656376,False,False,False,False,False
0,2,9,1.5,2.0,0.25,0.325,0.6,0.799,1.98416135677762e-40,1.0047191583274184e-41,1.4806804124953e-42,7.497716719018364e-44,390,0,6.932873413950389e-41,6.864567576591285e-42,5.17365678516048e-43,5.122683554031249e-44,102,0,7.919632581965399e-44,2.8297675399975238e-43,3.1400165049164403e-43,7.000717839796751e-44,1.5703371617219793e-43,1.8661384778480873e-43,0.053486441200494624,0.21208307698383153,0.13531469385207,0.36094884228757274,-0.026768191207781247,0.0,0.5493586648965303,False,False,False,False,False
0,3,0,1.5,2.0,0.325,0.4,0.0,0.02,1.700884166148447e-39,9.27908385681798e-41,1.2756631246113354e-42,6.959312892613487e-44,336,0,2.4346620165461074e-40,4.0577700275768463e-41,1.825996512409581e-43,3.043327520682636e-44,36,0,5.833519086830065e-42,1.4052236537435733e-42,1.6730414540519294e-42,1.1817192913647969e-42,2.553543283777321e-43,2.9192974547759343e-43,4.572930716804565,1.3350237793525392,6.471640462255881,1.928566496837308,2.710734620304237,2.710734620304237,3.2512160150819707,False,False,False,False,False
0,3,1,1.5,2.0,0.325,0.4,0.02,0.04,3.0676660853748776e-39,1.2461541637751972e-40,2.3007495640311585e-42,9.346156228313985e-44,606,0,4.93695353355183e-40,5.778267052208965e-41,3.7027151501638736e-43,4.333700289156725e-44,73,0,3.9429474625628896e-42,1.0321532527966857e-42,1.3148084309456104e-42,1.3891111422074145e-42,2.521721523260564e-43,3.364314356923845e-43,1.7137664716773544,0.5756943893552114,3.751601421853733,1.0091426779052066,-0.2848793448417859,0.0,1.50993445401828,False,False,False,False,False
0,3,2,1.5,2.0,0.325,0.4,0.04,0.08,6.20114018908288e-39,1.2528195082254096e-40,9.30171028362432e-42,1.8792292623381152e-43,2450,0,8.555131808141183e-40,5.378565285235197e-41,1.2832697712211776e-42,8.067847927852796e-44,253,0,1.2591655933659129e-41,1.931133284504233e-42,2.4482210731736028e-42,2.844557356491704e-42,3.7854435312618765e-43,4.842219935872385e-43,1.3536925521994343,0.26461823597769196,2.216647988041348,0.4022466986872777,0.507332413200634,0.507332413200634,0.6560257955929601,False,False,False,False,False
0,3,3,1.5,2.0,0.325,0.4,0.08,0.12,6.899717614465278e-39,1.3215037228419179e-40,1.0349576421697915e-41,1.9822555842628768e-43,2726,0,1.1260311826525747e-39,6.170612870077905e-41,1.6890467739788624e-42,9.255919305116856e-44,333,0,7.560485999992855e-42,1.4258674785853119e-42,2.000758704734636e-42,2.228538862740898e-42,3.618501276214577e-43,7.1417608947511775e-43,0.730511635639723,0.1938235914836131,1.319406245625254,0.42896521278096766,0.1529419220000674,0.1529419220000674,0.5695579608510722,False,False,False,False,False
0,3,4,1.5,2.0,0.325,0.4,0.12,0.16,4.4116683059475335e-39,1.056705964410629e-40,6.617502458921303e-42,1.585058946615944e-43,1743,0,7.777392552855619e-40,5.128260783286807e-41,1.1666088829283436e-42,7.692391174930212e-44,230,0,4.5535079353998646e-42,1.0970031604386743e-42,1.7559485534264782e-42,1.0402476531199192e-42,2.498088276762992e-43,4.2940154007687724e-43,0.688100679019939,0.2658605113564994,0.8916850097255895,0.37274309932662075,0.48843143159708946,0.48843143159708946,0.6410626932852956,False,False,False,False,False
0,3,5,1.5,2.0,0.325,0.4,0.16,0.24,2.3652920435501838e-39,5.471168876749491e-41,7.095876130650553e-42,1.6413506630248472e-43,1869,0,5.207471535390287e-40,2.9672322903511647e-41,1.5622414606170858e-42,8.901696871053495e-44,308,0,6.095397981770782e-42,1.7446351383320393e-42,2.8176899361690526e-42,8.515630280396373e-43,2.467740869324825e-43,4.2446347920975055e-43,0.8590056914102239,0.3975851912224081,0.5450905314619353,0.27347109164410155,1.166884021359507,1.166884021359507,0.83194504228949,False,False,False,False,False
0,3,6,1.5,2.0,0.325,0.4,0.24,0.32,1.988161476948817e-39,5.016069694266838e-41,5.964484430846452e-42,1.5048209082800521e-43,1571,0,4.345195404530205e-40,2.7104584234396056e-41,1.303558621359062e-42,8.131375270318819e-44,257,0,4.973235460986081e-42,1.5770633457912397e-42,2.0149864649064005e-42,6.511270799589615e-43,2.4491729537275923e-43,4.03431293316938e-43,0.8338081050670632,0.33848513072167014,0.49949965370955896,0.311049067548908,1.1616875477446154,1.1616875477446154,0.7366029814340284,False,False,False,False,False
0,3,7,1.5,2.0,0.325,0.4,0.32,0.4,1.6464659971422093e-39,4.5647197345258036e-41,4.9393979914266286e-42,1.3694159203577417e-43,1301,0,4.260658528955688e-40,2.683962592615009e-41,1.278197558686707e-42,8.051887777845031e-44,252,0,3.7170886654095705e-42,1.7741528192833098e-42,2.1325886389036585e-42,8.029330910918066e-43,3.1897540251624345e-43,4.58741657823055e-43,0.7525388057130373,0.4322545268611706,0.6281760480882046,0.36107224800296617,0.8745099718450847,0.8745099718450847,0.9265416451053562,False,False,False,False,False
0,3,8,1.5,2.0,0.325,0.4,0.4,0.6,7.750159697539502e-40,1.9807198603233616e-41,5.812619773154625e-42,1.4855398952425214e-43,1531,0,2.0897515642020763e-40,1.1888181289485943e-41,1.5673136731515568e-42,8.916135967114458e-44,309,0,7.206680224819472e-43,9.372951901056233e-43,1.1462105957286036e-42,1.3236874934373525e-42,5.630273080588164e-43,8.017617428374624e-43,0.12398334152361495,0.1972189150833763,0.8445581226734784,0.5138028175560264,-0.5827342322964435,0.0,0.6376056902295708,False,False,False,False,False
0,3,9,1.5,2.0,0.325,0.4,0.6,0.799,2.767650713043655e-40,1.1866204536391063e-41,2.065359344608829e-42,8.8551551352818365e-44,544,0,9.175861871404923e-41,7.897324492233533e-42,6.84748692153593e-43,5.893378402329277e-44,135,0,7.128815376063765e-44,2.864638018134177e-43,3.1238744773021773e-43,4.803398472891943e-43,5.4525511671580425e-43,6.5482451076121374e-43,0.03451610197843773,0.15125813366792445,0.7014834095972999,0.9582029357404933,-0.6196249112631388,0.0,0.9863789718959824,False,False,False,False,False
0,4,0,1.5,2.0,0.4,0.475,0.0,0.02,1.695822010892054e-39,9.265265407070743e-41,1.2718665081690397e-42,6.948949055303053e-44,335,0,4.463547030334534e-40,5.494246590202507e-41,3.347660272750899e-43,4.120684942651878e-44,66,0,3.0931188658778955e-42,1.028190947371435e-42,1.1518543211989436e-42,1.2433025420262762e-42,3.383627170318885e-43,4.168564595972113e-43,2.4319524462757527,0.9153361852519085,3.7139447874876725,1.3264829064627195,1.1746138039332923,1.1746138039332923,2.2315363056480164,False,False,False,False,False
0,4,1,1.5,2.0,0.4,0.475,0.02,0.04,2.0704214998652238e-39,1.0237575434884123e-40,1.5528161248989172e-42,7.678181576163089e-44,409,0,3.719622525278778e-40,5.015537989916259e-41,2.7897168939590825e-43,3.761653492437192e-44,55,0,4.368321237211572e-42,1.1760913186409761e-42,1.3429427997331539e-42,9.672210713703805e-43,2.518598833079581e-43,3.6072841850032374e-43,2.8131606615663745,0.8759585916713858,3.467094003211664,1.3749818207712117,2.1718029611065712,2.1718029611065712,2.197506314429463,False,False,False,False,False
0,4,2,1.5,2.0,0.4,0.475,0.04,0.08,4.0826282142819154e-39,1.0165357316599947e-40,6.12394232142287e-42,1.5248035974899916e-43,1613,0,6.695320545501801e-40,4.758157121771401e-41,1.0042980818252697e-42,7.137235682657097e-44,198,0,1.0162884011879602e-41,1.9742908655877093e-42,2.5763684151289053e-42,1.567941886618231e-42,2.7642449481754e-43,6.093993356431594e-43,1.6595329411133812,0.4227285821549752,1.56123158551549,0.6168516853068214,1.7559438860266976,1.7559438860266976,1.033019683753945,False,False,False,False,False
0,4,3,1.5,2.0,0.4,0.475,0.08,0.12,6.894655459208888e-39,1.3210188562973123e-40,1.0341983188813326e-41,1.9815282844459675e-43,2724,0,1.3221567339854568e-39,6.686434006581961e-41,1.983235100978184e-42,1.0029651009872937e-43,391,0,6.132965656684415e-42,1.2939126408508693e-42,1.9861605497982368e-42,2.043591332362674e-42,3.1816473847434844e-43,6.3223560156511995e-43,0.593016401662526,0.19238414487559208,1.0304332206276103,0.32302116520436297,0.16401144460061623,0.16401144460061623,0.4955616566418001,False,False,False,False,False
0,4,4,1.5,2.0,0.4,0.475,0.12,0.16,6.768101577799031e-39,1.3088388170027887e-40,1.0152152366698543e-41,1.963258225504182e-43,2674,0,1.2274754333419968e-39,6.442575198760492e-41,1.8412131500129944e-42,9.663862798140736e-44,363,0,8.212908508426971e-42,1.6903837828942648e-42,2.3447682751868885e-42,2.387294220623077e-42,4.062156031131581e-43,7.551475266559091e-43,0.8089819982772569,0.23149190911868733,1.2965876441878708,0.4157434985975136,0.3307533840187704,0.3307533840187704,0.6136044530560953,False,False,False,False,False
0,4,5,1.5,2.0,0.4,0.475,0.16,0.24,3.954808794057962e-39,7.074577041222057e-41,1.1864426382173878e-41,2.122373112366616e-43,3125,0,7.861929428430146e-40,3.645882471684567e-41,2.358578828529042e-42,1.0937647415053692e-43,465,0,1.6237106723041376e-41,3.0721024120908694e-42,4.0617052731059795e-42,2.6257150102733284e-42,5.1726364333939644e-43,1.0033778377815849e-42,1.368553876944054,0.3432173990558461,1.1132615024408106,0.42853737871920655,1.6189367827068504,1.6189367827068504,0.7992645724653217,False,False,False,False,False
0,4,6,1.5,2.0,0.4,0.475,0.24,0.32,2.394399436274452e-39,5.504730168737611e-41,7.183198308823351e-42,1.6514190506212824e-43,1892,0,5.562526412803263e-40,3.0667200825609027e-41,1.6687579238409778e-42,9.200160247682705e-44,329,0,5.380745957733844e-42,1.8656631984042483e-42,2.38645609901201e-42,1.5055285277566213e-42,4.757656304968969e-43,8.243136813255734e-43,0.7490738423752693,0.33267354876210453,0.9021850960212062,0.496466268284507,0.5989070359148311,0.5989070359148311,0.8193317026276234,False,False,False,False,False
0,4,7,1.5,2.0,0.4,0.475,0.32,0.4,1.902104837590117e-39,4.906309713476011e-41,5.706314512770349e-42,1.471892914042803e-43,1503,0,5.173656785160481e-40,2.9575827288932107e-41,1.5520970355481438e-42,8.87274818667963e-44,306,0,3.100722664586133e-42,1.4607576600754133e-42,1.7438289398129726e-42,9.613311097008157e-43,3.5351348211002094e-43,5.839308197171206e-43,0.543384466041422,0.30591761363646164,0.6193756496424908,0.37788304010623713,0.4688546513557583,0.4688546513557583,0.710305798228227,False,False,False,False,False
0,4,8,1.5,2.0,0.4,0.475,0.4,0.6,1.0367293965095308e-39,2.2908699578978943e-41,7.775470473821473e-42,1.7181524684234194e-43,2048,0,3.0365645706366763e-40,1.433043422320207e-41,2.2774234279775053e-42,1.0747825667401545e-43,449,0,2.778348551726133e-42,2.2037253656738348e-42,2.9190827507296596e-42,1.0547817387903609e-42,5.976201071605061e-43,9.430556449981481e-43,0.35732224321091605,0.3755050314324449,0.46314696065416044,0.4146653037931351,0.25353261648773395,0.25353261648773395,0.8477141871877383,False,False,False,False,False
0,4,9,1.5,2.0,0.4,0.475,0.6,0.799,3.5714904421997196e-40,1.3479722017898894e-41,2.6652247424915398e-42,1.0059242555857048e-43,702,0,1.1894635759228616e-40,8.991499472747107e-42,8.876371935324352e-43,6.709906481537526e-44,175,0,8.64708530977991e-44,3.1557633875021674e-43,3.232063924676384e-43,4.0440025615409577e-44,9.998092162990193e-44,1.4577776346180317e-43,0.032444113143330386,0.12127415164541412,0.0455591833128068,0.16426735339606996,0.019581255861728514,0.019581255861728514,0.28923983839619377,False,False,False,False,False
0,5,0,1.5,2.0,0.475,0.55,0.0,0.02,1.6603869240972923e-39,9.16795309513922e-41,1.2452901930729705e-42,6.87596482135442e-44,328,0,3.17858652160186e-40,4.636444959487775e-41,2.3839398912013976e-43,3.477333719615836e-44,47,0,2.1584488040642922e-42,1.0829132782574129e-42,1.2566338674508013e-42,8.666960127686354e-43,2.865269780183305e-43,3.4577352899651546e-43,1.733289811540187,1.0136374765447893,3.635561517165015,1.5443326306544725,-0.13239974589954828,0.0,2.5150157430089584,False,False,False,False,False
0,5,1,1.5,2.0,0.475,0.55,0.02,0.04,1.6553247688408977e-39,9.153966888528403e-41,1.2414935766306748e-42,6.865475166396309e-44,327,0,3.3138455225210884e-40,4.734065032172984e-41,2.4853841418908188e-43,3.550548774129741e-44,49,0,3.4103978563864364e-42,1.0637819297333848e-42,1.1409576605691865e-42,7.368810392217204e-43,1.8694354537733333e-43,2.1573346947338205e-43,2.747012083334344,0.9314906277798797,2.964857732861849,0.9658335197244924,2.53335577322083,2.53335577322083,2.0740243380673538,False,False,False,False,False
0,5,2,1.5,2.0,0.475,0.55,0.04,0.08,2.3690886599924777e-39,7.743608529957067e-41,3.55363298998872e-42,1.1615412794935612e-43,936,0,4.7002502819431766e-40,3.9867002558693645e-41,7.0503754229147714e-43,5.980050383804052e-44,139,0,8.024427202176835e-42,1.9519002616214134e-42,2.2505443913539448e-42,2.7833370337715757e-42,4.946039977193536e-43,5.585102500903421e-43,2.258091149193858,0.6375944745950847,3.947785567170388,0.8600332394600533,0.6008908546399532,0.6008908546399532,1.5187061187684627,False,False,False,False,False
0,5,3,1.5,2.0,0.475,0.55,0.08,0.12,4.7989231830616864e-39,1.1021092100188532e-40,7.198384774592535e-42,1.6531638150282817e-43,1896,0,8.588946558370985e-40,5.389184378071282e-41,1.2883419837556488e-42,8.083776567106931e-44,254,0,9.499178222886359e-42,1.9131786818062388e-42,2.5925350501096587e-42,2.959749972539948e-42,5.0222161481650234e-43,6.403577277901396e-43,1.3196263495686864,0.36142795876978756,2.297332548235348,0.5175204625433891,0.36072219318407583,0.36072219318407583,0.8775795893919605,False,False,False,False,False
0,5,4,1.5,2.0,0.475,0.55,0.12,0.16,6.808598819850176e-39,1.3127487250914354e-40,1.0212898229775276e-41,1.969123087637156e-43,2690,0,1.2139495332500719e-39,6.406980588267923e-41,1.8209242998751097e-42,9.610470882401897e-44,359,0,1.2809979136444038e-41,2.6735308480023096e-42,3.491829550800813e-42,2.1510394235456e-42,3.60450789335106e-43,4.9535023302221676e-43,1.2542942119110796,0.3427581031497643,1.1812898667413751,0.2790853095878014,1.325894627365982,1.325894627365982,0.7320248994038084,False,False,False,False,False
0,5,5,1.5,2.0,0.475,0.55,0.16,0.24,5.8088231567123254e-39,8.573967091757402e-41,1.7426469470136991e-41,2.5721901275272227e-43,4590,0,1.2325476458764665e-39,4.564991281023949e-41,3.697642937629402e-42,1.3694973843071858e-43,729,0,1.328925108054715e-41,2.8947612034162813e-42,3.830219663204807e-42,2.9387471950974156e-42,5.4595023238010544e-43,8.539904829042149e-43,0.7625899843522741,0.22008124198515094,0.7947622971355578,0.23282362130315065,0.7310363698917459,0.7310363698917459,0.4921149305816192,False,False,False,False,False
0,5,6,1.5,2.0,0.475,0.55,0.24,0.32,3.466310811815917e-39,6.623255146891504e-41,1.039893243544776e-41,1.9869765440674536e-43,2739,0,8.301521181417623e-40,3.746424063537719e-41,2.4904563544252893e-42,1.1239272190613168e-43,491,0,9.424385232774684e-42,2.28130339449958e-42,3.4460366509978816e-42,3.1094916268090256e-42,7.040463707176044e-43,1.168580426948788e-42,0.9062839182076949,0.3318358411943933,1.2485629877768278,0.47259451800875846,0.5705871384379686,0.5705871384379686,0.8042812944195008,False,False,False,False,False
0,5,7,1.5,2.0,0.475,0.55,0.32,0.4,2.2615178607941008e-39,5.349802455803435e-41,6.784553582382309e-42,1.604940736741032e-43,1787,0,5.410360036769124e-40,3.0244832062410053e-41,1.6231080110307388e-42,9.073449618723024e-44,320,0,5.129537151555305e-42,2.1278210011021165e-42,2.5088085857435545e-42,1.8013204457040886e-42,5.393573663491846e-43,1.013002740608003e-42,0.7560611157785467,0.37021468578363775,1.1097970273464288,0.6271888773265355,0.40912781789466246,0.40912781789466246,0.9571443227453623,False,False,False,False,False
0,5,8,1.5,2.0,0.475,0.55,0.4,0.6,1.310085780354815e-39,2.575239332440852e-41,9.82564335266112e-42,1.9314294993306403e-43,2588,0,3.60465237449743e-40,1.5613482616566456e-41,2.7034892808730746e-42,1.1710111962424851e-43,533,0,1.0716708813198792e-41,4.441941565830422e-42,5.23470421036396e-42,6.676599438515892e-43,5.762761958177509e-43,8.501158975146339e-43,1.090687747209585,0.5331906567691371,0.2469623048166748,0.3146332628647412,1.9181877003257086,1.9181877003257086,1.1002858002473965,False,False,False,False,False
0,5,9,1.5,2.0,0.475,0.55,0.6,0.799,4.650060205371138e-40,1.5381032080161063e-41,3.470107428258216e-42,1.1478095189820211e-43,914,0,1.5497011160594971e-40,1.0263146360003075e-41,1.1564644578594013e-42,7.658872971152306e-44,228,0,2.694708837814898e-42,3.577806817260524e-42,3.66638582157681e-42,6.626870688961642e-45,2.4585289728161184e-44,2.59840266079437e-44,0.7765491108059092,1.056874805324384,0.005730284786467092,0.02247170893216308,1.532544497863439,1.532544497863439,2.093541108096076,False,False,False,False,False
0,6,0,1.5,2.0,0.55,0.7,0.0,0.02,7.770408318565082e-40,4.434806270523741e-41,1.1655612477847616e-42,6.652209405785609e-44,307,0,2.130329264477846e-40,2.6839625926150116e-41,3.195493896716767e-43,4.025943888922516e-44,63,0,2.997079472638144e-42,1.4963643804292598e-42,1.6513954535803086e-42,5.780335234584682e-43,2.5133426174508973e-43,3.101100305722614e-43,2.5713616322903006,1.4244044798783244,1.8089019792914418,0.9968610305607374,3.319158599654566,3.319158599654566,2.986012457915027,False,False,False,False,False
0,6,1,1.5,2.0,0.55,0.7,0.02,0.04,8.099448410230706e-40,4.5277293063821146e-41,1.2149172615346053e-42,6.791593959573169e-44,320,0,1.96125551332881e-40,2.5752546538167016e-41,2.9418832699932133e-43,3.86288198072505e-44,58,0,1.0606939962696032e-42,6.479768157930733e-43,7.59428745020051e-43,8.90877966016844e-43,3.83439414530316e-43,4.561599989589766e-43,0.873058626996379,0.6269892202795209,3.028257358487576,1.6007438731198103,-1.2406939750430641,0.0,2.0017849834348,False,False,False,False,False
0,6,2,1.5,2.0,0.55,0.7,0.04,0.08,8.820805534266878e-40,3.3411183419971835e-41,2.646241660280062e-42,1.002335502599155e-43,697,0,2.265588265397074e-40,1.9571701678441747e-41,6.796764796191218e-43,5.871510503532521e-44,134,0,3.154034994164592e-42,1.3996525443919509e-42,1.7935400299494513e-42,1.3374736239530529e-42,3.739824599660976e-43,4.341645149146206e-43,1.1918922755644277,0.6792707249361993,1.9678091916650529,0.6610135412266249,0.4308968386195837,0.4308968386195837,1.4935219051604807,False,False,False,False,False
0,6,3,1.5,2.0,0.55,0.7,0.08,0.12,1.3920926955084027e-39,4.197317403996217e-41,4.1762780865252045e-42,1.2591952211988645e-43,1100,0,2.688272643269663e-40,2.1319388825877126e-41,8.064817929808984e-43,6.395816647763135e-44,159,0,4.540488104947741e-42,1.4960005581729166e-42,1.6076637360961847e-42,1.7716192378216768e-42,3.837133356521489e-43,4.4887890097857274e-43,1.087209235323113,0.38634451099773764,2.1967256461841016,0.583216110526258,-0.0009703214828564732,0.0,0.9554089714068039,False,False,False,False,False
0,6,4,1.5,2.0,0.55,0.7,0.12,0.16,2.1792578378776988e-39,5.251604878285025e-41,6.537773513633092e-42,1.5754814634855072e-43,1722,0,4.8862314082071206e-40,2.874253769533601e-41,1.4658694224621358e-42,8.6227613086008e-44,289,0,5.04169186321076e-42,1.6291511204835438e-42,1.8211850946187522e-42,2.4478477560726637e-42,5.110817141908885e-43,5.952277320235029e-43,0.7711634324280916,0.2791826922336906,1.6698948204821382,0.4177701582036428,-0.11028465970183898,0.0,0.6882505353819541,False,False,False,False,False
0,6,5,1.5,2.0,0.55,0.7,0.16,0.24,3.2600279851178595e-39,4.5418564212302736e-41,1.9560167910707143e-41,2.7251138527381624e-43,5152,0,7.050375422914776e-40,2.4413453460757736e-41,4.230225253748863e-42,1.4648072076454634e-43,834,0,1.5703187533348466e-41,3.2747110853274396e-42,4.207580716083387e-42,4.398739318168973e-42,7.633997759962595e-43,1.0103428130063767e-42,0.8028145568603537,0.2154002258428918,1.0398357189775584,0.24153787623474993,0.5703514940146337,0.5703514940146337,0.4880117030265289,False,False,False,False,False
0,6,6,1.5,2.0,0.55,0.7,0.24,0.32,2.9006149619138708e-39,4.2841806795798096e-41,1.7403689771483218e-41,2.570508407747885e-43,4584,0,7.278624986965972e-40,2.480548759602837e-41,4.3671749921795813e-42,1.4883292557617021e-43,861,0,1.9718612454492416e-41,4.1684876918948834e-42,4.887349151359611e-42,7.773064495564039e-42,1.1163977885337389e-42,1.51996419467509e-42,1.1330133272544487,0.28132075597090694,1.7798839088159912,0.35328922805962454,0.4985825645690898,0.4985825645690898,0.6561751811833993,False,False,False,False,False
0,6,7,1.5,2.0,0.55,0.7,0.32,0.4,1.9071669928465112e-39,3.4738982817685284e-41,1.1443001957079064e-41,2.084338969061116e-43,3014,0,5.461082162113841e-40,2.14863403873446e-41,3.2766492972683035e-42,1.2891804232406757e-43,646,0,1.2258194960963338e-41,4.3115503739603377e-42,4.922148412819066e-42,7.592774661628413e-42,1.4251572152271249e-42,1.9479968837901508e-42,1.0712394358527542,0.4305872003534466,2.317237510879911,0.6014588821087459,-0.15079713773157266,0.0,1.0370154140337506,False,False,False,False,False
0,6,8,1.5,2.0,0.55,0.7,0.4,0.6,9.823112275032929e-40,1.5768024517549474e-41,1.4734668412549383e-41,2.365203677632419e-43,3881,0,2.965553595154081e-40,1.0013962957453044e-41,4.448330392731118e-42,1.5020944436179552e-43,877,0,6.077179025283888e-42,3.8937676078945193e-42,4.555113045361271e-42,2.0106949353427213e-42,1.1067537090436033e-42,1.810625042831096e-42,0.41244084054908287,0.3092134381947164,0.4520111497626923,0.4073208266507473,0.37363149882035057,0.37363149882035057,0.7312474057426612,False,False,False,False,False
0,6,9,1.5,2.0,0.55,0.7,0.6,0.799,3.739381018542442e-40,9.75306349982066e-42,5.581026170174593e-42,1.4556447273482334e-43,1470,0,1.226846716880437e-40,6.45708798358125e-42,1.831068724944052e-42,9.637203815495013e-44,361,0,4.2375378287273296e-42,3.4284984236765055e-42,3.822933378761555e-42,1.955162721017144e-44,5.211242680211637e-44,6.153209077010686e-44,0.7592757495696827,0.6852737442650962,0.01067771348165473,0.03360916707064335,1.4934776695790948,1.4934776695790948,1.3577693289529356,False,False,False,False,False
0,7,0,1.5,2.0,0.7,0.85,0.0,0.02,1.0124310512788373e-41,5.0621552563941865e-42,1.5186465769182564e-44,7.593232884591282e-45,4,0,6.762950045961409e-42,4.782127838325186e-42,1.0144425068942117e-44,7.173191757487781e-45,2,0,2.300877414823973e-44,2.4309801762523343e-44,2.5052248086134815e-44,1.2209994257437513e-44,1.5002607574266742e-44,1.7832236231301142e-44,1.5150841873249232,1.815266453652853,1.2036161906128406,1.9530318978098238,1.8205624148694657,1.8205624148694657,4.074009152984802,False,False,False,False,False
0,7,1,1.5,2.0,0.7,0.85,0.02,0.04,2.5310776281970937e-41,8.003970239799636e-42,3.796616442295641e-44,1.2005955359699457e-44,10,0,0.0,0.0,0.0,0.0,0,0,5.823444273563947e-45,9.730190352983308e-45,1.030161932477719e-44,1.25238603035853e-44,1.966371941772808e-44,2.122009142224155e-44,0.15338510913793482,0.2756381384892185,1.0,0.0,1.0,1.0,0.0,False,False,False,True,True
0,7,2,1.5,2.0,0.7,0.85,0.04,0.08,1.3920926955084014e-41,4.197317403996214e-42,4.176278086525205e-44,1.2591952211988645e-44,11,0,6.762950045961409e-42,3.381475022980705e-42,2.0288850137884236e-44,1.0144425068942117e-44,4,0,8.879424553263309e-43,1.1352892648545309e-42,1.2387558886393405e-42,1.2352968607184585e-44,1.1091549747503045e-44,1.4990888385232406e-44,21.261573988362613,30.346556077495713,0.6088550372856556,0.7991306370714291,41.51712526730348,10.0,60.11463402725965,False,False,False,False,False
0,7,3,1.5,2.0,0.7,0.85,0.08,0.12,1.771754339737966e-41,4.735212652020962e-42,5.315263019213898e-44,1.4205637956062885e-44,14,0,3.381475022980706e-42,2.3910639191625932e-42,1.0144425068942117e-44,7.173191757487781e-45,2,0,1.6132895579049902e-43,1.4137392354687596e-43,1.844436397799976e-43,3.1697902015468997e-44,1.8303543034365808e-44,2.795681564834044e-44,3.0352017427419575,3.5636296230119036,3.124662245523839,3.5322273829113975,2.947461634244343,2.947461634244343,7.863015559834392,False,False,False,False,False
0,7,4,1.5,2.0,0.7,0.85,0.12,0.16,2.910739272426657e-41,6.069310938629605e-42,8.732217817279973e-44,1.8207932815888816e-44,23,0,1.0144425068942112e-41,4.141444192134374e-42,3.043327520682635e-44,1.2424332576403125e-44,6,0,1.3890784116217821e-43,1.8545640236689223e-43,1.8836869075571104e-43,4.880689080039214e-44,5.862528365384556e-44,6.404690457961399e-44,1.5907509875360286,2.182521270226383,1.6037344146726769,2.203994456712989,1.5780172416904699,1.5780172416904699,4.833373588296745,False,False,False,False,False
0,7,5,1.5,2.0,0.7,0.85,0.16,0.24,3.543508679475932e-41,4.735212652020962e-42,2.126105207685559e-43,2.841127591212577e-44,56,0,1.5216637603413174e-41,3.5865958787438905e-42,9.129982562047905e-44,2.1519575272463345e-44,18,0,5.689152514884579e-43,2.8496137230806586e-43,4.723712467789464e-43,1.248719151229868e-43,8.995681691745206e-44,1.0263955173202277e-43,2.675856535377048,2.2503585953547884,1.3677125260026493,1.1695114515573988,3.9588439291865543,3.9588439291865543,4.602655500983776,False,False,False,False,False
0,7,6,1.5,2.0,0.7,0.85,0.24,0.32,6.454247951902586e-41,6.390657751338579e-42,3.8725487711415545e-43,3.834394650803149e-44,102,0,2.367032516086493e-41,4.4732709876916825e-42,1.4202195096518964e-43,2.6839625926150107e-44,28,0,9.258487156832152e-43,1.3625819560136004e-42,1.4766939671895168e-42,1.791566991157747e-43,1.4234165721178878e-43,1.565775914386448e-43,2.3907993685778486,3.820576120710033,1.2614718914802612,1.1279688865402366,3.498409009577406,3.498409009577406,7.648112452097914,False,False,False,False,False
0,7,7,1.5,2.0,0.7,0.85,0.32,0.4,7.34012512177157e-41,6.815135083746229e-42,4.404075073062944e-43,4.0890810502477387e-44,116,0,2.0288850137884227e-41,4.141444192134374e-42,1.217331008273054e-43,2.484866515280625e-44,24,0,5.538681610982012e-43,1.3051620174003702e-42,1.499007880717978e-42,5.285722958348611e-44,5.354166183595118e-44,6.489742636937151e-44,1.2576265206873443,3.4056861036600483,0.4342058916125954,0.5404298780889681,2.065212137664502,2.065212137664502,6.766669232122285,False,False,False,False,False
0,7,8,1.5,2.0,0.7,0.85,0.4,0.6,3.568819455757902e-41,3.0054881606060864e-42,5.353229183636854e-43,4.508232240909129e-44,141,0,1.0482572571240187e-41,1.8827256126751806e-42,1.572385885686028e-43,2.82408841901277e-44,31,0,3.9049469814670525e-42,3.208195224298871e-42,3.579874678937355e-42,1.5098623869905191e-43,2.516504200716083e-43,2.753891489605182e-43,7.294563426133992,6.715475027612316,0.9602365429092935,1.759880315406321,13.50707633083514,10.0,13.41332370592159,False,False,False,False,False
0,7,9,1.5,2.0,0.7,0.85,0.6,0.799,8.648908478261423e-42,1.483275567048883e-42,1.2908495903805181e-43,2.2137887838204591e-44,34,0,3.3984673597796015e-42,1.0746897410642449e-42,5.07221253447106e-44,1.6039744385383862e-44,10,0,2.303160382804621e-44,5.026082433815131e-44,8.125700388831208e-44,1.064260745640384e-43,2.0356325958971294e-43,2.3142151871899588e-43,0.17842205629283986,0.6302279482371207,2.0982179638719876,4.610529889805941,-1.7044546992174783,0.0,4.6910141638867255,False,False,False,False,False
0,8,0,1.5,2.0,0.85,1.0,0.0,0.02,0.0,0.0,0.0,0.0,0,0,0.0,0.0,0.0,0.0,0,0,0.0,0.0,0.0,0.0,0.0,0.0,1.0,0.0,1.0,0.0,1.0,1.0,0.0,True,True,False,False,True
0,8,1,1.5,2.0,0.85,1.0,0.02,0.04,0.0,0.0,0.0,0.0,0,0,0.0,0.0,0.0,0.0,0,0,0.0,0.0,0.0,0.0,0.0,0.0,1.0,0.0,1.0,0.0,1.0,1.0,0.0,True,True,False,False,True
0,8,2,1.5,2.0,0.85,1.0,0.04,0.08,0.0,0.0,0.0,0.0,0,0,0.0,0.0,0.0,0.0,0,0,0.0,0.0,0.0,0.0,0.0,0.0,1.0,0.0,1.0,0.0,1.0,1.0,0.0,True,True,False,False,True
0,8,3,1.5,2.0,0.85,1.0,0.08,0.12,0.0,0.0,0.0,0.0,0,0,0.0,0.0,0.0,0.0,0,0,0.0,0.0,0.0,0.0,0.0,0.0,1.0,0.0,1.0,0.0,1.0,1.0,0.0,True,True,False,False,True
0,8,4,1.5,2.0,0.85,1.0,0.12,0.16,0.0,0.0,0.0,0.0,0,0,0.0,0.0,0.0,0.0,0,0,0.0,0.0,0.0,0.0,0.0,0.0,1.0,0.0,1.0,0.0,1.0,1.0,0.0,True,True,False,False,True
0,8,5,1.5,2.0,0.85,1.0,0.16,0.24,0.0,0.0,0.0,0.0,0,0,0.0,0.0,0.0,0.0,0,0,0.0,0.0,0.0,0.0,0.0,0.0,1.0,0.0,1.0,0.0,1.0,1.0,0.0,True,True,False,False,True
0,8,6,1.5,2.0,0.85,1.0,0.24,0.32,0.0,0.0,0.0,0.0,0,0,0.0,0.0,0.0,0.0,0,0,0.0,0.0,0.0,0.0,0.0,0.0,1.0,0.0,1.0,0.0,1.0,1.0,0.0,True,True,False,False,True
0,8,7,1.5,2.0,0.85,1.0,0.32,0.4,0.0,0.0,0.0,0.0,0,0,0.0,0.0,0.0,0.0,0,0,0.0,0.0,0.0,0.0,0.0,0.0,1.0,0.0,1.0,0.0,1.0,1.0,0.0,True,True,False,False,True
0,8,8,1.5,2.0,0.85,1.0,0.4,0.6,0.0,0.0,0.0,0.0,0,0,0.0,0.0,0.0,0.0,0,0,0.0,0.0,0.0,0.0,0.0,0.0,1.0,0.0,1.0,0.0,1.0,1.0,0.0,True,True,False,False,True
0,8,9,1.5,2.0,0.85,1.0,0.6,0.799,0.0,0.0,0.0,0.0,0,0,0.0,0.0,0.0,0.0,0,0,0.0,0.0,0.0,0.0,0.0,0.0,1.0,0.0,1.0,0.0,1.0,1.0,0.0,True,True,False,False,True
1,0,0,2.0,2.5,0.0,0.15,0.0,0.02,1.1693578642270574e-39,5.440345144842779e-41,1.7540367963405866e-42,8.160517717264169e-44,462,0,3.21240127183167e-40,3.29585416311011e-41,4.818601907747506e-43,4.943781244665165e-44,95,0,3.205909621050122e-42,6.526490230886309e-43,7.991257629328981e-43,9.432268267869527e-43,1.5129125979138212e-43,1.9513910800030617e-43,1.8277322503943758,0.46345997162595476,1.9574699152266588,0.4520338231631719,1.7004895406550213,1.7004895406550213,1.019454970260813,False,False,False,False,False
1,0,1,2.0,2.5,0.0,0.15,0.02,0.04,1.6097653715333518e-39,6.38313490264341e-41,2.414648057300028e-42,9.574702353965115e-44,636,0,3.280030772291284e-40,3.330366666166219e-41,4.9200461584369275e-43,4.995549999249328e-44,97,0,6.59223530845042e-43,2.7588116392982263e-43,3.116824375142534e-43,4.3063047605614775e-43,9.137768752919918e-44,1.2156154741258296e-43,0.2730101924593358,0.1295330206278512,0.8752569837534955,0.26257044512254857,-0.3176549297714747,0.0,0.36352140804933647,False,False,False,False,False
1,0,2,2.0,2.5,0.0,0.15,0.04,0.08,9.061257908945596e-40,3.3863510728109817e-41,2.7183773726836788e-42,1.0159053218432948e-43,716,0,2.5868283925802394e-40,2.0913268035206036e-41,7.760485177740719e-43,6.273980410561812e-44,153,0,9.640912558684804e-43,4.33594281233708e-43,4.769658373201627e-43,6.480489261656098e-43,1.492865158831886e-43,1.7565211109708408e-43,0.35465688669880857,0.17595965261594657,0.8350623850482939,0.23619537450879166,-0.11651004437472512,0.0,0.4184974975658573,False,False,False,False,False
1,0,3,2.0,2.5,0.0,0.15,0.08,0.12,3.885204159282539e-40,2.2174031352618691e-41,1.1655612477847616e-42,6.652209405785609e-44,307,0,1.1158867575836329e-40,1.3735616475506262e-41,3.347660272750899e-43,4.120684942651878e-44,66,0,8.207572556562894e-43,4.71158134772866e-43,5.519183227287498e-43,7.516590755788657e-43,1.3912793484281791e-43,1.8145289967326683e-43,0.7041734247910193,0.4752239480809214,2.2453266291600102,0.6084255824912196,-0.8073422179554912,0.0,1.1145148802713478,False,False,False,False,False
1,0,4,2.0,2.5,0.0,0.15,0.12,0.16,3.594130232039873e-40,2.132723918272469e-41,1.0782390696119619e-42,6.398171754817411e-44,284,0,9.637203815495007e-41,1.2764788285253834e-41,2.8911611446485033e-43,3.8294364855761523e-44,57,0,5.930790180655155e-43,4.0543015238123155e-43,4.8522762712316026e-43,7.20026437408231e-43,1.4412434343161496e-43,1.7021983751568908e-43,0.5500440809281318,0.4512006693773607,2.490440350379602,0.6748702258150022,-1.3530368756492717,0.0,1.1121350028713597,False,False,False,False,False
1,0,5,2.0,2.5,0.0,0.15,0.16,0.24,4.201588862807176e-40,1.6305327023348316e-41,2.5209533176843054e-42,9.783196214008988e-44,664,0,1.0567109446814704e-40,9.451510019503154e-42,6.340265668088823e-43,5.670906011701892e-44,125,0,6.4676435331983195e-43,4.8731566202982855e-43,5.2507333362068294e-43,7.201089893834663e-43,1.7237643601811953e-43,2.2024416438108205e-43,0.2565554660543798,0.2085214672867234,1.1357710024799832,0.36192306439011884,-0.6057520792861159,0.0,0.5446052854848907,False,False,False,False,False
1,0,6,2.0,2.5,0.0,0.15,0.24,0.32,4.404075073062943e-40,1.6693603483318164e-41,2.6424450438377665e-42,1.00161620899909e-43,696,0,1.166608882928343e-40,9.930834304339206e-42,6.9996532975700614e-43,5.958500582603524e-44,138,0,1.7941631030808112e-43,2.311469118072697e-43,2.4958888783320277e-43,3.465466319199909e-43,1.2023625397519263e-43,1.4169523815363597e-43,0.06789783981562207,0.09448882359836977,0.49509113835723123,0.20677240868073596,-0.35108020298480236,0.0,0.2759624926064609,False,False,False,False,False
1,0,7,2.0,2.5,0.0,0.15,0.32,0.4,2.398196052716746e-40,1.231870567172332e-41,1.438917631630048e-42,7.391223403033994e-44,379,0,7.77739255285562e-41,8.108492255252733e-42,4.6664355317133735e-43,4.865095353151641e-44,92,0,2.167535658724336e-44,4.499400861013393e-44,4.828681897989431e-44,1.5648783393054164e-43,7.676662471177231e-44,8.501741328135844e-44,0.015063653478683756,0.03356665618659688,0.3353476821163413,0.18551353875165494,-0.2990610669159419,0.0,0.19371361276292268,False,False,False,False,False
1,0,8,2.0,2.5,0.0,0.15,0.4,0.6,1.0098999736506408e-40,5.055823602563654e-42,1.5148499604759608e-42,7.583735403845478e-44,399,0,3.5167340238999345e-41,3.448441425381047e-42,5.275101035849902e-43,5.172662138071569e-44,104,0,5.0430596394114966e-45,1.9543706403453918e-44,2.024376858559494e-44,2.7000475739918534e-43,1.3671500382451617e-43,1.4985778398853024e-43,0.003329081936158868,0.013364586180819317,0.5118475562159225,0.2884848071112787,-0.4954101909151478,0.0,0.28417271849031195,False,False,False,False,False
1,0,9,2.0,2.5,0.0,0.15,0.6,0.799,3.81569491688004e-41,3.115501853495857e-42,5.694924663443461e-43,4.649886516342568e-44,150,0,1.9711110686721692e-41,2.588195631976582e-42,2.9418832699932137e-43,3.86288198072505e-44,58,0,5.119109079406167e-47,4.33267270257262e-46,4.5233221201251084e-46,1.7103590356045521e-43,1.1128067770425504e-43,1.4623600307314222e-43,8.988896924776658e-05,0.0007943064211835525,0.5813823590656938,0.502910672810299,-0.5700238797791898,0.0,0.4932418230324527,False,False,False,False,False
1,1,0,2.0,2.5,0.15,0.25,0.0,0.02,2.6993942904722007e-39,1.0123519520130203e-40,2.699394290472201e-42,1.0123519520130203e-43,711,0,7.202541798948902e-40,6.044238810030618e-41,7.202541798948902e-43,6.044238810030619e-44,142,0,9.474705111961999e-42,1.1710276554628969e-42,1.730756150778878e-42,2.883890239492808e-42,2.7384824111563155e-43,3.898857157331839e-43,3.5099374498212352,0.6545374838048924,4.00398959144349,0.6371223226522571,3.025386310922485,3.025386310922485,1.4392160565956784,False,False,False,False,False
1,1,1,2.0,2.5,0.15,0.25,0.02,0.04,5.717704362097236e-39,1.4733611367659954e-40,5.717704362097236e-42,1.4733611367659956e-43,1506,0,1.4252917221863674e-39,8.50257757303721e-41,1.4252917221863674e-42,8.50257757303721e-44,281,0,4.661753607425914e-42,8.014843486667177e-43,1.141765937734384e-42,1.933883916737141e-42,2.103416950822891e-43,2.967649568829758e-43,0.8153191057461385,0.20079174068933622,1.3568337531425525,0.22339303732963162,0.28421820156888633,0.28421820156888633,0.45407749696027205,False,False,False,False,False
1,1,2,2.0,2.5,0.15,0.25,0.04,0.08,4.8349910392634984e-39,9.580346151893436e-41,9.669982078526998e-42,1.916069230378688e-43,2547,0,1.3263835777641818e-39,5.799870433316613e-41,2.6527671555283642e-42,1.1599740866633228e-43,523,0,6.959221450018826e-42,1.1044781544583756e-42,1.4640230899725844e-42,3.0122262122950604e-42,2.940725472621537e-43,5.2330236295631786e-43,0.7196726316041845,0.1520688219436477,1.1355034330915865,0.20341937759326906,0.3118385762992324,0.3118385762992324,0.36129302127557433,False,False,False,False,False
1,1,3,2.0,2.5,0.15,0.25,0.08,0.12,2.2551901667236115e-39,6.542970299293093e-41,4.510380333447222e-42,1.3085940598586185e-43,1188,0,6.619237357484733e-40,4.0972050652410076e-41,1.3238474714969465e-42,8.194410130482014e-44,261,0,3.114440640411805e-42,8.160745270869062e-43,1.0372867760674962e-42,1.561014513181405e-42,2.040419043033268e-43,3.5170500416488386e-43,0.690505103819367,0.23084859729834697,1.1791498241230773,0.2755124436543714,0.21125739736765126,0.21125739736765126,0.5311312163177799,False,False,False,False,False
1,1,4,2.0,2.5,0.15,0.25,0.12,0.16,1.0269847476409709e-39,4.4153522956161417e-41,2.053969495281942e-42,8.830704591232286e-44,541,0,3.0433275206826342e-40,2.7781652215902476e-41,6.08665504136527e-43,5.556330443180497e-44,120,0,2.2939944565365045e-42,6.637496813205544e-43,8.57520004675555e-43,1.3458682183002072e-42,2.1303138999147667e-43,2.9255799274715522e-43,1.1168590681633348,0.42024629509297134,2.21117873307031,0.5213188016525637,0.0435840121968778,0.0435840121968778,0.9768976094564159,False,False,False,False,False
1,1,5,2.0,2.5,0.15,0.25,0.16,0.24,1.208273182760588e-39,3.3864988677296705e-41,4.833092731042351e-42,1.3545995470918682e-43,1273,0,3.550548774129742e-40,2.1218587368385136e-41,1.4202195096518964e-42,8.487434947354053e-44,280,0,5.173674347134261e-42,1.2147071911187557e-42,1.4770351426824528e-42,1.9705174779965606e-42,3.2237101591871493e-43,4.308376931187102e-43,1.0704686698652393,0.30707789170579347,1.387473883160178,0.3144877536922427,0.7595597106721261,0.7595597106721261,0.6819851731833736,False,False,False,False,False
1,1,6,2.0,2.5,0.15,0.25,0.24,0.32,1.203527412207718e-39,3.379841698194364e-41,4.814109648830873e-42,1.3519366792777457e-43,1268,0,3.626631962146806e-40,2.1444724349076158e-41,1.4506527848587228e-42,8.577889739630465e-44,286,0,3.032808288715376e-42,8.75078457575453e-43,1.0488628772669229e-42,9.172977293919041e-43,1.917297967831504e-43,2.4514905682969273e-43,0.6299832180706367,0.21858978052108402,0.6323344489916921,0.17307929262748642,0.6276772031288324,0.6276772031288324,0.46506288729691175,False,False,False,False,False
1,1,7,2.0,2.5,0.15,0.25,0.32,0.4,8.475946207425016e-40,2.8363672512177956e-41,3.3903784829700075e-42,1.1345469004871189e-43,893,0,2.967244332665568e-40,1.9397483017768375e-41,1.1868977330662277e-42,7.758993207107354e-44,234,0,8.918536699614849e-43,4.737926126730459e-43,5.47198210788875e-43,6.0204826487210065e-43,1.6742201927637861e-43,2.062171040537548e-43,0.26305430925818396,0.16163725982189184,0.5072452732020738,0.17688063364464232,0.023559325390138164,0.023559325390138164,0.36414465634301435,False,False,False,False,False
1,1,8,2.0,2.5,0.15,0.25,0.4,0.6,3.041089770278809e-40,1.0745162364681885e-41,3.041089770278809e-42,1.0745162364681885e-43,801,0,1.0905256949112775e-40,7.43732350976596e-42,1.0905256949112777e-42,7.437323509765958e-44,215,0,1.9349478138275978e-42,1.0327124571910237e-42,1.1785215896115294e-42,6.337964408056394e-43,2.3785597713153245e-43,2.5997571766830785e-43,0.636267903939646,0.3881841987711717,0.5811843258376442,0.24166744843516974,0.6902921824627631,0.6902921824627631,0.8046059841920761,False,False,False,False,False
1,1,9,2.0,2.5,0.15,0.25,0.6,0.799,1.369834475159934e-40,7.229709844685883e-42,1.3629853027841353e-42,7.193561295462456e-44,359,0,5.097701039669403e-41,5.097701039669404e-42,5.0722125344710584e-43,5.07221253447106e-44,100,0,2.27691943373121e-42,1.3281554042643745e-42,1.5801209456946706e-42,2.7366193512315974e-43,1.4284963030421858e-43,1.7137419884792404e-43,1.6705385077008568,1.1626566910555778,0.5395316802348816,0.3421494126001731,2.7797952038694094,2.7797952038694094,2.3272745551601752,False,False,False,False,False
1,2,0,2.0,2.5,0.25,0.325,0.0,0.02,2.4450209888383924e-39,1.112523071699746e-40,1.8337657416287946e-42,8.343923037748095e-44,483,0,6.154284541824883e-40,6.451443166067123e-41,4.615713406368664e-43,4.838582374550344e-44,91,0,6.799279434329459e-42,1.1218994639650963e-42,1.519971989214505e-42,2.4400103127195728e-42,2.7516813913539092e-43,4.064213385627471e-43,3.707823349502743,0.8458758451411534,5.286312424321878,1.0403840190422282,2.1596898338147454,2.1596898338147454,1.9617385014880244,False,False,False,False,False
1,2,1,2.0,2.5,0.25,0.325,0.02,0.04,5.4013196585725975e-39,1.6535512904385075e-40,4.050989743929449e-42,1.2401634678288811e-43,1067,0,1.4472713098357418e-39,9.893342999902643e-41,1.0854534823768065e-42,7.420007249926983e-44,214,0,5.099759022777957e-42,8.522437817979515e-43,1.2599228594941254e-42,2.2046589565382424e-42,2.4043885686342443e-43,3.1908571724330483e-43,1.258892109124721,0.3133947713072546,2.0310948302553906,0.3251045187522441,0.5015394403234874,0.5015394403234874,0.6978633655706932,False,False,False,False,False
1,2,2,2.0,2.5,0.25,0.325,0.04,0.08,7.793188017218852e-39,1.40446302346186e-40,1.168978202582828e-41,2.1066945351927906e-43,3079,0,2.1066589393169797e-39,8.440150819291909e-41,3.1599884089754695e-42,1.2660226228937868e-43,623,0,9.180666038257534e-42,1.2266654331110958e-42,1.81806131318413e-42,3.8661819490001676e-42,3.2845427860040643e-43,5.900808911812382e-43,0.7853581887132782,0.1561683650520671,1.2234797880963304,0.1930615116693684,0.35566200470297704,0.35566200470297704,0.36268467551345224,False,False,False,False,False
1,2,3,2.0,2.5,0.25,0.325,0.08,0.12,5.41650612434178e-39,1.1708799030777675e-40,8.124759186512672e-42,1.7563198546166517e-43,2140,0,1.5318081854102596e-39,7.197062677900055e-41,2.2977122781153893e-42,1.0795594016850085e-43,453,0,5.495387509806517e-42,9.344092266349908e-43,1.5266194730701378e-42,1.957623038579369e-42,2.4064371791571297e-43,3.88841495299872e-43,0.6763754326317776,0.18846520601975014,0.8519878912711536,0.17389977677668128,0.5041401366585434,0.5041401366585434,0.4104224969042758,False,False,False,False,False
1,2,4,2.0,2.5,0.25,0.325,0.12,0.16,2.7791232357604083e-39,8.38699984978889e-41,4.168684853640614e-42,1.2580499774683338e-43,1098,0,8.216984305843112e-40,5.271197889894945e-41,1.2325476458764673e-42,7.906796834842422e-44,243,0,3.681889318349768e-42,7.589880321863249e-43,1.2059343608755526e-42,1.3513454666753268e-42,1.870811829207651e-43,2.8394950581038993e-43,0.8832256329317589,0.29050949841221163,1.0963839582155723,0.24087316600696482,0.6741665062110958,0.6741665062110958,0.6220386717485987,False,False,False,False,False
1,2,5,2.0,2.5,0.25,0.325,0.16,0.24,1.70721186021894e-39,4.648164017110897e-41,5.12163558065682e-42,1.3944492051332693e-43,1349,0,5.308915786079708e-40,2.9959945034776436e-41,1.5926747358239124e-42,8.987983510432933e-44,314,0,5.776316435377871e-42,1.3750806959494049e-42,1.8634760318635746e-42,3.056746682770672e-42,3.829113482185668e-43,6.549475502041334e-43,1.127826520339249,0.3651374024281514,1.9192535763991854,0.4252492687794601,0.35161921535738827,0.35161921535738827,0.8348912231411476,False,False,False,False,False
1,2,6,2.0,2.5,0.25,0.325,0.24,0.32,1.8135171206032167e-39,4.790695467419742e-41,5.440551361809653e-42,1.4372086402259233e-43,1433,0,5.6639706634926795e-40,3.0945577494608126e-41,1.699191199047805e-42,9.283673248382445e-44,335,0,3.0306083131987565e-42,8.897187782647445e-43,1.071950704891475e-42,1.6586240550493968e-42,2.7569592207800404e-43,4.623463520834339e-43,0.5570406585024328,0.19757852567591355,0.9761256155156987,0.2772751486563469,0.14601502758557594,0.14601502758557594,0.4765643968784489,False,False,False,False,False
1,2,7,2.0,2.5,0.25,0.325,0.32,0.4,1.4047480836493869e-39,4.2163529547333324e-41,4.2142442509481616e-42,1.2649058864200004e-43,1110,0,4.311380654300398e-40,2.699891293837495e-41,1.2934141962901198e-42,8.099673881512487e-44,255,0,1.2131029374919676e-42,5.8366161455809474e-43,7.044821507442182e-43,1.1908322632015396e-42,2.5965745230129482e-43,3.173473490837516e-43,0.287857766483049,0.16739003335269964,0.9206890311063429,0.252039508349205,-0.3328036661282585,0.0,0.4135660695858883,False,False,False,False,False
1,2,8,2.0,2.5,0.25,0.325,0.4,0.6,5.694924663443461e-40,1.6978984898932923e-41,4.271193497582596e-42,1.2734238674199693e-43,1125,0,2.137092214523806e-40,1.2022082968619684e-41,1.6028191608928544e-42,9.016562226464764e-44,316,0,6.228969876100881e-43,5.2189756991221224e-43,5.7336658481522535e-43,1.0102629638657175e-42,3.3475684025050264e-43,4.214336126070307e-43,0.14583675217773076,0.13431076455806165,0.6303037725746603,0.26531272687061225,-0.3293135947500271,0.0,0.3721371891974267,False,False,False,False,False
1,2,9,2.0,2.5,0.25,0.325,0.6,0.799,2.024862102557674e-40,1.0149716601700327e-41,1.511053344033665e-42,7.574226014018874e-44,398,0,7.680536233101899e-41,7.225240714855301e-42,5.731600163952297e-43,5.391835883460772e-44,113,0,5.458916603776277e-43,6.980099212651029e-43,7.272046798747217e-43,1.0920836224491284e-43,1.0854978048260821e-43,1.2954204746578782e-43,0.3612656446134477,0.4815973613143831,0.19053730044143002,0.22672339058369673,0.528710751397542,0.528710751397542,0.9795070521146015,False,False,False,False,False
1,3,0,2.0,2.5,0.325,0.4,0.0,0.02,2.207099691787865e-39,1.0570090494489595e-40,1.6553247688408994e-42,7.927567870867199e-44,436,0,6.695320545501796e-40,6.729050333511241e-41,5.021490409126348e-43,5.046787750133432e-44,99,0,8.338517612347894e-42,1.3202253643519377e-42,1.7285333851378908e-42,2.5311658120931868e-42,2.896958135909972e-43,4.6451788156593695e-43,5.037390709852506,1.071731525017014,5.040666427427401,1.0546967690285836,5.034177986846359,5.034177986846359,2.361464956696381,False,False,False,False,False
1,3,1,2.0,2.5,0.325,0.4,0.02,0.04,3.568819455757902e-39,1.3440951665372026e-40,2.676614591818427e-42,1.008071374902902e-43,705,0,9.265241562967131e-40,7.91583007991658e-41,6.94893117222535e-43,5.936872559937436e-44,137,0,5.585105164902119e-42,9.054571713736636e-43,1.2005157578573217e-42,2.198486516053182e-42,2.248565618467333e-43,3.332737796246142e-43,2.0866303209935557,0.45535294959250155,3.1637765025511557,0.5505290798673632,1.0301984890812945,1.0301984890812945,1.0512133675907023,False,False,False,False,False
1,3,2,2.0,2.5,0.325,0.4,0.04,0.08,7.603357195104068e-39,1.3872522227669815e-40,1.1405035792656103e-41,2.080878334150473e-43,3004,0,2.130329264477844e-39,8.48743494735405e-41,3.195493896716767e-42,1.2731152421031078e-43,630,0,1.288536817006269e-41,1.5629685509338058e-42,2.2810929475034926e-42,5.0704958721472315e-42,4.108706129591639e-43,6.674556536494279e-43,1.129796381556277,0.2010669596682818,1.5867643738443529,0.2182312935032312,0.6816162352737409,0.6816162352737409,0.452136686697205,False,False,False,False,False
1,3,3,2.0,2.5,0.325,0.4,0.08,0.12,8.565166693818965e-39,1.4723824842921776e-40,1.284775004072845e-41,2.2085737264382667e-43,3384,0,2.3873213662243784e-39,8.984802486263071e-41,3.580982049336568e-42,1.3477203729394608e-43,706,0,1.040906371979938e-41,1.2264534892962437e-42,2.1719095524941917e-42,4.055882511282257e-42,3.5743134474608466e-43,6.469347269524077e-43,0.8101857279914204,0.16962254034582808,1.1326173813224425,0.18561926131499681,0.4939546833783026,0.4939546833783026,0.38213443724547125,False,False,False,False,False
1,3,4,2.0,2.5,0.325,0.4,0.12,0.16,5.30260763107291e-39,1.1585038431578823e-40,7.953911446609368e-42,1.7377557647368242e-43,2095,0,1.6467783361916032e-39,7.462264945857676e-41,2.4701675042874056e-42,1.119339741878652e-43,487,0,7.678910240180005e-42,1.1305558199739166e-42,1.726250704165355e-42,2.9793818945451376e-42,2.947747871840204e-43,5.217921408591242e-43,0.9654256640553132,0.21805420862716116,1.2061456922957257,0.2181938296153143,0.7293348671272162,0.7293348671272162,0.48202249034569744,False,False,False,False,False
1,3,5,2.0,2.5,0.325,0.4,0.16,0.24,2.6854733635171167e-39,5.829726216349003e-41,8.056420090551349e-42,1.7489178649047013e-43,2122,0,8.23389168095802e-40,3.73113247292884e-41,2.470167504287406e-42,1.119339741878652e-43,487,0,7.74307937290429e-42,1.580667866081315e-42,2.3345255149214904e-42,3.3577176448609774e-42,4.187479739624099e-43,7.878961762528064e-43,0.9611067056924516,0.2905222210324445,1.359307674088123,0.32485773036243987,0.5705634482274662,0.5705634482274662,0.6577719485113808,False,False,False,False,False
1,3,6,2.0,2.5,0.325,0.4,0.24,0.32,2.169133527364909e-39,5.239391827152063e-41,6.507400582094729e-42,1.5718175481456198e-43,1714,0,7.337800799868129e-40,3.52225709796729e-41,2.2013402399604397e-42,1.0566771293901874e-43,434,0,6.193804336740583e-42,1.2869373200932145e-42,1.6473765558576793e-42,1.770942081119065e-42,3.0130298194195783e-43,5.3515538595188496e-43,0.9518092913755742,0.2541961099618331,0.8044835818523404,0.24615229946371925,1.0963018141772074,1.0963018141772074,0.5583896946946784,False,False,False,False,False
1,3,7,2.0,2.5,0.325,0.4,0.32,0.4,1.9236189974297907e-39,4.933978622556782e-41,5.770856992289374e-42,1.4801935867670357e-43,1520,0,6.407895168548435e-40,3.2915146560759277e-41,1.922368550564531e-42,9.874543968227783e-44,379,0,3.116985218157046e-42,1.0671593878553829e-42,1.3689878046217909e-42,1.1465799648184446e-42,2.6103773936159507e-43,3.448179752369857e-43,0.5401251880477629,0.23762854156250515,0.5964412830628836,0.1819690628318384,0.48489209485985596,0.48489209485985596,0.5033864881023835,False,False,False,False,False
1,3,8,2.0,2.5,0.325,0.4,0.4,0.6,8.646161177921273e-40,2.0920853293889696e-41,6.484620883440955e-42,1.5690639970417272e-43,1708,0,2.7930983689820627e-40,1.3743938570468796e-41,2.094823776736547e-42,1.0307953927851597e-43,413,0,1.3943338812074708e-42,1.0742383771108208e-42,1.2258090680346394e-42,1.0310918920506105e-42,3.260756198794139e-43,4.112911467842344e-43,0.2150216498805696,0.1891048522287647,0.49220937030651457,0.19782511836753006,-0.05683553746026104,0.0,0.4218400803732277,False,False,False,False,False
1,3,9,2.0,2.5,0.325,0.4,0.6,0.799,2.772738306266162e-40,1.1877105966835728e-41,2.0691559610511244e-42,8.863290327751168e-44,545,0,1.0875095551294727e-40,8.597517928513959e-42,8.115540055153694e-43,6.415897754153545e-44,160,0,2.4563689564583803e-44,7.477901631498301e-44,7.681774871394649e-44,5.620328742139382e-43,3.0279109119087517e-43,3.6032316195039e-43,0.011871357223408877,0.0371286437092706,0.6925390921544706,0.44735456456995437,-0.6557066135743632,0.0,0.4448725356088978,False,False,False,False,False
1,4,0,2.0,2.5,0.4,0.475,0.0,0.02,1.9590540842245517e-39,9.958431568283142e-41,1.4692905631684132e-42,7.468823676212354e-44,387,0,6.492432044122958e-40,6.626310707415002e-41,4.869324033092216e-43,4.96973303056125e-44,96,0,4.271835731654108e-42,9.679842730098393e-43,1.226667511010363e-42,2.3555022115294157e-42,3.1138085359728944e-43,4.2246205322692114e-43,2.907413849063469,0.8478510825320416,4.8374316342910895,0.9982413221018354,1.0145117904748409,1.0145117904748409,1.9439401481274434,False,False,False,False,False
1,4,1,2.0,2.5,0.4,0.475,0.02,0.04,2.5563884044790657e-39,1.137577909381105e-40,1.9172913033592986e-42,8.531834320358285e-44,505,0,7.033468047799871e-40,6.896882850762095e-41,5.275101035849902e-43,5.172662138071568e-44,104,0,4.0848192874854463e-42,8.790808408940068e-43,1.1129815882442304e-42,1.693060916686985e-42,2.208763766311621e-43,2.7435794662650183e-43,2.1305157334873464,0.5881878272611639,3.209532680380607,0.6079086558489285,1.072249112495879,1.072249112495879,1.3087593241143705,False,False,False,False,False
1,4,2,2.0,2.5,0.4,0.475,0.04,0.08,5.1178389642145264e-39,1.1381409274355608e-40,7.676758446321786e-42,1.7072113911533402e-43,2022,0,1.4472713098357428e-39,6.995649923835623e-41,2.170906964753613e-42,1.049347488575343e-43,428,0,1.0592691247833589e-41,1.3014672132274593e-42,1.8646347822339705e-42,4.5359377516164345e-42,3.845664791000878e-43,5.973770254299217e-43,1.3798390716473479,0.24482417344890214,2.0894206086492706,0.2931226386166169,0.6839033334339235,0.6839033334339235,0.5637508271086555,False,False,False,False,False
1,4,3,2.0,2.5,0.4,0.475,0.08,0.12,9.033416055035433e-39,1.5120938225882892e-40,1.3550124082553142e-41,2.268140733882433e-43,3569,0,2.6071172427181254e-39,9.38930340240088e-41,3.910675864077186e-42,1.408395510360131e-43,771,0,1.4015147758442372e-41,1.442553529018824e-42,2.4180941155700545e-42,5.195309035706949e-42,3.986088880696102e-43,6.006101087471148e-43,1.034318776201318,0.179293380295183,1.3284939013816481,0.16086200517186272,0.7458008649667633,0.7458008649667633,0.3886058108797045,False,False,False,False,False
1,4,4,2.0,2.5,0.4,0.475,0.12,0.16,7.919741898628711e-39,1.415820664516319e-40,1.1879612847943058e-41,2.1237309967744782e-43,3129,0,2.2926400655809194e-39,8.804831127538294e-41,3.4389600983713775e-42,1.3207246691307437e-43,678,0,1.2450004830389356e-41,1.5888338340676077e-42,2.2411699400319458e-42,4.678151276645191e-42,3.955952354964017e-43,7.101739048361485e-43,1.048014357853847,0.1895848411244331,1.3603389230542888,0.21301425674569752,0.7416960342918755,0.7416960342918755,0.4297264228422491,False,False,False,False,False
1,4,5,2.0,2.5,0.4,0.475,0.16,0.24,4.6673071463954445e-39,7.685478743112213e-41,1.4001921439186324e-41,2.3056436229336626e-43,3688,0,1.3728788593301674e-39,4.817860299138615e-41,4.1186365779904994e-42,1.4453580897415838e-43,812,0,1.394995155612629e-41,1.9224887610199188e-42,3.014827312371294e-42,5.249954564428929e-42,5.235484169865903e-43,9.687846493276696e-43,0.9962883749001341,0.21593934442451504,1.2746826443692696,0.23943544765735789,0.723247841382328,0.723247841382328,0.48794989476853434,False,False,False,False,False
1,4,6,2.0,2.5,0.4,0.475,0.24,0.32,2.6677558201197378e-39,5.810463438400443e-41,8.003267460359212e-42,1.7431390315201326e-43,2108,0,8.470594932566669e-40,3.7843827233950016e-41,2.5411784797700006e-42,1.1353148170184999e-43,501,0,9.017780600819103e-42,1.8558620527246188e-42,2.4715332789554697e-42,3.2561596497767e-42,4.099856914242454e-43,6.174166517771665e-43,1.1267623686806485,0.30978913025022164,1.28135810833382,0.24961779851653354,0.9751396240208074,0.9751396240208074,0.6606557690071799,False,False,False,False,False
1,4,7,2.0,2.5,0.4,0.475,0.32,0.4,2.18685107076229e-39,5.260746059925955e-41,6.560553212286868e-42,1.5782238179777862e-43,1728,0,7.828114678200336e-40,3.6380334152783077e-41,2.3484344034601e-42,1.0914100245834918e-43,463,0,4.098293440046128e-42,1.4677719177948214e-42,1.8132306709931765e-42,2.7067926348028226e-42,4.794362790233415e-43,6.895288863864443e-43,0.6246871730833125,0.27679204922586603,1.1525945245967826,0.2984583257973375,0.10693188602202452,0.10693188602202452,0.6215099175877197,False,False,False,False,False
1,4,8,2.0,2.5,0.4,0.475,0.4,0.6,1.156702476086073e-39,2.419794933336974e-41,8.675268570645539e-42,1.8148462000027293e-43,2285,0,4.335050979461268e-40,1.712242191420147e-41,3.2512882345959475e-42,1.284181643565109e-43,641,0,2.5604014634497655e-42,1.4023935006777245e-42,1.7337553115565937e-42,2.7435102483768336e-42,6.436455119380692e-43,8.984770484470093e-43,0.29513800553833947,0.1999456839456223,0.8438225252329197,0.2783475283558312,-0.24299488877749886,0.0,0.481018440812396,False,False,False,False,False
1,4,9,2.0,2.5,0.4,0.475,0.6,0.799,3.6172787812022795e-40,1.3565855303357064e-41,2.699394290472201e-42,1.0123519520130203e-43,711,0,1.6516551368528876e-40,1.0595372643004921e-41,1.2325476458764673e-42,7.906796834842421e-44,243,0,4.3048361190337843e-44,1.2711333176374894e-43,1.2933546193135953e-43,4.47822402335473e-43,3.33439950707161e-43,4.279208055220223e-43,0.015947415070959294,0.04791650414986275,0.3633307027388994,0.3479654700857385,-0.32475542475721275,0.0,0.3542259511591222,False,False,False,False,False
1,5,0,2.0,2.5,0.475,0.55,0.0,0.02,1.7970651160199353e-39,9.537831316993887e-41,1.3477988370149527e-42,7.153373487745423e-44,355,0,5.477989537228739e-40,6.086655041365263e-41,4.1084921529215585e-43,4.564991281023952e-44,81,0,4.773492572950936e-42,1.1818778558359285e-42,1.4610557492534774e-42,1.5546152323110156e-42,2.798691883087865e-43,3.3503086620930352e-43,3.5416951267913714,1.100207867217687,3.783907025855033,0.9174633090013635,3.304141148863549,3.304141148863549,2.3577193637359595,False,False,False,False,False
1,5,1,2.0,2.5,0.475,0.55,0.02,0.04,2.2020375365314696e-39,1.0557961872601207e-40,1.6515281523986037e-42,7.918471404450913e-44,435,0,5.6808780386075796e-40,6.198346101364642e-41,4.260658528955689e-43,4.648759576023487e-44,84,0,3.430290437104484e-42,6.651389870709507e-43,8.70622863552388e-43,9.101123459398061e-43,1.4369357682903772e-43,1.8974828714783264e-43,2.0770402442867764,0.5364859958515203,2.1360837526749172,0.5026489997856884,2.019132187983023,2.019132187983023,1.1714382039036808,False,False,False,False,False
1,5,2,2.0,2.5,0.475,0.55,0.04,0.08,3.0448863867211005e-39,8.778863146120718e-41,4.567329580081656e-42,1.316829471918109e-43,1203,0,8.487502307681564e-40,5.35726395288829e-41,1.2731253461522356e-42,8.035895929332444e-44,251,0,9.222402849727096e-42,1.4661848642589118e-42,1.9061005007678678e-42,3.3949915906894413e-42,3.6029375625111584e-43,4.2996829162635294e-43,2.019211157860479,0.421374670242788,2.6666593363725872,0.3773462852809792,1.3842139058582186,1.3842139058582186,0.9130171113253227,False,False,False,False,False
1,5,3,2.0,2.5,0.475,0.55,0.08,0.12,5.8746311750454506e-39,1.2193911407365042e-40,8.811946762568183e-42,1.829086711104758e-43,2321,0,1.6603042362835252e-39,7.492848127075438e-41,2.4904563544252896e-42,1.1239272190613168e-43,491,0,1.1184137648775352e-41,1.5202442121944434e-42,2.1830003809360853e-42,4.0803441169266137e-42,3.7398305492189684e-43,4.968365382656071e-43,1.2692016815494025,0.2491287631829998,1.6383921403305277,0.21275758992251095,0.9071110392832988,0.9071110392832988,0.535771233318395,False,False,False,False,False
1,5,4,2.0,2.5,0.475,0.55,0.12,0.16,8.350025095422203e-39,1.4537730811205518e-40,1.252503764313332e-41,2.18065962168083e-43,3299,0,2.4380434915690863e-39,9.079748439071163e-41,3.657065237353634e-42,1.3619622658606762e-43,721,0,1.0448615905731988e-41,1.4635689046414883e-42,2.1090551968241654e-42,5.362148048439975e-42,4.842409854163796e-43,6.524315242282711e-43,0.8342183236040251,0.1690123541748279,1.4662434767830919,0.18657285624601325,0.21434750029378646,0.21434750029378646,0.381519889415546,False,False,False,False,False
1,5,5,2.0,2.5,0.475,0.55,0.16,0.24,6.949073628215117e-39,9.377804859632575e-41,2.0847220884645366e-41,2.8133414578897752e-43,5491,0,2.0931330392250557e-39,5.948897835698312e-41,6.279399117675171e-42,1.7846693507094951e-43,1238,0,1.8054096706767102e-41,2.2341527861090048e-42,3.778456390246769e-42,7.55155878450086e-42,6.872846629192917e-43,1.2638433106336077e-42,0.8660193512922633,0.1816214945147863,1.2025925797971386,0.20414965872297106,0.5359186848740201,0.5359186848740201,0.4117156626300872,False,False,False,False,False
1,5,6,2.0,2.5,0.475,0.55,0.24,0.32,3.80294413636613e-39,6.937415521950381e-41,1.1408832409098402e-41,2.0812246565851167e-43,3005,0,1.2122587957385816e-39,4.5272634334544076e-41,3.636776387215749e-42,1.3581790300363237e-43,717,0,1.0149684603423628e-41,1.692996406491137e-42,2.603695857259791e-42,4.794859502845041e-42,5.7998977605798126e-43,8.459251441748675e-43,0.8896339467068848,0.22879386008518338,1.3184367121663754,0.23775730148350455,0.4690773882754613,0.4690773882754613,0.5096611445511908,False,False,False,False,False
1,5,7,2.0,2.5,0.475,0.55,0.32,0.4,2.5779025643187372e-39,5.711773589796373e-41,7.733707692956221e-42,1.7135320769389137e-43,2037,0,8.825649809979633e-40,3.862881980725045e-41,2.647694942993893e-42,1.158864594217515e-43,522,0,7.843957915705099e-42,1.6692594497303064e-42,2.324551095029584e-42,2.5003549317420163e-42,4.0578064927716166e-43,5.751860225373275e-43,1.0142558042178518,0.3014128664418522,0.9443515909407331,0.22113745374054927,1.0828157057011798,1.0828157057011798,0.6352031515821188,False,False,False,False,False
1,5,8,2.0,2.5,0.475,0.55,0.4,0.6,1.4244904891493236e-39,2.685329033345964e-41,1.0683678668619934e-41,2.0139967750094748e-43,2814,0,4.95047943364375e-40,1.8297498493863035e-41,3.712859575232815e-42,1.3723123870397284e-43,732,0,9.797605090762131e-42,2.9092039562422613e-42,3.542761284638977e-42,3.1633037462940147e-42,8.250916695143675e-43,1.1876408627356e-42,0.9170628764359626,0.3320553291448814,0.8519858298426651,0.32141859861231464,0.9808884413640044,0.9808884413640044,0.7293674049617671,False,False,False,False,False
1,5,9,2.0,2.5,0.475,0.55,0.6,0.799,4.86373912071642e-40,1.5730456505326738e-41,3.629565318834633e-42,1.1738853167100093e-43,956,0,1.7536091576462732e-40,1.0917493745426609e-41,1.3086308338935333e-42,8.147179707524618e-44,258,0,1.0311477975986626e-42,1.2046610460467649e-42,1.3054421477167857e-42,5.594534616810417e-44,7.641189750039497e-44,8.341711858168899e-44,0.28409677386099214,0.35978635194504227,0.042751053023602936,0.06379935394518133,0.5208012308361238,0.5208012308361238,0.7153954553256708,False,False,False,False,False
1,6,0,2.0,2.5,0.55,0.7,0.0,0.02,1.3541265310854459e-39,5.854399515388843e-41,2.031189796628168e-42,8.78159927308326e-44,535,0,4.023955277347042e-40,3.6887537548527726e-41,6.0359329160205615e-43,5.533130632279156e-44,119,0,4.9713600408125975e-42,1.443219141971282e-42,1.8640652843428828e-42,1.1579175313903517e-42,2.3326326553542227e-43,3.4604824289886618e-43,2.4475113300909617,0.9238010905798067,1.9183737584574694,0.5996783973975834,2.9664731791930405,2.9664731791930405,1.9220349851972345,False,False,False,False,False
1,6,1,2.0,2.5,0.55,0.7,0.02,0.04,1.5591438189694107e-39,6.281969467718908e-41,2.3387157284541146e-42,9.422954201578356e-44,616,0,5.038397784241255e-40,4.1276162931228407e-41,7.557596676361877e-43,6.191424439684258e-44,149,0,2.9743505350401404e-42,7.030963881407091e-43,9.258297580504385e-43,1.124982680478631e-42,2.1017481655675264e-43,2.6210530174371165e-43,1.2717879727119203,0.39917361957720854,1.4885455372304706,0.36762530991904124,1.05919882289565,1.05919882289565,0.8689998194425786,False,False,False,False,False
1,6,2,2.0,2.5,0.55,0.7,0.04,0.08,1.6565903076549987e-39,4.578732721394487e-41,4.969770922964994e-42,1.3736198164183452e-43,1309,0,5.342730536309518e-40,3.005520742154923e-41,1.6028191608928544e-42,9.016562226464764e-44,316,0,7.557141792211454e-42,1.4125805781199798e-42,1.708691007308643e-42,3.712415376561493e-42,4.3665522536375545e-43,6.0297351182264154e-43,1.5206217568883074,0.34637621928698237,2.3161785603395724,0.3981205506645541,0.740364122734182,0.740364122734182,0.7894199057905428,False,False,False,False,False
1,6,3,2.0,2.5,0.55,0.7,0.08,0.12,2.4981736190305336e-39,5.622753488496697e-41,7.494520857091594e-42,1.6868260465490085e-43,1974,0,8.06481792980899e-40,3.6926264632735376e-41,2.419445378942695e-42,1.1077879389820609e-43,477,0,1.0076814300142556e-41,1.5087766750522114e-42,2.1172039942885692e-42,5.194704361992392e-42,4.9819549529619865e-43,6.5786004182328426e-43,1.3445575097182496,0.2841165478828761,2.1470641194067763,0.28913115442051324,0.5574837194468101,0.5574837194468101,0.6301759920788357,False,False,False,False,False
1,6,4,2.0,2.5,0.55,0.7,0.12,0.16,4.2281651779032465e-39,7.314989504473982e-41,1.2684495533709736e-41,2.1944968513421936e-43,3341,0,1.3542807467037732e-39,4.785115734798099e-41,4.062842240111318e-42,1.435534720439429e-43,801,0,1.4774301627169662e-41,2.111091169058541e-42,2.894543921287271e-42,7.359525109050328e-42,6.56660875981973e-43,8.4323308090005e-43,1.1647527950879997,0.22908342446809415,1.811422810463023,0.2171921816562965,0.5305187415471111,0.5305187415471111,0.5012733497604138,False,False,False,False,False
1,6,5,2.0,2.5,0.55,0.7,0.16,0.24,6.117614627352381e-39,6.221767739401503e-41,3.670568776411426e-41,3.7330606436409e-43,9668,0,1.9485749819926328e-39,4.0586505245010847e-41,1.1691449891955788e-41,2.435190314700649e-43,2305,0,3.7734082081080234e-41,3.8563509575900916e-42,5.876059257114795e-42,1.3573797098443862e-41,9.923581632497757e-43,1.6055935121574173e-42,1.0280173013941287,0.16042684714663802,1.1610020334418238,0.13944342816093497,0.8975899680396584,0.8975899680396584,0.3459489208390363,False,False,False,False,False
1,6,6,2.0,2.5,0.55,0.7,0.24,0.32,5.8455237823211904e-39,6.081832468616516e-41,3.5073142693927133e-41,3.6490994811699094e-43,9238,0,1.9189870755415516e-39,4.0277186052921275e-41,1.1513922453249302e-41,2.416631163175276e-43,2270,0,2.551262462838478e-41,3.326507323825864e-42,5.030708496605802e-42,1.4097228255508671e-41,1.0716573131180253e-42,1.727505402521805e-42,0.7274119930177302,0.14363430436460536,1.2243636617102927,0.1522210530190687,0.2400170871846401,0.2400170871846401,0.32129816993203403,False,False,False,False,False
1,6,7,2.0,2.5,0.55,0.7,0.32,0.4,3.8769781569909e-39,4.95301238595475e-41,2.3261868941945386e-41,2.9718074315728498e-43,6127,0,1.3035586213590626e-39,3.3196200532277914e-41,7.821351728154372e-42,1.991772031936674e-43,1542,0,1.949861847954447e-41,3.2107909135464966e-42,4.1338222344425103e-42,1.0585966759756526e-41,1.1498054480908728e-42,1.6971051039309236e-42,0.838222351273973,0.17803044611696073,1.3534702347741787,0.21970406483208268,0.3328830809180021,0.3328830809180021,0.4132604621059988,False,False,False,False,False
1,6,8,2.0,2.5,0.55,0.7,0.4,0.6,1.8995737599619205e-39,2.1927080624081852e-41,2.8493606399428785e-41,3.2890620936122757e-43,7505,0,6.833961021444012e-40,1.5201601396575512e-41,1.0250941532166008e-41,2.2802402094863247e-43,2021,0,1.7682052327362574e-41,5.073393114000817e-42,6.23074454993487e-42,5.936548932547545e-42,1.4687559443156816e-42,2.891999086887197e-42,0.6205621036344858,0.21878896726094232,0.5791223092941749,0.28241429462831247,0.6612049788528679,0.6612049788528679,0.5143244810326382,False,False,False,False,False
1,6,9,2.0,2.5,0.55,0.7,0.6,0.799,6.5579076638111665e-40,1.2915875228615091e-41,9.787677188238164e-42,1.9276943778708017e-43,2578,0,2.552248987194483e-40,9.313288826730867e-42,3.809231613387765e-42,1.3900083573895816e-43,751,0,2.961516066546493e-42,2.9303011588802827e-42,3.288452762423609e-42,8.209922227845304e-44,1.1009302201280077e-43,2.0192153614213432e-43,0.30257598504631333,0.336031719895209,0.021552698972126184,0.05301430303621424,0.5781949771575353,0.5781949771575353,0.6676290421769545,False,False,False,False,False
1,7,0,2.0,2.5,0.7,0.85,0.0,0.02,7.593232884591279e-40,4.3839550499382944e-41,1.1389849326886924e-42,6.575932574907444e-44,300,0,3.5167340238999324e-40,3.448441425381045e-41,5.275101035849902e-43,5.172662138071569e-44,104,0,2.1788125789284798e-42,1.2009305028089802e-42,1.3175846231446699e-42,5.4940142395577615e-43,1.8975784363490976e-43,2.449890041560658e-43,1.912942407223216,1.162066258558357,1.0414993385378049,0.4755216166261457,2.7676269553569846,2.7676269553569846,2.3485574454422515,False,False,False,False,False
1,7,1,2.0,2.5,0.7,0.85,0.02,0.04,9.213122566637419e-40,4.828988342733263e-41,1.3819683849956133e-42,7.243482514099897e-44,364,0,2.63755051792495e-40,2.9864378778426046e-41,3.956325776887425e-43,4.4796568167639083e-44,78,0,1.2002910505364695e-42,4.75673956313517e-43,6.783387498663857e-43,3.254748125439046e-43,1.259327876222209e-43,1.431145790516521e-43,0.8685372715963249,0.49295621002983736,0.8226693930143605,0.37353677701879845,0.9135230755901746,0.9135230755901746,1.042897507166057,False,False,False,False,False
1,7,2,2.0,2.5,0.7,0.85,0.04,0.08,7.618543660873251e-40,3.1050865865124487e-41,2.285563098261976e-42,9.31525975953735e-44,602,0,2.992605395337924e-40,2.2493799587855858e-41,8.977816186013775e-43,6.748139876356759e-44,177,0,4.951170419624101e-42,1.9847841672498928e-42,2.150631445219802e-42,9.532878378607609e-43,2.7612634874124973e-43,3.7941251422433095e-43,2.166280346138397,0.9450966100393111,1.0618259698231007,0.430081490328995,3.2494952152168612,3.2494952152168612,1.9189519849753804,False,False,False,False,False
1,7,3,2.0,2.5,0.7,0.85,0.08,0.12,7.719786766001136e-40,3.1256502985680813e-41,2.315936029800341e-42,9.376950895704244e-44,610,0,2.671365268154757e-40,2.1252240977745694e-41,8.014095804464272e-43,6.375672293323709e-44,158,0,2.9080293887979333e-42,1.0621794838559204e-42,1.3017201029010157e-42,1.2381204912806249e-42,2.6344624838728337e-43,3.2159127578708362e-43,1.255660498122065,0.5643654424206531,1.5449284878662504,0.4196827787029605,0.9719553543344985,0.9719553543344985,1.1912493281379073,False,False,False,False,False
1,7,4,2.0,2.5,0.7,0.85,0.12,0.16,8.96001480381771e-40,3.3673797690680636e-41,2.6880044411453138e-42,1.0102139307204196e-43,708,0,2.755902143729274e-40,2.158589153220168e-41,8.267706431187825e-43,6.475767459660505e-44,163,0,2.910585589357933e-42,9.44497590522741e-43,1.224458000457493e-42,1.985614276157315e-42,3.914752686318609e-43,5.837759837767183e-43,1.0828053498742665,0.4573408709919596,2.401650678678054,0.7307199872865623,-0.21067756876021715,0.0,1.1550945079432948,False,False,False,False,False
1,7,5,2.0,2.5,0.7,0.85,0.16,0.24,1.6255846067095836e-39,3.2072109498691373e-41,9.753507640257502e-42,1.9243265699214826e-43,2569,0,6.019025540905656e-40,2.2557251898921223e-41,3.611415324543394e-42,1.3534351139352737e-43,712,0,9.26561570730178e-42,2.0304985316145438e-42,2.6976975696601327e-42,7.414835795167937e-42,8.378208663346221e-43,1.407674708464483e-42,0.9499777976343655,0.2772217373122113,2.05316617692135,0.3973069398737403,-0.13199542051248492,0.0,0.6733232688811549,False,False,False,False,False
1,7,6,2.0,2.5,0.7,0.85,0.24,0.32,2.8784680326671437e-39,4.267793938607015e-41,1.7270808196002868e-41,2.5606763631642097e-43,4549,0,9.561120627477942e-40,2.843004159050874e-41,5.7366723764867665e-42,1.7058024954305251e-43,1131,0,1.6050412284415468e-41,3.041535616628255e-42,4.050827022636385e-42,9.91750482113838e-42,1.0677843351400905e-42,1.6005572343843153e-42,0.9293376489543873,0.23495200952499992,1.7287905200561626,0.28370061260795887,0.14525887152764616,0.14525887152764616,0.5422213998685851,False,False,False,False,False
1,7,7,2.0,2.5,0.7,0.85,0.32,0.4,3.3271015422650795e-39,4.588341824768287e-41,1.9962609253590484e-41,2.753005094860973e-43,5258,0,1.1590005641266366e-39,3.130148342816506e-41,6.954003384759822e-42,1.878089005689904e-43,1371,0,1.9114121306050247e-41,3.730041049499894e-42,4.5016477167181487e-42,7.469790945590386e-42,9.734617461919169e-43,1.6631606618226856e-42,0.9574961400705858,0.22589024971694832,1.0741713128815769,0.2409189655287662,0.843064720582883,0.843064720582883,0.5059944790859257,False,False,False,False,False
1,7,8,2.0,2.5,0.7,0.85,0.4,0.6,2.0676373144742058e-39,2.2876517545053007e-41,3.101455971711309e-41,3.4314776317579515e-43,8169,0,8.027621704556195e-40,1.6475801130110359e-41,1.2041432556834292e-41,2.4713701695165538e-43,2374,0,3.158915926822852e-41,8.545111788571901e-42,1.0565910378516648e-41,7.619046134889253e-42,1.842147550698842e-42,4.248295554255644e-42,1.018526767955322,0.3408621453912688,0.632735855881612,0.35304540888812064,1.3968986240276147,1.3968986240276147,0.7587797996497851,False,False,False,False,False
1,7,9,2.0,2.5,0.7,0.85,0.6,0.799,7.0641231894505795e-40,1.3405108216945007e-41,1.0543203860254996e-41,2.0007124013790435e-43,2777,0,2.946471200928915e-40,1.0006740829504639e-41,4.397608267386408e-42,1.4935060688035682e-43,867,0,2.459809489755101e-42,3.2595398605626676e-42,3.58245100941245e-42,3.573022615535729e-43,3.680494077577783e-43,5.043369350089616e-43,0.23330759059187997,0.33981654383877313,0.08124922453948479,0.11471756145712521,0.3824417572971137,0.3824417572971137,0.6824367754632502,False,False,False,False,False
1,8,0,2.0,2.5,0.85,1.0,0.0,0.02,5.821478544853315e-41,1.2138621877259212e-41,8.732217817279974e-44,1.820793281588882e-44,23,0,3.0433275206826337e-41,1.0144425068942116e-41,4.564991281023952e-44,1.5216637603413177e-44,9,0,7.021460192755019e-44,1.3114464338328762e-43,1.3398685347742832e-43,1.5362089608601612e-44,1.3836205938147326e-44,1.5894205858284388e-44,0.8040866982108968,1.5435297333436822,0.336519582687041,0.36579964485500077,1.2626621384362169,1.2626621384362169,3.078353715121452,False,False,False,False,False
1,8,1,2.0,2.5,0.85,1.0,0.02,0.04,5.568370782033606e-41,1.1871806396632155e-41,8.35255617305041e-44,1.7807709594948237e-44,22,0,1.3525900091922818e-41,6.762950045961409e-42,2.0288850137884236e-44,1.0144425068942117e-44,4,0,4.909437157019285e-44,9.512111539331868e-44,1.0163195562615322e-43,9.650049337714237e-44,1.7688679046452077e-43,2.323970008535448e-43,0.5877766105733744,1.2232126488728452,4.756331320962955,11.69869215845477,-3.5006135861548686,0.0,11.726749033112524,False,False,False,False,False
1,8,2,2.0,2.5,0.85,1.0,0.04,0.08,3.7966164422956405e-41,6.931641558801109e-42,1.1389849326886923e-43,2.079492467640333e-44,30,0,1.6907375114903522e-41,5.346581461794621e-42,5.07221253447106e-44,1.6039744385383865e-44,10,0,1.2724044894147778e-43,2.1341041957758026e-43,2.2115414985484395e-43,5.266415945221658e-44,8.566679638664329e-44,1.1394434664433558e-43,1.1171390006109516,1.9523605656126604,1.0382877116112113,2.270310287821101,1.1944739186683893,1.1944739186683893,4.462400755988749,False,False,False,False,False
1,8,3,2.0,2.5,0.85,1.0,0.08,0.12,3.7966164422956405e-41,6.931641558801109e-42,1.1389849326886923e-43,2.0794924676403333e-44,30,0,2.1979587649374588e-41,6.096040791028853e-42,6.593876294812376e-44,1.828812237308656e-44,13,0,1.319816501737543e-43,1.3057544004449352e-43,2.3381665277643845e-43,1.408029289701985e-43,1.278778022322807e-43,1.52051900459924e-43,1.1587655497970275,2.063723760568036,2.13535897057961,2.380794970561876,0.20095277172180204,0.20095277172180204,4.707659707994175,False,False,False,False,False
1,8,4,2.0,2.5,0.85,1.0,0.12,0.16,4.5559397307547675e-41,7.593232884591279e-42,1.3667819192264309e-43,2.2779698653773845e-44,36,0,1.5216637603413169e-41,5.072212534471057e-42,4.564991281023952e-44,1.5216637603413177e-44,9,0,1.2356975197556193e-42,1.3460792298846313e-42,1.5827234320080057e-42,1.2437577841582472e-43,5.712798970397636e-44,1.1030849141624583e-43,9.040926737273473,11.677551552004177,2.7245567572678158,2.581432640090805,15.235828063817486,10.0,23.268682804812737,False,False,False,False,False
1,8,5,2.0,2.5,0.85,1.0,0.16,0.24,5.694924663443462e-41,6.002977679849727e-42,3.416954798066077e-43,3.6017866079098364e-44,90,0,1.5216637603413174e-41,3.5865958787438905e-42,9.129982562047905e-44,2.1519575272463345e-44,18,0,2.2134465170955852e-42,3.3604003563972725e-42,3.853070900382568e-42,1.6662723715975052e-43,7.228836314093443e-44,1.0319028233911363e-43,6.4778337669212025,11.296984574709432,1.8250553714351796,1.2093294415357818,11.041135654801726,10.0,22.408131171088385,False,False,False,False,False
1,8,6,2.0,2.5,0.85,1.0,0.24,0.32,9.744648868558806e-41,7.852461834648627e-42,5.846789321135287e-43,4.711477100789179e-44,154,0,3.88869627642781e-41,5.73356985888781e-42,2.3332177658566867e-43,3.440141915332687e-44,46,0,1.6438800304417662e-42,1.0193317147726934e-42,1.2240916229681059e-42,9.396998699994562e-44,6.345090077166977e-44,1.058416960168424e-43,2.8115944326904008,2.1058367639337336,0.4027484634098982,0.4574999040751736,5.174116441023202,5.174116441023202,4.195241127618143,False,False,False,False,False
1,8,7,2.0,2.5,0.85,1.0,0.32,0.4,1.518646576918256e-40,9.802821501965512e-42,9.11187946150954e-43,5.881692901179308e-44,240,0,6.086655041365267e-41,7.173191757487777e-42,3.651993024819162e-43,4.303915054492669e-44,72,0,2.378897629475831e-42,1.6981558149454386e-42,1.845151786504646e-42,3.554071411139948e-43,1.4544880793973036e-43,2.2237534612855673e-43,2.610765034288245,2.03199618162266,0.9731868015591123,0.6196221294518185,4.2168513779264325,4.2168513779264325,4.0705345916830735,False,False,False,False,False
1,8,8,2.0,2.5,0.85,1.0,0.4,0.6,1.964116239480945e-40,7.050766393044676e-42,2.9461743592214165e-42,1.0576149589567016e-43,776,0,6.999653297570062e-41,4.8650953531516406e-42,1.0499479946355093e-42,7.297643029727461e-44,207,0,4.440929184277781e-42,3.8128694493574265e-42,3.961534658113013e-42,9.899016257051368e-43,3.3827145564774138e-43,5.568786107251327e-43,1.507354502077529,1.3457251907232017,0.9428101494196218,0.5344196582883376,2.061042232568938,2.061042232568938,2.716614480881726,False,False,False,False,False
1,8,9,2.0,2.5,0.85,1.0,0.6,0.799,9.437485427749964e-41,4.8996983019226106e-42,1.4085447000916828e-42,7.312799715619501e-44,371,0,4.519961588506871e-41,3.919303755260386e-42,6.746042670846508e-43,5.849560854726128e-44,133,0,7.781164649293635e-43,7.856204173859132e-43,9.295515830347724e-43,3.8376368739098413e-44,3.939484216656392e-44,5.966729773683786e-44,0.5524258228217503,0.6605605073672135,0.056887230946439986,0.08858529428905068,1.0384348263917662,1.0384348263917662,1.3112993211408845,False,False,False,False,False
2,0,0,2.5,3.0,0.0,0.15,0.0,0.02,1.399685928392993e-39,5.952070009549438e-41,2.0995288925894894e-42,8.928105014324156e-44,553,0,4.6326207814835665e-40,3.9579150399582904e-41,6.94893117222535e-43,5.936872559937437e-44,137,0,4.393212225172357e-42,7.62549173926693e-43,1.0712521464677195e-42,1.9795601568201278e-42,2.13715068174499e-43,2.891041458061254e-43,2.0924752408402987,0.5179352427820592,2.84872609579494,0.4820016458935586,1.3507676715578616,1.3507676715578616,1.1295873712657014,False,False,False,False,False
2,0,1,2.5,3.0,0.0,0.15,0.02,0.04,1.748974641084192e-39,6.653413098802928e-41,2.623461961626288e-42,9.980119648204394e-44,691,0,6.188099292054691e-40,4.574374623465761e-41,9.282148938082037e-43,6.861561935198642e-44,183,0,1.5347676813357286e-42,3.9381494212901845e-43,5.175828500055792e-43,7.235407295296908e-43,1.2221451788748042e-43,1.6293331928846808e-43,0.5850161747282677,0.19854127514171935,0.7794970047950938,0.18474984794974836,0.39427536062426527,0.39427536062426527,0.4330003086620439,False,False,False,False,False
2,0,2,2.5,3.0,0.0,0.15,0.04,0.08,1.1010187682657358e-39,3.73280321781267e-41,3.303056304797208e-42,1.1198409653438011e-43,870,0,4.209936403610978e-40,2.6679387921340825e-41,1.2629809210832936e-42,8.003816376402249e-44,249,0,1.1698198412247942e-42,4.421336055517769e-43,4.8140869195144175e-43,5.2221812405088816e-43,1.0964646463726194e-43,1.6375515716172677e-43,0.3541628520003735,0.14624020725089415,0.4134806118868108,0.1322789529857083,0.2959858182655985,0.2959858182655985,0.31739378217392517,False,False,False,False,False
2,0,3,2.5,3.0,0.0,0.15,0.08,0.12,4.606561283318712e-40,2.4144941713666326e-41,1.3819683849956133e-42,7.243482514099898e-44,364,0,1.72455226172016e-40,1.707561184677083e-41,5.17365678516048e-43,5.122683554031249e-44,102,0,1.2999628618672167e-42,5.57782153567562e-43,6.326148229430414e-43,1.064406658170962e-42,1.798477227011523e-43,2.253657820045893e-43,0.9406603479365001,0.460411118197345,2.0573584649526486,0.4808813045340386,-0.15456280529087651,0.0,1.0267055056527314,False,False,False,False,False
2,0,4,2.5,3.0,0.0,0.15,0.12,0.16,4.037068816974364e-40,2.2603245968373567e-41,1.2111206450923096e-42,6.780973790512072e-44,319,0,1.5216637603413171e-40,1.6039744385383862e-41,4.5649912810239534e-43,4.811923315615161e-44,90,0,1.3716722737493699e-42,5.437612196161928e-43,6.318933162240765e-43,9.7123562000492e-43,1.8359572050965063e-43,2.304940235237992e-43,1.1325645213857478,0.5255819839911381,2.1275738773964674,0.5524817474015542,0.15668996068292662,0.15668996068292662,1.1736302678418153,False,False,False,False,False
2,0,5,2.5,3.0,0.0,0.15,0.16,0.24,4.777409023222015e-40,1.7386771623438442e-41,2.866445413933209e-42,1.0432062974063066e-43,755,0,1.969709200886261e-40,1.2903994018648042e-41,1.1818255205317568e-42,7.742396411188826e-44,233,0,1.5769719601628112e-42,6.696915822200683e-43,7.358685793717592e-43,1.073969263183504e-42,2.091778250688274e-43,2.4333973671114093e-43,0.5501489588803857,0.257497748818197,0.9087375797235083,0.21433544257733567,0.1984562730534769,0.1984562730534769,0.5516649823390201,False,False,False,False,False
2,0,6,2.5,3.0,0.0,0.15,0.24,0.32,4.4230581552744206e-40,1.6729542391402843e-41,2.6538348931646533e-42,1.0037725434841708e-43,699,0,1.8682649501968397e-40,1.2567310039742897e-41,1.120958970118104e-42,7.540386023845739e-44,221,0,7.916126766546387e-43,4.746130577709415e-43,5.410226848429964e-43,4.880000178783702e-43,1.349491780309432e-43,1.5149906902654521e-43,0.2982901003726927,0.20417644387082715,0.43534155208816844,0.13828753519717832,0.16387425349789925,0.16387425349789925,0.4265626858528573,False,False,False,False,False
2,0,7,2.5,3.0,0.0,0.15,0.32,0.4,2.3475745001528044e-40,1.2187999526032499e-41,1.4085447000916828e-42,7.312799715619501e-44,371,0,1.0228961944516634e-40,9.299056313196939e-42,6.1373771667099815e-43,5.579433787918165e-44,121,0,4.720848610497525e-44,6.104190443423805e-44,6.690979231970235e-44,9.998090936640506e-44,5.842332573610242e-44,6.467412975735809e-44,0.03351578838918099,0.047534641216883985,0.16290494563168761,0.1064130364986873,-0.09338511582943128,0.0,0.14056168405615024,False,False,False,False,False
2,0,8,2.5,3.0,0.0,0.15,0.4,0.6,9.238433342919394e-41,4.835617018939091e-42,1.3857650014379089e-42,7.253425528408635e-44,365,0,4.3282880294153045e-41,3.8257022706601505e-42,6.492432044122956e-43,5.738553405990225e-44,128,0,1.5726531286984634e-43,2.7010271725885684e-43,2.833299413409657e-43,1.231096117057026e-43,7.983713278321415e-44,9.035075933807e-44,0.11348627848636919,0.2045436950873778,0.1896201775683478,0.14016882646777723,0.03881649284827479,0.03881649284827479,0.42784173341881093,False,False,False,False,False
2,0,9,2.5,3.0,0.0,0.15,0.6,0.799,3.357811526854436e-41,2.9225997986792137e-42,5.011533703830247e-43,4.361980199528729e-44,132,0,1.5972796590964134e-41,2.3298718389385826e-42,2.3839398912013976e-43,3.477333719615836e-44,47,0,4.36349314914713e-45,2.9620711274206763e-44,3.742362118160013e-44,3.0753154761804744e-43,1.1709163694243372e-43,1.3368058340265817e-43,0.008706901733120484,0.07467883188775035,1.2900138495650806,0.5914838414106576,-1.247959527871302,0.0,0.5986713690806509,False,False,False,False,False
2,1,0,2.5,3.0,0.15,0.25,0.0,0.02,3.3258360034509814e-39,1.1236958509792946e-40,3.325836003450982e-42,1.1236958509792949e-43,876,0,1.1463200327904592e-39,7.625207432480142e-41,1.1463200327904593e-42,7.625207432480143e-44,226,0,9.974668073563034e-42,1.2040232986571361e-42,1.7615877898536006e-42,3.9466546574313524e-42,3.117238956761151e-43,4.314812153996446e-43,2.9991460983683607,0.539273548447565,3.442890767444852,0.44060212721693287,2.563934980620264,2.563934980620264,1.1522744520247759,False,False,False,False,False
2,1,1,2.5,3.0,0.15,0.25,0.02,0.04,6.765570500170831e-39,1.602693863545341e-40,6.765570500170832e-42,1.6026938635453411e-43,1782,0,2.3991565288048105e-39,1.103133347223346e-40,2.3991565288048106e-42,1.1031333472233461e-43,473,0,9.476313999500238e-42,1.100066640999511e-42,1.8252177043676545e-42,2.879658081290688e-42,2.4394766554747904e-43,3.898604911466621e-43,1.4006673937195626,0.2718130830842303,1.2002793676514507,0.17161507497424847,1.5972018039017493,1.5972018039017493,0.5640951523590364,False,False,False,False,False
2,1,2,2.5,3.0,0.15,0.25,0.04,0.08,5.5468566221939306e-39,1.02614051315787e-40,1.1093713244387861e-41,2.0522810263157404e-43,2922,0,1.8995435941594116e-39,6.940781234151372e-41,3.799087188318823e-42,1.3881562468302749e-43,749,0,9.028061070025858e-42,1.1419384575274333e-42,1.791983060207831e-42,3.717344364811621e-42,3.0434010934160147e-43,5.353474737804301e-43,0.8137997504661494,0.16223145067087333,0.9784835621149893,0.14537967006334868,0.6522829351951717,0.6522829351951717,0.3515558796163853,False,False,False,False,False
2,1,3,2.5,3.0,0.15,0.25,0.08,0.12,2.653834893164653e-39,7.09774372266526e-41,5.307669786329306e-42,1.419548744533052e-43,1398,0,9.307510000754394e-40,4.858480672522079e-41,1.8615020001508784e-42,9.716961345044157e-44,367,0,3.6048587589405126e-42,6.755589881695388e-43,8.887842078697519e-43,1.3846611068801374e-42,1.7602460284218353e-43,2.8877579466727493e-43,0.679179169779055,0.1684351595825197,0.7438407838229064,0.1599159429513817,0.61576104831297,0.61576104831297,0.3686580400165634,False,False,False,False,False
2,1,4,2.5,3.0,0.15,0.25,0.12,0.16,1.1237984669195096e-39,4.61878324742201e-41,2.2475969338390198e-42,9.237566494844025e-44,592,0,4.260658528955688e-40,3.2871694203121063e-41,8.521317057911379e-43,6.574338840624214e-44,168,0,3.343394047781861e-42,7.498075636274706e-43,9.775188972620217e-43,1.2617198268229763e-42,1.7810692774986092e-43,2.666651380262201e-43,1.4875416483466897,0.43919346953842964,1.4806629283340276,0.3331373860645809,1.494288085282185,1.494288085282185,0.929274054268094,False,False,False,False,False
2,1,5,2.5,3.0,0.15,0.25,0.16,0.24,1.2206121861980487e-39,3.40374657391893e-41,4.8824487447921937e-42,1.3614986295675718e-43,1286,0,4.742518719730439e-40,2.452298049543549e-41,1.897007487892176e-42,9.809192198174194e-44,374,0,5.3179759958414555e-42,1.0623394007645348e-42,1.3772669233007133e-42,2.2462250889214138e-42,3.0993333411434748e-43,4.2546872240663986e-43,1.0892026263488812,0.2837157498354363,1.1840886782251263,0.2324913374229617,0.996141306239487,0.996141306239487,0.6064731331798806,False,False,False,False,False
2,1,6,2.5,3.0,0.15,0.25,0.24,0.32,1.320273367808309e-39,3.5399758390934194e-41,5.281093471233237e-42,1.415990335637368e-43,1391,0,5.300462098522254e-40,2.5925407564112344e-41,2.1201848394089027e-42,1.037016302564494e-43,418,0,2.4781302351119878e-42,8.117803302959185e-43,9.299576913916437e-43,9.98316157894481e-43,1.884779957801248e-43,2.570668798907721e-43,0.4692456682712902,0.1765407838832622,0.4708627942895803,0.12341531802258913,0.4676596408302749,0.4676596408302749,0.3700430217574432,False,False,False,False,False
2,1,7,2.5,3.0,0.15,0.25,0.32,0.4,8.732217817279972e-40,2.878926959076597e-41,3.49288712691199e-42,1.151570783630639e-43,920,0,3.651993024819161e-40,2.1519575272463335e-41,1.4607972099276648e-42,8.607830108985337e-44,288,0,1.0431599848692035e-42,4.542426498820942e-43,4.891005949912338e-43,7.789996047031449e-43,1.958075935977645e-43,2.2987095474379205e-43,0.2986526466406162,0.14037335073002977,0.5332701893247175,0.16046672480943305,0.0685469797773629,0.0685469797773629,0.3194980088450916,False,False,False,False,False
2,1,8,2.5,3.0,0.15,0.25,0.4,0.6,3.0676660853748783e-40,1.0792011628610751e-41,3.067666085374878e-42,1.0792011628610752e-43,808,0,1.4050028720484832e-40,8.441844098638729e-42,1.4050028720484833e-42,8.441844098638728e-44,277,0,2.3599030350336692e-42,9.8978089625862e-43,1.1019166410466629e-42,7.91839539594351e-43,2.449582420229465e-43,2.8017295293639733e-43,0.7692828910827438,0.36022164441082516,0.5635857088604062,0.2022656674939561,0.9710243582623442,0.9710243582623442,0.7405795197059613,False,False,False,False,False
2,1,9,2.5,3.0,0.15,0.25,0.6,0.799,1.0836573563939312e-40,6.430323371675786e-42,1.0782390696119619e-42,6.398171754817411e-44,284,0,5.403563102049568e-41,5.248404447376108e-42,5.3765452865393225e-43,5.222162425139231e-44,106,0,1.1921067415343156e-42,9.534409627852273e-43,1.1908943704472913e-42,3.6562643323874434e-43,1.5673316588135528e-43,2.009517641060704e-43,1.1056052179256801,1.1064275727616901,0.6800397164962487,0.3795478113150312,1.5229867674045456,1.5229867674045456,2.2229669275947725,False,False,False,False,False
2,2,0,2.5,3.0,0.25,0.325,0.0,0.02,2.9158014276830515e-39,1.2149172615346046e-40,2.1868510707622888e-42,9.111879461509538e-44,576,0,9.332871063426746e-40,7.944667443471363e-41,6.9996532975700614e-43,5.958500582603524e-44,138,0,8.084868342164944e-42,1.1443622544477946e-42,1.613253495637205e-42,3.528931819810026e-42,3.0273673661068475e-43,4.7296005786238845e-43,3.6970365518977637,0.7536177252802734,5.041580875205775,0.8004642196029009,2.3783488501918297,2.3783488501918297,1.6865992531339773,False,False,False,False,False
2,2,1,2.5,3.0,0.25,0.325,0.02,0.04,5.988529668314324e-39,1.7411165078342655e-40,4.491397251235744e-42,1.3058373808756997e-43,1183,0,2.252062365305149e-39,1.2341225740155807e-40,1.6890467739788624e-42,9.255919305116856e-44,333,0,7.341372551493181e-42,1.0080262107881345e-42,1.3925761143628837e-42,3.1567840939545984e-42,2.6271805562532152e-43,3.983279819029196e-43,1.6345409102865054,0.3136749488290975,1.8689737564331679,0.25710987915409,1.404616388104202,1.404616388104202,0.6705393998257319,False,False,False,False,False
2,2,2,2.5,3.0,0.25,0.325,0.04,0.08,9.408015544008595e-39,1.5431272685417319e-40,1.4112023316012894e-41,2.3146909028125985e-43,3717,0,3.280030772291284e-39,1.0531544108586874e-40,4.920046158436927e-42,1.5797316162880313e-43,970,0,9.895976063606182e-42,1.1325149712815281e-42,1.7659064301525946e-42,5.485911601656121e-42,3.614406181245308e-43,5.389805832082658e-43,0.7012443107557249,0.12566238714238248,1.1150122224460932,0.11524946618861426,0.2954334742901714,0.2954334742901714,0.273371131528331,False,False,False,False,False
2,2,3,2.5,3.0,0.25,0.325,0.08,0.12,6.150518636518939e-39,1.2476954805842e-40,9.225777954778408e-42,1.8715432208763e-43,2430,0,2.29940301562688e-39,8.8178080411794e-41,3.4491045234403195e-42,1.3226712061769098e-43,680,0,6.108780397477798e-42,8.453092942524754e-43,1.3347836669387569e-42,3.1483361170073206e-42,2.7622355392002893e-43,4.2654605744140896e-43,0.6621425778314782,0.14530198971780378,0.9127981177755099,0.128527143606361,0.41630733673252407,0.41630733673252407,0.3142044085562231,False,False,False,False,False
2,2,4,2.5,3.0,0.25,0.325,0.12,0.16,3.0372931538365115e-39,8.767910099876587e-41,4.5559397307547684e-42,1.3151865149814885e-43,1200,0,1.0989793824687289e-39,6.096040791028851e-41,1.648469073703094e-42,9.14406118654328e-44,325,0,3.455640368446664e-42,5.6978036140339884e-43,8.753146070512073e-43,1.674196750826321e-42,1.975744071797599e-43,3.231151752187783e-43,0.7584912383979625,0.1933696848042175,1.0156070123083552,0.2039444508634937,0.5063199986012313,0.5063199986012313,0.4321039813832389,False,False,False,False,False
2,2,5,2.5,3.0,0.25,0.325,0.16,0.24,1.899573759961919e-39,4.903044282356549e-41,5.698721279885757e-42,1.4709132847069647e-43,1501,0,6.881301671765736e-40,3.41093460276441e-41,2.064390501529721e-42,1.023280380829323e-43,407,0,6.886389717050277e-42,1.2022766930188232e-42,1.699322196624473e-42,2.9113514244803076e-42,3.350443540759495e-43,5.708796523571367e-43,1.2084096376772315,0.29982040503885105,1.4102716624219038,0.28523529386945495,1.0104295749468797,1.0104295749468797,0.6564660061672043,False,False,False,False,False
2,2,6,2.5,3.0,0.25,0.325,0.24,0.32,1.9919580933911124e-39,5.020856782705708e-41,5.975874280173339e-42,1.5062570348117129e-43,1574,0,8.031003179579173e-40,3.6848769763199415e-41,2.409300953873753e-42,1.105463092895983e-43,475,0,4.1561423542622356e-42,9.612957872209609e-43,1.1693757658824077e-42,2.185701481810381e-42,3.0857144591677163e-43,4.592859543104385e-43,0.6954869127771679,0.19646644178639155,0.9071932164788872,0.19512194147905956,0.4878518841466355,0.4878518841466355,0.4336631060706771,False,False,False,False,False
2,2,7,2.5,3.0,0.25,0.325,0.32,0.4,1.4110757777198792e-39,4.2258385751691933e-41,4.23322733315964e-42,1.2677515725507587e-43,1115,0,6.526246794352759e-40,3.3217721572160653e-41,1.957874038305829e-42,9.9653164716482e-44,386,0,1.7993447403433174e-42,6.682581672232739e-43,8.404464566623393e-43,1.5040016443023346e-42,2.7337210036666158e-43,3.3336117714457632e-43,0.4250527077175191,0.19894328886748258,0.7681810039239115,0.17469855453958247,0.08852303259201877,0.08852303259201877,0.42969862991237967,False,False,False,False,False
2,2,8,2.5,3.0,0.25,0.325,0.4,0.6,5.2848900876755325e-40,1.6356324200990955e-41,3.9636675657566487e-42,1.2267243150743216e-43,1044,0,2.6240246178330277e-40,1.3321466664664874e-41,1.968018463374771e-42,9.991099998498656e-44,388,0,3.38172314107504e-43,2.8630150311031373e-43,3.353149056904244e-43,7.324385730914172e-43,2.632387181405956e-43,3.101858059659584e-43,0.08531803146890504,0.08463833064545569,0.37217058006428794,0.15874169812140054,-0.19601812196118207,0.0,0.22879083007857418,False,False,False,False,False
2,2,9,2.5,3.0,0.25,0.325,0.6,0.799,1.7094313227622574e-40,9.325712418912539e-42,1.2756631246113354e-42,6.959312892613487e-44,336,0,1.0739156856903542e-40,8.543614463415349e-42,8.014095804464272e-43,6.375672293323709e-44,158,0,4.260709113677886e-43,4.7012946113320664e-43,5.011729868684926e-43,1.2773057340933116e-44,2.0113563035027296e-44,2.536549370267415e-44,0.333999551407902,0.39329483628668127,0.01593823888880621,0.031676486792237175,0.6459443002247075,0.6459443002247075,0.779645541763769,False,False,False,False,False
2,3,0,2.5,3.0,0.325,0.4,0.0,0.02,2.455145299351181e-39,1.114824052589558e-40,1.841358974513386e-42,8.361180394421687e-44,485,0,9.806277566644046e-40,8.143670261009201e-41,7.354708174983037e-43,6.107752695756904e-44,145,0,8.017214218567895e-42,1.1828523435789681e-42,1.6239867184542857e-42,3.6863219110378446e-42,3.2172162040582085e-43,4.954569241729307e-43,4.353965918398174,0.9038377087497048,5.012193309826799,0.7918793448350472,3.7083967460354845,3.7083967460354845,1.9514965911284756,False,False,False,False,False
2,3,1,2.5,3.0,0.325,0.4,0.02,0.04,4.196526707550782e-39,1.457513970129507e-40,3.1473950306630866e-42,1.0931354775971303e-43,829,0,1.4607972099276646e-39,9.939466061122496e-41,1.0955979074457488e-42,7.454599545841876e-44,216,0,6.132814469116127e-42,8.336654642860257e-43,1.1766569690877689e-42,3.4168625940443415e-42,2.6766272252332552e-43,3.897560317815999e-43,1.948536618177248,0.37992707852937646,3.118719532798611,0.4142292200330385,0.8008572211447573,0.8008572211447573,0.8552064894791536,False,False,False,False,False
2,3,2,2.5,3.0,0.325,0.4,0.04,0.08,8.906862173625571e-39,1.501464604481192e-40,1.3360293260438358e-41,2.2521969067217884e-43,3519,0,3.0974311210503255e-39,1.023420049209258e-40,4.646146681575489e-42,1.5351300738138876e-43,916,0,1.5699781344047235e-41,1.5065614735440568e-42,2.8212345150114915e-42,6.910079811070621e-42,4.1671759223844336e-43,7.165490301428775e-43,1.1751075397825599,0.2120927211500248,1.4872711269475982,0.16186406529498418,0.8689470985245416,0.8689470985245416,0.44910092778820043,False,False,False,False,False
2,3,3,2.5,3.0,0.325,0.4,0.08,0.12,9.39789123349581e-39,1.542296737120676e-40,1.4096836850243714e-41,2.3134451056810142e-43,3713,0,3.4863007486931075e-39,1.0857641965134362e-40,5.2294511230396606e-42,1.6286462947701544e-43,1031,0,1.1294521582807583e-41,1.1772606875422676e-42,2.2455802301025665e-42,5.232848937654288e-42,3.4291249333801033e-43,7.217724047103276e-43,0.8012096403465375,0.15983848751256546,1.000649745935985,0.14149523415260917,0.6056049214030408,0.6056049214030408,0.34568168946469546,False,False,False,False,False
2,3,4,2.5,3.0,0.325,0.4,0.12,0.16,6.074586307673023e-39,1.239969737691351e-40,9.111879461509536e-42,1.8599546065370273e-43,2400,0,2.3771769411554356e-39,8.965692640127016e-41,3.565765411733154e-42,1.344853896019053e-43,703,0,7.845731851970516e-42,9.803488437047505e-43,1.5837290299765486e-42,3.7772555631378225e-42,2.8310053043853534e-43,5.883967807492048e-43,0.8610442977338002,0.17469566260240713,1.0593112914014926,0.16978052513294706,0.6665901308674094,0.6665901308674094,0.38401226370294067,False,False,False,False,False
2,3,5,2.5,3.0,0.325,0.4,0.16,0.24,2.9638919026187965e-39,6.124475686584509e-41,8.891675707856392e-42,1.8373427059753525e-43,2342,0,1.1733718329743047e-39,4.454058568245202e-41,3.520115498922915e-42,1.336217570473561e-43,694,0,9.048792127819723e-42,1.3929340699891445e-42,2.211685448891512e-42,4.4869790165650835e-42,4.32522401380284e-43,6.883099362140333e-43,1.01767005738013,0.24962395622873831,1.27466812323005,0.2014338039480827,0.7656142620273241,0.7656142620273241,0.532454943217589,False,False,False,False,False
2,3,6,2.5,3.0,0.325,0.4,0.24,0.32,2.332388034383621e-39,5.432980385618456e-41,6.997164103150866e-42,1.6298941156855378e-43,1843,0,9.349778438541647e-40,3.9759302219941006e-41,2.804933531562495e-42,1.1927790665982306e-43,553,0,8.045393633675775e-42,1.3453304750783942e-42,2.007127902949033e-42,2.819908967273559e-42,3.176450617905716e-43,5.223388676676143e-43,1.1498077671285263,0.2880964350595382,1.0053389627748939,0.19106574190441478,1.2914983252445889,1.2914983252445889,0.600632894967474,False,False,False,False,False
2,3,7,2.5,3.0,0.325,0.4,0.32,0.4,1.8818562165645387e-39,4.880125085092661e-41,5.645568649693619e-42,1.4640375255277986e-43,1487,0,7.997188429349366e-40,3.677111157411153e-41,2.3991565288048106e-42,1.1031333472233461e-43,473,0,3.713533792801985e-42,1.0759518075822808e-42,1.3952510102567817e-42,2.124155600826109e-42,3.124329530141748e-43,4.5092973561108535e-43,0.6577785203273573,0.247728889591289,0.8853759958231241,0.19231165264398417,0.43455791936035526,0.43455791936035526,0.5256951250992103,False,False,False,False,False
2,3,8,2.5,3.0,0.325,0.4,0.4,0.6,7.669165213437196e-40,1.9703427366160576e-41,5.751873910077896e-42,1.4777570524620432e-43,1515,0,3.63846712472724e-40,1.5686545638987308e-41,2.72885034354543e-42,1.176490922924048e-43,538,0,4.503712920081171e-43,3.9394604707779085e-43,4.688041275479281e-43,2.0840788876144364e-42,4.512721980956016e-43,5.595126810793658e-43,0.07829992434622368,0.08152941220185934,0.7637204775791109,0.2076630027190335,-0.5939394644014158,0.0,0.2599241923479274,False,False,False,False,False
2,3,9,2.5,3.0,0.325,0.4,0.6,0.799,2.492920679028292e-40,1.1261867674089935e-41,1.8603420567248642e-42,8.404168751789621e-44,490,0,1.434153225826992e-40,9.873117974475596e-42,1.0702368447733933e-42,7.367814288452418e-44,211,0,3.537149588287892e-45,1.1953586683149438e-44,1.3087091950386532e-44,7.307605190402132e-43,3.3513056279023586e-43,4.3339054736627225e-43,0.0019013436671506802,0.00703530159411738,0.6828026175784864,0.40766734407227656,-0.6659056749766593,0.0,0.40007035946864744,False,False,False,False,False
2,4,0,2.5,3.0,0.4,0.475,0.0,0.02,2.450083144094788e-39,1.113674156406722e-40,1.8375623580710906e-42,8.35255617305041e-44,484,0,9.94153656756328e-40,8.19964116205881e-41,7.456152425672457e-43,6.149730871544106e-44,147,0,5.538216177839903e-42,1.0152786342214089e-42,1.2383112178618956e-42,2.2449718648240157e-42,2.386875952392763e-43,4.1018664782440884e-43,3.013892918253631,0.6876719418568076,3.010898566255565,0.6035852245515827,3.016829686559426,3.016829686559426,1.4851959663314886,False,False,False,False,False
2,4,1,2.5,3.0,0.4,0.475,0.02,0.04,2.8044340120423814e-39,1.1914898394560899e-40,2.1033255090317848e-42,8.936173795920671e-44,554,0,1.0685461072619036e-39,8.500896391098284e-41,8.014095804464272e-43,6.375672293323709e-44,158,0,4.5337372376497535e-42,7.240436498225035e-43,1.0701932794868817e-42,2.4102627217390138e-42,2.3727036567946443e-43,3.4452017454678993e-43,2.1555090822517293,0.5169858834284606,3.0075292092170534,0.49199195778638216,1.3198739577280456,1.3198739577280456,1.1320214856869761,False,False,False,False,False
2,4,2,2.5,3.0,0.4,0.475,0.04,0.08,5.78604345805856e-39,1.210162185513503e-40,8.679065187087835e-42,1.8152432782702534e-43,2286,0,2.0728441890871737e-39,8.372138825849088e-41,3.109266283630759e-42,1.2558208238773628e-43,613,0,1.2912710132229842e-41,1.3594228272757112e-42,2.4452979524975538e-42,6.678325007941669e-42,4.190230496380276e-43,6.578346045003873e-43,1.4877996482202436,0.2834598870840073,2.147878116165477,0.2286673177372444,0.8404149969662646,0.8404149969662646,0.6046023390039184,False,False,False,False,False
2,4,3,2.5,3.0,0.4,0.475,0.08,0.12,1.0200242841634295e-38,1.6067858120682462e-40,1.530036426245143e-41,2.410178718102368e-43,4030,0,3.675663349980029e-39,1.1148615972775755e-40,5.513495024970039e-42,1.672292395916362e-43,1087,0,1.3792171316821949e-41,1.3066236579554473e-42,2.3492232915690178e-42,7.369881921907801e-42,4.368672535776981e-43,7.030927771399187e-43,0.9014276444822472,0.15419555748955527,1.3366987525209293,0.13381202187226796,0.4745271346750781,0.4745271346750781,0.33242823126839904,False,False,False,False,False
2,4,4,2.5,3.0,0.4,0.475,0.12,0.16,8.992918812984278e-39,1.508700620392836e-40,1.348937821947641e-41,2.2630509305892533e-43,3553,0,3.452485998463302e-39,1.0804857782957747e-40,5.178728997694951e-42,1.6207286674436617e-43,1021,0,1.2418446866209789e-41,1.2223857558202053e-42,2.105167444614232e-42,6.199612808174368e-42,4.1296358156606664e-43,6.953733944251169e-43,0.9206092871115159,0.15682349752794736,1.1971301859845942,0.13940371900671883,0.6494060978321505,0.6494060978321505,0.3393889540191068,False,False,False,False,False
2,4,5,2.5,3.0,0.4,0.475,0.16,0.24,4.974833078221392e-39,7.934635690534586e-41,1.4924499234664165e-41,2.3803907071603745e-43,3931,0,1.9747814134207332e-39,5.77826705220897e-41,5.924344240262195e-42,1.7334801156626901e-43,1168,0,1.5245591581494115e-41,1.7793580325309226e-42,2.940935270657019e-42,6.876367851364554e-42,5.34048813531534e-43,1.078441652579522e-42,1.0215144469359596,0.19772660439124323,1.1606968758892082,0.18517668555170952,0.8850086031548889,0.8850086031548889,0.4317111920582613,False,False,False,False,False
2,4,6,2.5,3.0,0.4,0.475,0.24,0.32,2.6652247424915407e-39,5.807706397467809e-41,7.995674227474619e-42,1.7423119192403421e-43,2106,0,1.1226497076295947e-39,4.3567258038038536e-41,3.367949122888783e-42,1.3070177411411556e-43,664,0,9.38904268921284e-42,1.3752530968392299e-42,1.9391274468999497e-42,4.670400667441752e-42,4.4614730880761126e-43,7.634521385562174e-43,1.174265286715953,0.24386820457712222,1.3867194832907157,0.2329820254696019,0.9658967477676283,0.9658967477676283,0.5343660118427825,False,False,False,False,False
2,4,7,2.5,3.0,0.4,0.475,0.32,0.4,2.2349415456980348e-39,5.31827535327221e-41,6.704824637094102e-42,1.5954826059816629e-43,1766,0,9.045445686473389e-40,3.9106871941219197e-41,2.713633705942016e-42,1.1732061582365757e-43,535,0,5.109884444111688e-42,1.2316336915428873e-42,1.6012999827744758e-42,3.1897546499324825e-42,3.7383556550620746e-43,6.09895132800672e-43,0.7621205207726853,0.23951558810064758,1.1754551260724353,0.2304260322375866,0.3567346578825459,0.3567346578825459,0.5255024404961588,False,False,False,False,False
2,4,8,2.5,3.0,0.4,0.475,0.4,0.6,1.0422977672915642e-39,2.2970139576029837e-41,7.817233254686725e-42,1.7227604682022364e-43,2059,0,4.808457482678568e-40,1.8033124452929542e-41,3.606343112008923e-42,1.3524843339697145e-43,711,0,2.4688935826393708e-42,1.171111713567299e-42,1.3747592096572518e-42,3.0212308049631456e-42,5.504155903226444e-43,7.742190057766055e-43,0.31582703268565976,0.1760003106239179,0.8377546758938755,0.21696938123377824,-0.1960635404608596,0.0,0.40843069559742445,False,False,False,False,False
2,4,9,2.5,3.0,0.4,0.475,0.6,0.799,2.966066848721419e-40,1.2284193745239028e-41,2.213427385858359e-42,9.167079582384625e-44,583,0,1.6720459410115655e-40,1.0660575551610503e-41,1.2477642834798805e-42,7.955454505389336e-44,246,0,1.1404122994380757e-43,2.1112779481831187e-43,2.262014588270174e-43,5.130244420520325e-43,3.2419396586804598e-43,3.8137065475332985e-43,0.05152246270757276,0.10221738662507596,0.4111549343448608,0.306765297146917,-0.3011939998597674,0.0,0.3626486544024055,False,False,False,False,False
2,5,0,2.5,3.0,0.475,0.55,0.0,0.02,1.9489297737117606e-39,9.93266585481366e-41,1.4616973302838218e-42,7.449499391110251e-44,385,0,7.101097548259476e-40,6.929961615361071e-41,5.3258231611946125e-43,5.19747121152081e-44,105,0,4.228828678236826e-42,9.029759963673945e-43,1.0888622145041807e-42,1.933115886235955e-42,2.4874462529925325e-43,3.221936546596424e-43,2.8930946172116925,0.7593819711718638,3.6297034800576182,0.7010395291487437,2.1706513094204962,2.1706513094204962,1.6538544799917325,False,False,False,False,False
2,5,1,2.5,3.0,0.475,0.55,0.02,0.04,2.257721244351806e-39,1.0690619937388247e-40,1.693290933263856e-42,8.017964953041194e-44,446,0,9.129982562047897e-40,7.857837869772362e-41,6.847486921535928e-43,5.893378402329277e-44,135,0,4.172340647385008e-42,7.521751423194659e-43,1.1030932147851961e-42,1.7246808864849352e-42,1.6819661711748965e-43,2.5783348487469906e-43,2.46404239544514,0.6618152664052447,2.5187063608119753,0.43447913883086303,2.4104296601815127,2.4104296601815127,1.3784226392187449,False,False,False,False,False
2,5,2,2.5,3.0,0.475,0.55,0.04,0.08,3.4220169533224675e-39,9.306659203960176e-41,5.1330254299837066e-42,1.395998880594028e-43,1352,0,1.2612901835718019e-39,6.530713018100544e-41,1.891935275357705e-42,9.79606952715083e-44,373,0,1.4453871395184382e-41,1.6230254384083742e-42,2.5125381716144344e-42,5.3034059851312145e-42,3.9572410464857594e-43,5.513234109753066e-43,2.8158581312990423,0.49543930346522874,2.8031645977574517,0.32555247646940677,2.8283075584263715,2.8283075584263715,1.0319868849093286,False,False,False,False,False
2,5,3,2.5,3.0,0.475,0.55,0.08,0.12,6.854158217157725e-39,1.3171334983049812e-40,1.0281237325736596e-41,1.9757002474574737e-43,2708,0,2.600354292672161e-39,9.377117409722222e-41,3.900531439008244e-42,1.4065676114583349e-43,769,0,1.5382541952630048e-41,1.4850689452642074e-42,2.3626736385101558e-42,5.677787957378152e-42,3.693426042609555e-43,5.511900768189605e-43,1.4961761376836975,0.23159599696494598,1.4556447105120107,0.1507459715343143,1.5359281143328518,1.5359281143328518,0.4819745816744223,False,False,False,False,False
2,5,4,2.5,3.0,0.475,0.55,0.12,0.16,9.273868429714141e-39,1.532086189132085e-40,1.3910802644571227e-41,2.2981292836981298e-43,3664,0,3.7771076006694444e-39,1.1301413633158594e-40,5.665661401004173e-42,1.6952120449737908e-43,1117,0,1.1677992518348144e-41,1.1718227319004648e-42,1.9946239504751378e-42,5.602687417551763e-42,3.7861479291459595e-43,5.8024092865911014e-43,0.8394909205979965,0.14405584341299416,0.9888849722926879,0.10660213413540083,0.6929698314358952,0.6929698314358952,0.3038928175110559,False,False,False,False,False
2,5,5,2.5,3.0,0.475,0.55,0.16,0.24,7.211040162733514e-39,9.55293212367949e-41,2.1633120488200563e-41,2.86587963710385e-43,5698,0,2.8691815569991268e-39,6.96493566782545e-41,8.607544670997387e-42,2.0894807003476367e-43,1697,0,1.631277651258153e-41,1.577025825083848e-42,2.8899704678442087e-42,8.637070712275194e-42,6.1231637591900636e-43,1.01418900480705e-42,0.7540648849748269,0.13396306736976096,1.0034302512977125,0.12031705547117719,0.5094950064658431,0.5094950064658431,0.29040549552037737,False,False,False,False,False
2,5,6,2.5,3.0,0.475,0.55,0.24,0.32,3.8358481455326916e-39,6.967362996973494e-41,1.1507544436598088e-41,2.0902088990920507e-43,3031,0,1.5994376858698722e-39,5.200220469164277e-41,4.798313057609622e-42,1.5600661407492846e-43,946,0,1.4535215194403038e-41,1.8875479268775078e-42,2.8267980041998152e-42,5.826540557399322e-42,5.172014237033729e-43,8.351452369605186e-43,1.2631031124395122,0.2467164366586847,1.2142893736704066,0.1784712461539548,1.310978125463058,1.310978125463058,0.5190905213234905,False,False,False,False,False
2,5,7,2.5,3.0,0.475,0.55,0.32,0.4,2.4348966783256022e-39,5.551086609611373e-41,7.304690034976814e-42,1.6653259828834141e-43,1924,0,1.0567109446814694e-39,4.2268437787258766e-41,3.1701328340444115e-42,1.2680531336177644e-43,625,0,8.418025797665652e-42,1.557646477550431e-42,2.112881126739892e-42,3.3283650685049955e-42,4.199132204499553e-43,6.5662296053538155e-43,1.1524138269191284,0.2904406725085137,1.0499134398285492,0.211342557563982,1.252943052719504,1.252943052719504,0.6114979243982115,False,False,False,False,False
2,5,8,2.5,3.0,0.475,0.55,0.4,0.6,1.3191976598163245e-39,2.5841794380155017e-41,9.893982448622439e-42,1.9381345785116275e-43,2606,0,6.093417991411228e-40,2.0300118592036998e-41,4.570063493558424e-42,1.522508894402776e-43,901,0,8.515164204379429e-42,2.1356106348038163e-42,2.579905342691291e-42,3.3636361391739894e-42,7.0033781370147e-43,1.08828228077362e-42,0.8606407226409638,0.26129943933562827,0.7360151875165601,0.23939193653602378,0.982869612859129,0.982869612859129,0.568338148679729,False,False,False,False,False
2,5,9,2.5,3.0,0.475,0.55,0.6,0.799,3.622366374424781e-40,1.3575391933922109e-41,2.7031909069144966e-42,1.0130636230689386e-43,712,0,2.127440567222029e-40,1.2025005054115414e-41,1.5876025232894414e-42,8.973660021633638e-44,313,0,1.282705554762704e-42,9.04928289670181e-43,1.0707405517536813e-42,8.339297711452542e-44,8.241329486436931e-44,1.2801800047592074e-43,0.47451534091864145,0.39650144607908633,0.0525276168884759,0.08069069429735477,0.8883879164097654,0.8883879164097654,0.7893550299100728,False,False,False,False,False
2,6,0,2.5,3.0,0.55,0.7,0.0,0.02,1.5338330426874398e-39,6.23077081887599e-41,2.3007495640311585e-42,9.34615622831398e-44,606,0,6.729135295731608e-40,4.770157537102346e-41,1.0093702943597408e-42,7.155236305653517e-44,199,0,4.68435565122606e-42,1.01699605607994e-42,1.2350232667961188e-42,1.2159198179416353e-42,1.9141694904469877e-43,2.649206270525697e-43,2.0360128387978786,0.5431259858658437,1.2046320609354886,0.27600376850170916,2.8514055247782997,2.8514055247782997,1.1093410416655447,False,False,False,False,False
2,6,1,2.5,3.0,0.55,0.7,0.02,0.04,1.5971099833923672e-39,6.357994454806211e-41,2.3956649750885493e-42,9.536991682209314e-44,631,0,7.134912298489293e-40,4.911876192301614e-41,1.0702368447733933e-42,7.367814288452419e-44,211,0,2.538054410189879e-42,5.4221337758304646e-43,6.912665906417721e-43,1.67802829935886e-42,2.12214800619963e-43,3.2412151038403533e-43,1.0594362887056303,0.29161492300556435,1.5679036911817004,0.32151064859551154,0.5607471055079465,0.5607471055079465,0.6580870852604551,False,False,False,False,False
2,6,2,2.5,3.0,0.55,0.7,0.04,0.08,1.7894718831353465e-39,4.75882981923687e-41,5.368415649406037e-42,1.4276489457710598e-43,1414,0,7.388522925212846e-40,3.53440983251289e-41,2.216556877563853e-42,1.0603229497538663e-43,437,0,6.776372357738575e-42,1.0233876537760745e-42,1.4885090984897526e-42,4.374538057029997e-42,3.674267676819726e-43,5.054728381131913e-43,1.262266709636821,0.27929616113712924,1.9735735641658392,0.24681402469189906,0.5646388330795147,0.5646388330795147,0.6038629533271737,False,False,False,False,False
2,6,3,2.5,3.0,0.55,0.7,0.08,0.12,2.7449536877797505e-39,5.893933690489079e-41,8.234861063339244e-42,1.7681801071467225e-43,2169,0,1.0854534823768072e-39,4.2839431831343215e-41,3.2563604471304195e-42,1.2851829549402957e-43,642,0,1.1951496727279915e-41,1.3206886405789793e-42,2.1456221810412068e-42,7.09222814254503e-42,4.866658530868499e-43,6.644584433497921e-43,1.4513294924290527,0.2624104894996527,2.1779616408235354,0.22141549012737288,0.7386710391960025,0.7386710391960025,0.5633143340452699,False,False,False,False,False
2,6,4,2.5,3.0,0.55,0.7,0.12,0.16,4.692617922677414e-39,7.706289717420936e-41,1.4077853768032236e-41,2.31188691522628e-43,3708,0,1.880100112777273e-39,5.63804557096675e-41,5.6403003383318165e-42,1.6914136712900246e-43,1112,0,1.8206821965117148e-41,1.7760519692007437e-42,2.9414583007766616e-42,9.480618522472508e-42,5.5846395872783265e-43,8.444607791249673e-43,1.2932952895462593,0.21001890827785524,1.6808712220591624,0.15797650541918654,0.913172740350912,0.913172740350912,0.44391564321678684,False,False,False,False,False
2,6,5,2.5,3.0,0.55,0.7,0.16,0.24,6.787717429417561e-39,6.553670676064347e-41,4.0726304576505335e-41,3.932202405638606e-43,10727,0,2.711942968430528e-39,4.788101766748486e-41,1.6271657810583155e-41,2.8728610600490897e-43,3208,0,4.344908127736064e-41,3.3308449542825035e-42,6.228759528890404e-42,1.8480876259751784e-41,9.341852271817517e-43,1.6543937315758518e-42,1.0668554814675244,0.15328841287155148,1.1357709506238352,0.10363194179871599,0.9992653097949891,0.9992653097949891,0.32018907348492215,False,False,False,False,False
2,6,6,2.5,3.0,0.55,0.7,0.24,0.32,6.002450595269412e-39,6.162927148694185e-41,3.601470357161646e-41,3.6977562892165095e-43,9486,0,2.443115704103561e-39,4.54459424252543e-41,1.4658694224621358e-41,2.7267565455152573e-43,2890,0,3.8339679767498187e-41,3.3784765097414806e-42,5.837823960050149e-42,1.6890891366382838e-41,9.477306215689553e-43,1.7399748955696308e-42,1.0645563052117988,0.16246366678077562,1.1522780342884968,0.12061890861720823,0.9785215324634986,0.9785215324634986,0.3428584537793432,False,False,False,False,False
2,6,7,2.5,3.0,0.55,0.7,0.32,0.4,3.838379223160895e-39,4.928294781229885e-41,2.3030275338965356e-41,2.95697686873793e-43,6066,0,1.6290255923209554e-39,3.710966636952447e-41,9.774153553925728e-42,2.2265799821714678e-43,1927,0,2.3434503915306427e-41,3.0365977053403666e-42,4.378753749098349e-42,1.2411143176085255e-41,9.452645938908658e-43,1.531075061247584e-42,1.0175520513928529,0.19057867617065002,1.2697921213955552,0.15929366464391584,0.7701627519671255,0.7701627519671255,0.40854425675485784,False,False,False,False,False
2,6,8,2.5,3.0,0.55,0.7,0.4,0.6,1.7304977743983547e-39,2.0928507358205318e-41,2.59574666159753e-41,3.1392761037307952e-43,6837,0,8.179788080590334e-40,1.6631220366464852e-41,1.2269682120885491e-41,2.4946830549697263e-43,2419,0,1.2382866392754218e-41,3.0655713095945064e-42,4.2216975727039056e-42,9.615292949931519e-42,1.400110032245864e-42,2.937702073468831e-42,0.47704448881514844,0.16274134118849234,0.783662759572584,0.2399573126647195,0.17632272326458664,0.17632272326458664,0.3991211503528047,False,False,False,False,False
2,6,9,2.5,3.0,0.55,0.7,0.6,0.799,5.471706510805981e-40,1.179784237899507e-41,8.166521967377924e-42,1.7608279750650137e-43,2151,0,2.946471200928917e-40,1.0006740829504647e-41,4.397608267386408e-42,1.4935060688035684e-43,867,0,1.582078012570381e-42,1.198348884023126e-42,1.4818618784970645e-42,2.5097140073453707e-43,1.9514659771799442e-43,3.4803912864037554e-43,0.19372727078800092,0.1815037609835129,0.0570699765588022,0.07916655162885232,0.3277565401281766,0.3277565401281766,0.3678058306980298,False,False,False,False,False
2,7,0,2.5,3.0,0.7,0.85,0.0,0.02,1.0073688960224432e-39,5.049484009345915e-41,1.511053344033665e-42,7.574226014018873e-44,398,0,4.93695353355183e-40,4.0858518161237613e-41,7.405430300327747e-43,6.128777724185645e-44,146,0,7.137033886460266e-43,3.3646599057610822e-43,4.2935958285823344e-43,8.755982805785143e-43,2.2548959577629683e-43,2.702997660808416e-43,0.47232176909177725,0.28513050279813057,1.1823732653857566,0.37789141980658714,-0.2240748907350102,0.0,0.6755266355677447,False,False,False,False,False
2,7,1,2.5,3.0,0.7,0.85,0.02,0.04,1.1187363116631156e-39,5.321285982074484e-41,1.6781044674946734e-42,7.981928973111729e-44,442,0,4.9707682837816356e-40,4.099820581029402e-41,7.456152425672457e-43,6.149730871544106e-44,147,0,7.822802814214328e-43,3.519022699928688e-43,3.806719323432407e-43,7.345553281392382e-43,1.5307655404270566e-43,1.668379249097925e-43,0.46616899994869715,0.22792749293854725,0.985166727024079,0.23805540736751418,-0.04284800160600433,0.0,0.5082700655535187,False,False,False,False,False
2,7,2,2.5,3.0,0.7,0.85,0.04,0.08,1.0541938321440892e-39,3.652565142693055e-41,3.162581496432269e-42,1.0957695428079165e-43,833,0,4.784787157517697e-40,2.84426073553612e-41,1.4354361472553098e-42,8.532782206608362e-44,283,0,3.0710425324354216e-42,7.230676628032546e-43,9.023904763936613e-43,1.698808280592698e-42,2.55902452354236e-43,3.226912029700643e-43,0.971055618930259,0.2873102905683449,1.1834788219879935,0.2355543463001908,0.7627174774697889,0.7627174774697889,0.6142001742478344,False,False,False,False,False
2,7,3,2.5,3.0,0.7,0.85,0.08,0.12,1.0238209006057244e-39,3.5995625962078707e-41,3.0714627018171737e-42,1.0798687788623617e-43,809,0,4.7509724072878915e-40,2.834192524345737e-41,1.4252917221863674e-42,8.502577573037211e-44,281,0,4.168200810643293e-42,8.951297697977771e-43,1.2251594843887174e-42,1.830491836841029e-42,2.5723308227641087e-43,3.4585939974835605e-43,1.3570735559241056,0.401728087368203,1.28429275799981,0.2544661296879883,1.4284547231190878,1.4284547231190878,0.833950658421244,False,False,False,False,False
2,7,4,2.5,3.0,0.7,0.85,0.12,0.16,1.1567024760860717e-39,3.8260317299400686e-41,3.470107428258216e-42,1.1478095189820211e-43,914,0,5.2074715353902855e-40,2.9672322903511637e-41,1.5622414606170858e-42,8.901696871053495e-44,308,0,7.231210446165873e-42,1.2461495087733669e-42,1.8245227970224838e-42,3.389898994755055e-42,3.42650181779082e-43,6.35184151903126e-43,2.0838578043088143,0.5302816288412389,2.16989439866488,0.42496896202521994,1.9994757598442114,1.9994757598442114,1.1300385225815086,False,False,False,False,False
2,7,5,2.5,3.0,0.7,0.85,0.16,0.24,2.226715543406393e-39,3.7536615112029804e-41,1.3360293260438358e-41,2.2521969067217884e-43,3519,0,9.53575956480559e-40,2.839231092811021e-41,5.721455738883354e-42,1.7035386556866131e-43,1128,0,1.960191676372692e-41,2.338064179506641e-42,3.677965052318974e-42,1.1809982910341432e-41,8.387647446835618e-43,1.568359459103408e-42,1.467177133137553,0.27639953561392094,2.0641569994293736,0.2809242888050205,0.8816776488898057,0.8816776488898057,0.612903510769185,False,False,False,False,False
2,7,6,2.5,3.0,0.7,0.85,0.24,0.32,3.756751969651536e-39,4.875610440003991e-41,2.2540511817909218e-41,2.9253662640023967e-43,5937,0,1.6467783361916032e-39,3.731132472928839e-41,9.880670017149621e-42,2.238679483757304e-43,1948,0,2.50071545667324e-41,2.764447030868901e-42,3.879288438313642e-42,1.3463210229098994e-41,8.832618932966997e-43,1.3761763203308409e-42,1.10943153237822,0.17270419741422474,1.3625806960187166,0.14266014181726608,0.8611506218846559,0.8611506218846559,0.3695947806364762,False,False,False,False,False
2,7,7,2.5,3.0,0.7,0.85,0.32,0.4,4.36294506160474e-39,5.254272699070905e-41,2.6177670369628444e-41,3.152563619442545e-43,6895,0,1.9189870755415497e-39,4.0277186052921255e-41,1.1513922453249302e-41,2.416631163175276e-43,2270,0,2.402544682485074e-41,3.0593810574718066e-42,4.170266329631447e-42,1.2950618888288374e-41,9.630431071010307e-43,1.6998004228420628e-42,0.9177839924489717,0.15968921121954077,1.124779061251505,0.14950566307606022,0.714769598046487,0.714769598046487,0.34864156211482183,False,False,False,False,False
2,7,8,2.5,3.0,0.7,0.85,0.4,0.6,2.6669964968312785e-39,2.5981484113902483e-41,4.0004947452469165e-41,3.897222617085372e-43,10537,0,1.2579087085488228e-39,2.0624225753098607e-41,1.8868630628232336e-41,3.093633862964792e-43,3720,0,3.0317104960299356e-41,5.731195257026234e-42,7.568128450564253e-42,1.1682875857751256e-41,1.6071850354009195e-42,4.9978334783141867e-42,0.7578338903286858,0.1893238118240254,0.6191692491065389,0.2650697284479644,0.893831903835022,0.893831903835022,0.4563065287283807,False,False,False,False,False
2,7,9,2.5,3.0,0.7,0.85,0.6,0.799,8.274970376407179e-40,1.4508563540794284e-41,1.2350393286787719e-41,2.165403108463548e-43,3253,0,4.475781512829736e-40,1.2333206144736583e-41,6.680103907898384e-42,1.840731017101936e-43,1317,0,3.0859629551491896e-42,1.868771627257933e-42,2.626277895476169e-42,3.4530875997703373e-43,2.4039255106154442e-43,4.384211282634887e-43,0.24986758587279245,0.2126924320261825,0.051692124065428,0.06564633969857313,0.44423198110693835,0.44423198110693835,0.4261859323242856,False,False,False,False,False
2,8,0,2.5,3.0,0.85,1.0,0.0,0.02,5.5936815583155765e-40,3.7627174025577855e-41,8.390522337473367e-43,5.64407610383668e-44,221,0,2.97569802022302e-40,3.1721047478475984e-41,4.463547030334533e-43,4.758157121771398e-44,88,0,2.067414856571111e-43,2.391750548069086e-43,2.9565010176760263e-43,4.948894564504613e-43,1.6744646810920096e-43,2.210785494665528e-43,0.24639882636837965,0.35275158073658686,1.108735839652104,0.509204554451782,-0.5993547828137349,0.0,0.8588488880989508,False,False,False,False,False
2,8,1,2.5,3.0,0.85,1.0,0.02,0.04,6.150518636518938e-40,3.9455595449444645e-41,9.225777954778408e-43,5.918339317416698e-44,243,0,3.0433275206826347e-40,3.2079488770767724e-41,4.5649912810239534e-43,4.811923315615161e-44,90,0,1.892700169441857e-43,1.35971953032904e-43,1.5656129489371461e-43,2.2140338516690463e-43,8.745929498021348e-44,1.0351746356420642e-43,0.20515344925048298,0.17020938174143843,0.4850028653663553,0.2324552637612403,-0.06931424732469949,0.0,0.40699415101585285,False,False,False,False,False
2,8,2,2.5,3.0,0.85,1.0,0.04,0.08,5.872100097417257e-40,2.726054033498492e-41,1.7616300292251774e-42,8.178162100495477e-44,464,0,2.992605395337924e-40,2.2493799587855858e-41,8.977816186013775e-43,6.748139876356759e-44,177,0,6.006919094396906e-43,2.885572808737532e-43,4.988940670467606e-43,1.119195649610839e-42,3.211344530280193e-43,3.902525240748572e-43,0.34098641569132115,0.2836423240579028,1.2466234843996857,0.4446700095382549,-0.5472345555418826,0.0,0.7112330306240918,False,False,False,False,False
2,8,3,2.5,3.0,0.85,1.0,0.08,0.12,4.366108908639987e-40,2.3506340188266967e-41,1.3098326725919961e-42,7.051902056480092e-44,345,0,2.383939891201397e-40,2.0076395590823648e-41,7.151819673604192e-43,6.022918677247095e-44,141,0,1.209123349538232e-42,6.2920618235380194e-43,7.618645697973459e-43,8.489763210124902e-43,1.8813288886257913e-43,3.2555808194095112e-43,0.9231128332945971,0.5837696782160696,1.187077358991414,0.46605821531183284,0.6642245484765652,0.6642245484765652,1.24338093140278,False,False,False,False,False
2,8,4,2.5,3.0,0.85,1.0,0.12,0.16,3.9358257118464794e-40,2.2318020082141607e-41,1.1807477135539444e-42,6.695406024642485e-44,311,0,2.164144014707651e-40,1.9128511353300743e-41,6.492432044122956e-43,5.738553405990225e-44,128,0,6.692974429137817e-43,2.77813835413332e-43,3.6699809865433165e-43,1.675941693222005e-42,3.0969866817709363e-43,7.504746919147567e-43,0.5668420402011676,0.3124759509200622,2.5813773356920877,1.1782253626813424,-1.4089521919149273,0.0,1.3108873483383776,False,False,False,False,False
2,8,5,2.5,3.0,0.85,1.0,0.16,0.24,4.948256763125319e-40,1.7694930059003807e-41,2.968954057875192e-42,1.0616958035402283e-43,782,0,2.476930454333367e-40,1.4470382221099527e-41,1.4861582726000198e-42,8.682229332659718e-44,293,0,2.3535152090131333e-42,6.393615999692941e-43,1.0091406639213162e-42,2.5737021602137632e-42,3.810807094024304e-43,8.906412413646898e-43,0.792708530726638,0.3410777214280025,1.7317820098064627,0.6077708480981788,-0.1283058429862669,0.0,0.9009690232767101,False,False,False,False,False
2,8,6,2.5,3.0,0.85,1.0,0.24,0.32,7.523628249815859e-40,2.181907831805721e-41,4.5141769498895156e-42,1.3091446990834332e-43,1189,0,3.778798338180937e-40,1.7873102834594664e-41,2.267279002908563e-42,1.0723861700756805e-43,447,0,4.0466178681645597e-42,1.0122186795632928e-42,1.22622701027096e-42,5.667244417705795e-42,6.8143105711916635e-43,1.6026393405242138e-42,0.8964242902050175,0.2728802824311748,2.4995796328707716,0.7166746403366904,-0.6759011420248568,0.0,0.8866859284498461,False,False,False,False,False
2,8,7,2.5,3.0,0.85,1.0,0.32,0.4,1.2718665081690394e-39,2.8368965723479464e-41,7.631199049014237e-42,1.7021379434087684e-43,2010,0,6.128923479152527e-40,2.2762250362450035e-41,3.677354087491517e-42,1.3657350217470024e-43,725,0,8.451560301992021e-42,1.875490595981255e-42,2.3518467716440428e-42,7.569344936016391e-42,8.706260832137285e-43,1.1958870518606427e-42,1.1075009638339541,0.30917680618579646,2.05836717268088,0.33406741913382937,0.1749206436187003,0.1749206436187003,0.69454546788263,False,False,False,False,False
2,8,8,2.5,3.0,0.85,1.0,0.4,0.6,1.6834197305138872e-39,2.06418652712619e-41,2.525129595770831e-41,3.096279790689285e-43,6651,0,8.365769206854265e-40,1.6819226980155424e-41,1.2548653810281398e-41,2.5228840470233137e-43,2474,0,2.5112826296070955e-41,4.836831945094512e-42,5.960244639298252e-42,1.40579080634197e-41,1.747377169628437e-42,4.892238702751709e-42,0.9945163344539121,0.23635197965358287,1.1202722041707562,0.3905116832761782,0.8711788468470072,0.8711788468470072,0.6048661069834422,False,False,False,False,False
2,8,9,2.5,3.0,0.85,1.0,0.6,0.799,1.0414303326471254e-39,1.6276323144507228e-41,1.5543347714758356e-41,2.429241229317705e-43,4094,0,5.8351684567415765e-40,1.4082126806364072e-41,8.708988921686808e-42,2.101757425849839e-43,1717,0,1.4858466206560566e-41,5.160619666833156e-42,6.385890545665136e-42,3.0493095630243786e-42,9.095216532755129e-43,2.0893844591137064e-42,0.9559373231065598,0.4111155179567143,0.350133590758291,0.2400600132490693,1.5500909836789003,1.5500909836789003,0.8476784671279407,False,False,False,False,False
3,0,0,3.0,3.5,0.0,0.15,0.0,0.02,1.3769062297392188e-39,5.903436756854556e-41,2.065359344608829e-42,8.855155135281837e-44,544,0,5.410360036769129e-40,4.277265169435697e-41,8.115540055153694e-43,6.415897754153545e-44,160,0,5.6729803293107085e-42,8.661272547334948e-43,1.0928049307886456e-42,2.640376532993501e-42,2.5079096175283305e-43,3.2613582215480697e-43,2.7467279939051714,0.5420584304074487,3.2534822267518178,0.47713028590393075,2.249719034767114,2.249719034767114,1.1712376074664164,False,False,False,False,False
3,0,1,3.0,3.5,0.0,0.15,0.02,0.04,1.8375623580710905e-39,6.81983355730243e-41,2.7563435371066352e-42,1.0229750335953646e-43,726,0,8.318428556532535e-40,5.303636336926222e-41,1.2477642834798805e-42,7.955454505389336e-44,246,0,2.3378366018358738e-42,6.161303466320564e-43,7.666341376766582e-43,1.24342684728257e-42,1.6464064985696612e-43,1.9900984095304976e-43,0.8481659018055228,0.27991011079920963,0.9965238336641485,0.17168252473381668,0.7026610070980244,0.7026610070980244,0.5794418853219597,False,False,False,False,False
3,0,2,3.0,3.5,0.0,0.15,0.04,0.08,1.0921599965670459e-39,3.7177558645792387e-41,3.276479989701138e-42,1.115326759373772e-43,863,0,4.869324033092216e-40,2.8692767029951124e-41,1.4607972099276648e-42,8.607830108985337e-44,288,0,5.858887178656328e-43,2.5191448287094227e-43,2.7099032313183052e-43,8.70015902992892e-43,1.462579246365964e-43,1.8456946614120817e-43,0.1788165103120542,0.0829314480419571,0.5955760985030722,0.1311318662687401,-0.22992847041375197,0.0,0.2086253902014878,False,False,False,False,False
3,0,3,3.0,3.5,0.0,0.15,0.08,0.12,4.011758040692395e-40,2.2532277987962436e-41,1.2035274122077182e-42,6.759683396388729e-44,317,0,1.4709416349966071e-40,1.577014964894663e-41,4.412824904989821e-43,4.731044894683989e-44,87,0,9.182089864241095e-43,3.4188506864291656e-43,4.057452180707232e-43,6.4600131559193675e-43,1.2420949381403993e-43,1.529209779819172e-43,0.7629315104171759,0.3398423378267602,1.4639178519443814,0.3804223103245155,0.0754256754578011,0.0754256754578011,0.7696352157686004,False,False,False,False,False
3,0,4,3.0,3.5,0.0,0.15,0.12,0.16,3.6320963964628284e-40,2.143958713751544e-41,1.089628918938849e-42,6.431876141254632e-44,287,0,1.6907375114903523e-40,1.6907375114903522e-41,5.072212534471058e-43,5.07221253447106e-44,100,0,1.0904880167447941e-42,4.65624996016329e-43,5.214799664005916e-43,8.178941903651614e-43,1.6307938451377885e-43,1.9619460530391616e-43,1.0007884315394104,0.482217109181986,1.6124998406646092,0.4190679776992399,0.40084070335892696,0.40084070335892696,1.0398367937716158,False,False,False,False,False
3,0,5,3.0,3.5,0.0,0.15,0.16,0.24,4.100345757679293e-40,1.6107679391469556e-41,2.460207454607576e-42,9.664607634881733e-44,648,0,2.1387829520352967e-40,1.3446413213087996e-41,1.2832697712211778e-42,8.067847927852796e-44,253,0,1.7868861319339986e-42,6.819513026754989e-43,7.518992890604692e-43,9.730274662787937e-43,2.1327657325439306e-43,2.6145624332875838e-43,0.726315225404039,0.30695331067957515,0.758240775322594,0.209244695806179,0.6950036283685331,0.6950036283685331,0.641704002280228,False,False,False,False,False
3,0,6,3.0,3.5,0.0,0.15,0.24,0.32,3.720684113449727e-40,1.534384267478403e-41,2.232410468069837e-42,9.20630560487042e-44,588,0,2.2148661400523612e-40,1.3683488710698695e-41,1.3289196840314173e-42,8.210093226419218e-44,262,0,5.744756759418538e-43,3.1993317810806152e-43,3.498383829746993e-43,2.7528018163283197e-43,7.945058319575737e-44,9.980531284771629e-44,0.2573342510969996,0.15706772758696572,0.2071458380372098,0.0761851406517342,0.30655750236717805,0.30655750236717805,0.31996184039068937,False,False,False,False,False
3,0,7,3.0,3.5,0.0,0.15,0.32,0.4,2.3602298882937896e-40,1.2220807121117795e-41,1.416137932976274e-42,7.332484272670678e-44,373,0,1.1243404451410846e-40,9.749268091210211e-42,6.746042670846508e-43,5.849560854726128e-44,133,0,7.712738829883863e-44,1.070157915761486e-43,1.2211556806686482e-43,1.3769881946880134e-43,6.492106243401271e-44,7.285778480349164e-44,0.054463189286047334,0.08627750652069144,0.20411791947874322,0.10944145404630108,-0.09231356532601981,0.0,0.20180826474386032,False,False,False,False,False
3,0,8,3.0,3.5,0.0,0.15,0.4,0.6,6.909841924978067e-41,4.182026579385925e-42,1.0364762887467099e-42,6.273039869078885e-44,273,0,4.632620781483568e-41,3.9579150399582916e-42,6.94893117222535e-43,5.936872559937437e-44,137,0,1.6841851069751007e-43,2.613147538603244e-43,2.7953731729643586e-43,4.0645781237986245e-43,1.5953542494705309e-43,1.9365090416926223e-43,0.1624914265054331,0.2698789176622936,0.5849213387009228,0.28312246751398984,-0.25181483353245104,0.0,0.6023850562780789,False,False,False,False,False
3,0,9,3.0,3.5,0.0,0.15,0.6,0.799,2.18766508567789e-41,2.3590199302898452e-42,3.265090140374252e-43,3.520837245957596e-44,86,0,2.48088117263911e-41,2.9036517850296307e-42,3.7027151501638736e-43,4.3337002891567253e-44,73,0,4.283947586684541e-44,1.5220484780288846e-43,1.6931064300193624e-43,3.5835794888813346e-43,1.630712297955814e-43,1.7843328043189012e-43,0.1312045733044756,0.5187411176683482,0.9678247835842122,0.49503277086347364,-0.6893267867775739,0.0,1.1364384186506282,False,False,False,False,False
3,1,0,3.0,3.5,0.15,0.25,0.0,0.02,3.3941750994123034e-39,1.1351819673717155e-40,3.3941750994123025e-42,1.1351819673717158e-43,894,0,1.3948584469795409e-39,8.411312916889052e-41,1.3948584469795413e-42,8.411312916889053e-44,275,0,9.039745158692703e-42,1.1537226018951156e-42,1.5358393087026655e-42,5.330918002561234e-42,3.5953575736080466e-43,5.5481216147869934e-43,2.6633113772645154,0.461176607694409,3.821834404849415,0.4596992766035286,1.527067638671633,1.527067638671633,1.018689140538432,False,False,False,False,False
3,1,1,3.0,3.5,0.15,0.25,0.02,0.04,6.73140095219017e-39,1.598641533764519e-40,6.73140095219017e-42,1.598641533764519e-43,1773,0,3.0636163708205185e-39,1.2465678223380616e-40,3.063616370820519e-42,1.2465678223380617e-43,604,0,9.014511913385842e-42,1.0981889378308638e-42,1.497459024366727e-42,3.3378896541232857e-42,2.441447111359009e-43,3.9983606526149995e-43,1.3391732237332892,0.2247206971618096,1.0895259882781305,0.13783504704833702,1.58401955081431,1.58401955081431,0.46519510838861305,False,False,False,False,False
3,1,2,3.0,3.5,0.15,0.25,0.04,0.08,5.6626534236839485e-39,1.0367961008650683e-40,1.1325306847367898e-41,2.0735922017301372e-43,2983,0,2.4879202481580537e-39,7.94331803073238e-41,4.975840496316108e-42,1.5886636061464765e-43,981,0,7.785849454372986e-42,1.005571486918262e-42,1.5323204837883258e-42,4.612195793583604e-42,3.312944838311649e-43,5.378183468844287e-43,0.6874735986674381,0.13588481270599645,0.9269179341657493,0.11206420312014133,0.45263396192870986,0.45263396192870986,0.2907322014075119,False,False,False,False,False
3,1,3,3.0,3.5,0.15,0.25,0.08,0.12,2.4696989957133152e-39,6.847079601788708e-41,4.9393979914266286e-42,1.3694159203577417e-43,1301,0,1.1412478202559885e-39,5.379893818115836e-41,2.2824956405119766e-42,1.0759787636231671e-43,450,0,3.282577884679343e-42,6.149197702825506e-43,8.46104035011727e-43,2.3791417499786158e-42,2.244596004631689e-43,3.19906316402574e-43,0.6645704376073668,0.17228503487962935,1.0423422975059706,0.14852004578959468,0.2940634211683515,0.2940634211683515,0.37104479276096847,False,False,False,False,False
3,1,4,3.0,3.5,0.15,0.25,0.12,0.16,1.1275950833618052e-39,4.626578667732319e-41,2.255190166723611e-42,9.25315733546464e-44,594,0,5.80768335196936e-40,3.8378251845347176e-41,1.1615366703938725e-42,7.675650369069437e-44,229,0,2.6942148539609258e-42,6.150667845091542e-43,7.35937769490016e-43,1.9103516099000686e-42,2.161892979831751e-43,3.116460242484421e-43,1.194673023018338,0.32999164855611907,1.6446761076017307,0.2894815882382089,0.753323843907703,0.753323843907703,0.7126354220510412,False,False,False,False,False
3,1,5,3.0,3.5,0.15,0.25,0.16,0.24,1.1389849326886924e-39,3.2879662874537223e-41,4.555939730754769e-42,1.315186514981489e-43,1200,0,5.592114319254343e-40,2.6629115805973057e-41,2.236845727701737e-42,1.0651646322389223e-43,441,0,4.174369469399576e-42,9.61486535210966e-43,1.1542195213329964e-42,3.0151541214643535e-42,3.636332705007893e-43,5.245547578153831e-43,0.9162477372605674,0.25472086926167004,1.3479490713748485,0.24313243809870438,0.49284835187925324,0.49284835187925324,0.5580551529760177,False,False,False,False,False
3,1,6,3.0,3.5,0.15,0.25,0.24,0.32,1.1219001586983616e-39,3.2632133661194627e-41,4.487600634793448e-42,1.3052853464477856e-43,1182,0,6.213460354727045e-40,2.8069552674421754e-41,2.4853841418908186e-42,1.1227821069768705e-43,490,0,2.5515813641567007e-42,7.4382457583561e-43,8.561958320494096e-43,1.3961297813313449e-42,2.2031627907408863e-43,3.1807061762900657e-43,0.5685847676314323,0.19150688559942125,0.5617360140832008,0.13046817120968565,0.5753018143806594,0.5753018143806594,0.40033175693200834,False,False,False,False,False
3,1,7,3.0,3.5,0.15,0.25,0.32,0.4,7.469842850216671e-40,2.6627114088132576e-41,2.9879371400866693e-42,1.0650845635253034e-43,787,0,4.235297466283332e-40,2.3174516659304804e-41,1.6941189865133328e-42,9.269806663721925e-44,334,0,5.126790124682229e-43,2.400999010488733e-43,3.1252956391139247e-43,9.672272407264984e-43,1.9450694406775047e-43,2.3365968975137828e-43,0.17158293110990677,0.10477577193279533,0.5709322948544183,0.1414177239333647,-0.2200866371779796,0.0,0.24961696305665862,False,False,False,False,False
3,1,8,3.0,3.5,0.15,0.25,0.4,0.6,2.3766818928770717e-40,9.49913130375795e-42,2.3766818928770717e-42,9.499131303757949e-44,626,0,1.5622414606170863e-40,8.901696871053495e-42,1.5622414606170858e-42,8.901696871053495e-44,308,0,4.4747704459316784e-43,3.216478705981219e-43,4.169902240311147e-43,1.1507877788290494e-42,2.9905651080849598e-43,3.460520106808392e-43,0.18827805518873136,0.1756118854762295,0.7366260644333994,0.22545154624788097,-0.34952480003200076,0.0,0.4121765753956989,False,False,False,False,False
3,1,9,3.0,3.5,0.15,0.25,0.6,0.799,7.097192545396873e-41,5.203914057667533e-42,7.0617065826698934e-43,5.177894487379197e-44,186,0,5.964310216413201e-41,5.5140067456542365e-42,5.934488665331138e-43,5.486436711925968e-44,117,0,9.35694688083616e-43,6.373473718998843e-43,7.0819536739754194e-43,3.269641890449089e-43,1.787269709391134e-43,2.3159311751184345e-43,1.3250262909250587,1.0075622924127736,0.550955958438358,0.39355956346287,2.084210655479323,2.084210655479323,2.0327323387592613,False,False,False,False,False
3,2,0,3.0,3.5,0.25,0.325,0.0,0.02,2.779123235760409e-39,1.186100893519256e-40,2.084342426820307e-42,8.895756701394423e-44,549,0,1.2443828084568994e-39,9.173711774220495e-41,9.332871063426749e-43,6.880283830665374e-44,184,0,7.454341383786987e-42,1.091050109892377e-42,1.446418170863271e-42,3.704629987823923e-42,2.895417815695285e-43,4.518084631467799e-43,3.576351605124062,0.7105325752613871,3.9694430177455966,0.5656767390249865,3.190819642745249,3.190819642745249,1.51280499375042,False,False,False,False,False
3,2,1,3.0,3.5,0.25,0.325,0.02,0.04,6.089772773442208e-39,1.7557726292241451e-40,4.5673295800816556e-42,1.316829471918109e-43,1203,0,2.7187059184764863e-39,1.3559672679056862e-40,2.0390294388573654e-42,1.0169754509292652e-43,402,0,7.327345862391619e-42,9.402411163046842e-43,1.256593114995707e-42,4.005585294576762e-42,2.672734188454918e-43,3.83064644685056e-43,1.604295405863971,0.2789874745356043,1.964456823547098,0.21188068463244641,1.2510601692901349,1.2510601692901349,0.5903905096555127,False,False,False,False,False
3,2,2,3.0,3.5,0.25,0.325,0.04,0.08,9.347269680931867e-39,1.5381373532338271e-40,1.4020904521397802e-41,2.307206029850741e-43,3693,0,3.9191295516346367e-39,1.1511923684023487e-40,5.878694327451955e-42,1.7267885526035236e-43,1159,0,1.4503401635474123e-41,1.3668630679315436e-42,2.2079061708295638e-42,8.121070798003817e-42,4.422182320739492e-43,8.336111778605539e-43,1.0344126952251878,0.15838974749228166,1.3814412428420635,0.147493759213057,0.694057773524021,0.694057773524021,0.3454771762261351,False,False,False,False,False
3,2,3,3.0,3.5,0.25,0.325,0.08,0.12,6.1834226456855e-39,1.2510284858540132e-40,9.275133968528249e-42,1.8765427287810203e-43,2443,0,2.8674908194876382e-39,9.847003902062762e-41,4.301236229231458e-42,1.4770505853094144e-43,848,0,6.864623805492014e-42,8.652781967844095e-43,1.4092227782717854e-42,3.5569073525266533e-42,2.5623421842868816e-43,4.805891241193359e-43,0.7401104748227451,0.1526716587608833,0.826950012267101,0.11528503328758803,0.6549409284830883,0.6549409284830883,0.32285378318624824,False,False,False,False,False
3,2,4,3.0,3.5,0.25,0.325,0.12,0.16,2.710784139799087e-39,8.283239155739118e-41,4.066176209698632e-42,1.2424858733608682e-43,1071,0,1.3525900091922818e-39,6.762950045961409e-41,2.0288850137884237e-42,1.0144425068942117e-43,400,0,4.036451969918729e-42,6.428642643016576e-43,9.064308650341213e-43,2.1136385414074677e-42,1.8606413715909195e-43,3.0622848539026755e-43,0.9926898790787755,0.2249740153317074,1.0417734504632121,0.1596697042408992,0.9445502225286548,0.9445502225286548,0.4723366440826586,False,False,False,False,False
3,2,5,3.0,3.5,0.25,0.325,0.16,0.24,1.5793924399949867e-39,4.4707744692697997e-41,4.738177319984959e-42,1.3412323407809398e-43,1248,0,8.369150681877246e-40,3.7616534924371916e-41,2.510745204563174e-42,1.1284960477311576e-43,495,0,5.990715769665399e-42,9.55561348315971e-43,1.3075785269185193e-42,3.536331902751432e-42,3.683670849903425e-43,6.05064154296477e-43,1.2643502691208728,0.2782776682105656,1.4084790030960916,0.2491662487133494,1.1229932415682544,1.1229932415682544,0.6029466117312557,False,False,False,False,False
3,2,6,3.0,3.5,0.25,0.325,0.24,0.32,1.6692456957959827e-39,4.596188875902243e-41,5.007737087387951e-42,1.3788566627706732e-43,1319,0,9.028538311358482e-40,3.9070306368061087e-41,2.7085614934075453e-42,1.172109191041833e-43,534,0,3.3820018002167e-42,7.850153494692494e-43,9.657637786748149e-43,2.3254063940035938e-42,2.9269998730721883e-43,4.1342544482515956e-43,0.6753553034432087,0.19374877633424517,0.8585392650908886,0.1570930614643662,0.4956941102887533,0.4956941102887533,0.4135442492093554,False,False,False,False,False
3,2,7,3.0,3.5,0.25,0.325,0.32,0.4,1.1263295445477063e-39,3.775465211190617e-41,3.3789886336431203e-42,1.1326395633571857e-43,890,0,6.593876294812373e-40,3.3389390527181377e-41,1.978162888443713e-42,1.0016817158154418e-43,390,0,7.726623895464983e-43,3.696595259906969e-43,4.709481635563199e-43,1.4942407269508685e-42,2.589239894280028e-43,3.1767103463754204e-43,0.2286667619575381,0.13958608671231082,0.7553678899144841,0.16508127502204537,-0.2879054981540821,0.0,0.32040486294992954,False,False,False,False,False
3,2,8,3.0,3.5,0.25,0.325,0.4,0.6,3.670062560885786e-40,1.3630270167492462e-41,2.75254692066434e-42,1.0222702625619346e-43,725,0,2.536106267235529e-40,1.3096396449620616e-41,1.902079700426647e-42,9.822297337215462e-44,375,0,1.0521608447372834e-43,1.180589012758491e-43,1.393954911521717e-43,7.115712789396472e-43,2.3475147612379746e-43,3.309393638731479e-43,0.03822499216410594,0.05066226117891336,0.3741017154959584,0.17505738614514144,-0.29119256341136474,0.0,0.19886663051780148,False,False,False,False,False
3,2,9,3.0,3.5,0.25,0.325,0.6,0.799,1.104007729283958e-40,7.494492805453945e-42,8.238657679781543e-43,5.59276525607001e-44,217,0,1.1282911634468278e-40,8.757237796590654e-42,8.419872807221957e-43,6.535088705705778e-44,166,0,9.602103632285333e-44,1.953149882097023e-43,2.126582794608557e-43,2.597870669514648e-44,3.1209909013704293e-44,4.315178339951072e-44,0.11654937012190489,0.2582437129779471,0.03085403697887672,0.051305841653714074,0.20059671608910562,0.20059671608910562,0.5139902331174223,False,False,False,False,False
3,3,0,3.0,3.5,0.325,0.4,0.0,0.02,2.3994615915308448e-39,1.102109210018854e-40,1.7995961936481338e-42,8.265819075141407e-44,474,0,1.1632274079053624e-39,8.869525833863468e-41,8.72420555929022e-43,6.652144375397601e-44,172,0,6.128319857324205e-42,9.548960141086652e-43,1.2489046715950441e-42,4.4059771825037405e-42,3.3111921009121677e-43,6.143304664980081e-43,3.4053860965892024,0.7113999435030002,5.050290427661817,0.8025831413857559,1.792114541114139,1.792114541114139,1.614069392411947,False,False,False,False,False
3,3,1,3.0,3.5,0.325,0.4,0.02,0.04,4.0092269630641966e-39,1.4246167675958582e-40,3.006920222298148e-42,1.068462575696894e-43,792,0,1.5757673607090087e-39,1.0323195214918432e-40,1.1818255205317568e-42,7.742396411188825e-44,233,0,6.767495772836348e-42,8.886157852113463e-43,1.3607849444044879e-42,4.1267669727144536e-42,2.8210513546504896e-43,4.698759771282299e-43,2.250640280593824,0.4595629978448614,3.491858062819319,0.45869874001114935,1.0332920711034341,1.0332920711034341,1.0153888686860504,False,False,False,False,False
3,3,2,3.0,3.5,0.325,0.4,0.04,0.08,8.704375963369804e-39,1.4842995408037366e-40,1.305656394505471e-41,2.2264493112056057e-43,3439,0,3.9461813518184826e-39,1.1551585898622936e-40,5.919272027727726e-42,1.7327378847934412e-43,1167,0,1.7893041476876578e-41,1.5514132196121996e-42,2.8012935665626426e-42,9.197710054719486e-42,4.612129386284869e-43,8.1239384041493e-43,1.3704249871692873,0.21581952114403286,1.5538583142715066,0.14458666899992365,1.1905192240498033,1.1905192240498033,0.4503948781122325,False,False,False,False,False
3,3,3,3.0,3.5,0.325,0.4,0.08,0.12,9.306772438880713e-39,1.5348017302170426e-40,1.3960158658321068e-41,2.3022025953255643e-43,3677,0,4.473691455403474e-39,1.229946174308821e-40,6.710537183105211e-42,1.844919261463232e-43,1323,0,1.1908453069373236e-41,1.1478539746768377e-42,1.9818149192239947e-42,7.486814103467821e-42,3.9353449637270126e-43,8.863014064285294e-43,0.8530313559348485,0.1426575046515168,1.1156802949124556,0.13559106837392668,0.5954333580914262,0.5954333580914262,0.31230006519187736,False,False,False,False,False
3,3,4,3.0,3.5,0.325,0.4,0.12,0.16,5.45953444402113e-39,1.1755213946004274e-40,8.189301666031698e-42,1.7632820919006417e-43,2157,0,2.6815096932236988e-39,9.522320122489366e-41,4.022264539835549e-42,1.4283480183734053e-43,793,0,6.937231160907943e-42,8.529595721434475e-43,1.2148636295491208e-42,4.463551484689418e-42,3.131149385780032e-43,5.643183909054189e-43,0.8471090019412519,0.14946473028856577,1.1097110695936252,0.14572793103744983,0.5895569740514242,0.5895569740514242,0.32874965466849637,False,False,False,False,False
3,3,5,3.0,3.5,0.325,0.4,0.16,0.24,2.5234843953125028e-39,5.651165763840211e-41,7.570453185937507e-42,1.6953497291520638e-43,1994,0,1.269743871129255e-39,4.633361191298605e-41,3.809231613387765e-42,1.3900083573895818e-43,751,0,8.778566065869695e-42,1.2207537250409965e-42,1.5763819034164852e-42,4.954727512627357e-42,4.060385315566518e-43,7.029868264487656e-43,1.1595826366347946,0.20984119166942983,1.300715738894343,0.19055405672759837,1.0211636324956221,1.0211636324956221,0.4557303089584653,False,False,False,False,False
3,3,6,3.0,3.5,0.325,0.4,0.24,0.32,1.823641431116006e-39,4.804049348284764e-41,5.470924293348019e-42,1.4412148044854294e-43,1441,0,1.0330406195206054e-39,4.1792350093249354e-41,3.099121858561817e-42,1.2537705027974813e-43,611,0,6.901295522473852e-42,1.2492969758572197e-42,1.578955502373388e-42,3.2620064983639487e-42,3.471697386215377e-43,5.052622874208225e-43,1.2614496477066939,0.29051534206241586,1.0525583204649205,0.16850315572057464,1.4663238340399718,1.4663238340399718,0.598704759188818,False,False,False,False,False
3,3,7,3.0,3.5,0.325,0.4,0.32,0.4,1.5502850472707196e-39,4.4293858493449135e-41,4.650855141812161e-42,1.3288157548034744e-43,1225,0,8.504409682796471e-40,3.7919288579541897e-41,2.551322904838942e-42,1.1375786573862571e-43,503,0,3.095566183636641e-42,8.797504832007425e-43,1.2184683683998225e-42,2.3297931554132534e-42,2.980270106253046e-43,4.1684431804571785e-43,0.6655907546564616,0.2626773089467605,0.9131706343381599,0.1683805651053666,0.42277202650710355,0.42277202650710355,0.5458822090273102,False,False,False,False,False
3,3,8,3.0,3.5,0.325,0.4,0.4,0.6,5.639240955623125e-40,1.6895772620860222e-41,4.229430716717344e-42,1.2671829465645166e-43,1114,0,3.672281874957047e-40,1.5759269930749968e-41,2.754211406217785e-42,1.1819452448062477e-43,543,0,3.6605586476382006e-43,3.1658285482935075e-43,3.9253270524799454e-43,1.869046409923758e-42,3.8047875482527394e-43,4.606592402813275e-43,0.08654967755280618,0.09284603945843176,0.6786139966250528,0.16977270448353088,-0.4941287892295896,0.0,0.2480856542884403,False,False,False,False,False
3,3,9,3.0,3.5,0.325,0.4,0.6,0.799,1.388912949744334e-40,8.406083576655117e-42,1.0364762887467099e-42,6.273039869078885e-44,273,0,1.2846206619966895e-40,9.344240353816047e-42,9.586481690150299e-43,6.973139364035229e-44,189,0,2.218674117451365e-45,6.421816855243524e-45,6.84970284413437e-45,7.693775940036228e-43,2.7199696587778253e-43,3.3230827834753016e-43,0.0021405932210317607,0.006609913795838309,0.8025651316834261,0.35152393171170165,-0.7828911656555474,0.0,0.345012370257316,False,False,False,False,False
3,4,0,3.0,3.5,0.4,0.475,0.0,0.02,2.16154029448032e-39,1.0460426646944855e-40,1.621155220860239e-42,7.845319985208637e-44,427,0,1.0820720073538264e-39,8.554530338871398e-41,8.115540055153694e-43,6.415897754153545e-44,160,0,6.828742543170802e-42,1.1129378933395213e-42,1.5275666729564662e-42,3.011682125057546e-42,2.6913304833271663e-43,3.957647669456332e-43,4.212269408445197,0.9640678451126474,3.711006420509263,0.5691110547389725,4.7038927235362085,4.7038927235362085,1.9894990723578296,False,False,False,False,False
3,4,1,3.0,3.5,0.4,0.475,0.02,0.04,2.5310776281970955e-39,1.1319323265955287e-40,1.898308221147821e-42,8.489492449466462e-44,500,0,1.3255382090084376e-39,9.46813006434598e-41,9.941536567563277e-43,7.10109754825948e-44,196,0,5.906434144724299e-42,8.473950470469425e-43,1.1740143111094044e-42,3.701555027476143e-42,2.58986743938198e-43,4.124222904301851e-43,3.1114199890853054,0.633913175973574,3.723322850869334,0.49277665175596597,2.511284490027893,2.511284490027893,1.3454367721635865,False,False,False,False,False
3,4,2,3.0,3.5,0.4,0.475,0.04,0.08,5.730359750238225e-39,1.2043249297988092e-40,8.595539625357332e-42,1.8064873946982128e-43,2264,0,2.6646023181087976e-39,9.49225272780987e-41,3.996903477163194e-42,1.4238379091714798e-43,788,0,1.4618509631710535e-41,1.3146428145071153e-42,2.1452373179116518e-42,7.693412213727865e-42,4.074547390815588e-43,6.091323947238972e-43,1.700708770928715,0.2521221278196304,1.9248431336120908,0.16711640163020405,1.4808846844507886,1.4808846844507886,0.5256045934645337,False,False,False,False,False
3,4,3,3.0,3.5,0.4,0.475,0.08,0.12,9.547224813559445e-39,1.554502079026223e-40,1.432083722033916e-41,2.331753118539333e-43,3772,0,4.6055689812997245e-39,1.2479429665204944e-40,6.908353471949582e-42,1.8719144497807405e-43,1362,0,1.501661383578347e-41,1.2585359638262688e-42,2.082933085245526e-42,8.532581196864014e-42,4.073779750463945e-43,7.410954965316011e-43,1.0485849119530621,0.14644636037152936,1.235110686143867,0.11237449366880845,0.8656461718813111,0.8656461718813111,0.31030847123055905,False,False,False,False,False
3,4,4,3.0,3.5,0.4,0.475,0.12,0.16,8.043764702410368e-39,1.4268634442283655e-40,1.2065647053615547e-41,2.140295166342548e-43,3178,0,3.9123666015886776e-39,1.1501986760562727e-40,5.868549902383015e-42,1.7252980140844084e-43,1157,0,1.152269208855894e-41,1.076068533980385e-42,1.6974143075855772e-42,7.253829963174148e-42,4.251677493807036e-43,8.442977814884479e-43,0.9549999297473311,0.14169787611721915,1.2360515091178859,0.1483865445430191,0.6793531884415944,0.6793531884415944,0.3161580865697625,False,False,False,False,False
3,4,5,3.0,3.5,0.4,0.475,0.16,0.24,4.292707657422275e-39,7.370609308629741e-41,1.2878122972266815e-41,2.2111827925889213e-43,3392,0,2.2469901527706803e-39,6.163660064635972e-41,6.740970458312035e-42,1.84909801939079e-43,1329,0,1.344563642045219e-41,1.5061135407295668e-42,2.283272429650627e-42,7.733560857741875e-42,4.959681117176872e-43,1.3059815186894673e-42,1.0440680252399765,0.17820252642491338,1.1472474038520544,0.19627717221646238,0.9428728654473617,0.9428728654473617,0.4020581812655743,False,False,False,False,False
3,4,6,3.0,3.5,0.4,0.475,0.24,0.32,2.2615178607941044e-39,5.349802455803443e-41,6.784553582382309e-42,1.6049407367410322e-43,1787,0,1.1767533079972859e-39,4.4604719028387263e-41,3.530259923991857e-42,1.3381415708516171e-43,696,0,6.678063782089313e-42,1.0096115883780773e-42,1.3253520648026213e-42,5.155883129517933e-42,4.210343643345515e-43,8.075569010924353e-43,0.9843040814697784,0.19673125656516918,1.4604825821685945,0.2353561551370061,0.517282859630555,0.517282859630555,0.4529154644346943,False,False,False,False,False
3,4,7,3.0,3.5,0.4,0.475,0.32,0.4,1.840093435699288e-39,4.825670590130867e-41,5.520280307097862e-42,1.4477011770392593e-43,1454,0,1.0854534823768067e-39,4.28394318313432e-41,3.2563604471304195e-42,1.2851829549402957e-43,642,0,4.337990941099376e-42,1.1469478608189504e-42,1.4204756337646719e-42,4.246135459035465e-42,4.21129015790218e-43,6.319992381186478e-43,0.7858280195521371,0.2581434110895837,1.303951306366363,0.20078855573922866,0.2776686420997232,0.2776686420997232,0.5479334468864993,False,False,False,False,False
3,4,8,3.0,3.5,0.4,0.475,0.4,0.6,8.180442894333014e-40,2.0349612280625986e-41,6.135332170749756e-42,1.5262209210469481e-43,1616,0,5.051923684333179e-40,1.8484022157840712e-41,3.788942763249881e-42,1.3863016618380525e-43,747,0,1.672674422752427e-42,7.954761039338824e-43,1.0307461162901433e-42,3.9758371863539306e-42,5.779617218290461e-43,8.326929214134766e-43,0.2726298065371123,0.16813851180832629,1.0493262724675592,0.2230975384226443,-0.4891301888946722,0.0,0.398490432228377,False,False,False,False,False
3,4,9,3.0,3.5,0.4,0.475,0.6,0.799,1.9536357974425812e-40,9.969605931186748e-42,1.457900713841526e-42,7.439818426148107e-44,384,0,1.6380612674137695e-40,1.0551680198551228e-41,1.2224032208075253e-42,7.874191348168853e-44,241,0,2.950211665451351e-44,5.823446025793102e-44,6.340519906560277e-44,1.0623075535493635e-42,3.94159477466643e-43,5.273743850232035e-43,0.020236025934013222,0.04350301079039121,0.8690320308936998,0.4350408683981122,-0.8122369789302949,0.0,0.43528894728644063,False,False,False,False,False
3,5,0,3.0,3.5,0.475,0.55,0.0,0.02,1.8122515817891177e-39,9.578047228251934e-41,1.3591886863418394e-42,7.183535421188957e-44,358,0,8.99472356112867e-40,7.799414472968164e-41,6.746042670846508e-43,5.849560854726128e-44,133,0,3.783589456042504e-42,7.437654182555974e-43,9.013935399163739e-43,1.970636359329552e-42,2.091579792181334e-43,3.4450647143761698e-43,2.7837117054187437,0.6793082723392213,2.921173872566496,0.5700466895757806,2.648893041485371,2.648893041485371,1.4570819721812296,False,False,False,False,False
3,5,1,3.0,3.5,0.475,0.55,0.02,0.04,2.2273483128134405e-39,1.0618466447434523e-40,1.670511234610082e-42,7.963849835575899e-44,440,0,1.1226497076295932e-39,8.713451607607696e-41,8.419872807221957e-43,6.535088705705778e-44,166,0,4.649026788687581e-42,6.5351863492643614e-43,9.552012782967221e-43,2.201057244512325e-42,2.013809315654985e-43,3.3919163776349227e-43,2.78299642191435,0.5869920716922258,2.6141217271410766,0.45105628377738516,2.9486235264035217,2.9486235264035217,1.2440110719700004,False,False,False,False,False
3,5,2,3.0,3.5,0.475,0.55,0.04,0.08,3.1562538023617726e-39,8.937965869295927e-41,4.7343807035426636e-42,1.3406948803943902e-43,1247,0,1.5825303107549687e-39,7.315248949234616e-41,2.3737954661324556e-42,1.0972873423851936e-43,468,0,1.1212049478119651e-41,1.1559575037461486e-42,1.9107682797786305e-42,5.995330193581336e-42,3.575051974566142e-43,5.2554667378469814e-43,2.368218818932294,0.4091280818991066,2.5256304846471562,0.2502912758840927,2.2138343006350256,2.2138343006350256,0.8467518305418955,False,False,False,False,False
3,5,3,3.0,3.5,0.475,0.55,0.08,0.12,6.489683038697343e-39,1.281635344134086e-40,9.734524558046023e-42,1.9224530162011305e-43,2564,0,3.0906681710043625e-39,1.0223021678825055e-40,4.6360022565065467e-42,1.5334532518237594e-43,914,0,1.3043406689175572e-41,1.1082151073731381e-42,1.9022297432693256e-42,7.824175109455815e-42,4.1690804282307895e-43,6.213184054162649e-43,1.339912043099692,0.19719417102481152,1.6876987275997815,0.14518185790781687,0.998813564070758,0.998813564070758,0.41574058376609774,False,False,False,False,False
3,5,4,3.0,3.5,0.475,0.55,0.12,0.16,8.694251652857009e-39,1.483436073865738e-40,1.3041377479285526e-41,2.2251541107986094e-43,3435,0,4.23698820379482e-39,1.1969657381811747e-40,6.355482305692235e-42,1.795448607271764e-43,1253,0,1.2516101529442612e-41,1.1687144081543185e-42,1.8305679906779036e-42,7.944053791975018e-42,4.491952888036806e-43,6.331162695632967e-43,0.9597223567313159,0.14131807659488843,1.24995293982016,0.10569072140612544,0.675073131009565,0.675073131009565,0.2984952084022423,False,False,False,False,False
3,5,5,3.0,3.5,0.475,0.55,0.16,0.24,6.432733792062909e-39,9.022679366251987e-41,1.9298201376188742e-41,2.7068038098755983e-43,5083,0,3.3324436351474825e-39,7.506189085595376e-41,9.997330905442456e-42,2.2518567256786145e-43,1971,0,1.6074966944717902e-41,1.5598038297907214e-42,2.6833418141490478e-42,9.646856904320932e-42,5.494555742721825e-43,9.519499501062098e-43,0.8329774693175367,0.13953620892037283,0.9649432429078916,0.09766951503826776,0.7035494990654577,0.7035494990654577,0.29251813623507256,False,False,False,False,False
3,5,6,3.0,3.5,0.475,0.55,0.24,0.32,3.1296774872657027e-39,6.293431763152084e-41,9.389032461797119e-42,1.888029528945627e-43,2473,0,1.7093356241167448e-39,5.375907234524187e-41,5.128006872350239e-42,1.6127721703572582e-43,1011,0,1.0620718147213468e-41,1.4423568768515835e-42,2.1252774665611403e-42,7.427633853595534e-42,5.433798835424796e-43,9.013104721438337e-43,1.1311834515886419,0.22749750478069436,1.4484445981624323,0.18156972229609364,0.8200234809105011,0.8200234809105011,0.4845309166930185,False,False,False,False,False
3,5,7,3.0,3.5,0.475,0.55,0.32,0.4,1.9489297737117603e-39,4.966332927406829e-41,5.846789321135287e-42,1.4898998782220505e-43,1540,0,1.175062570485794e-39,4.4572663890198507e-41,3.5251877114573855e-42,1.3371799167059568e-43,695,0,6.411943834446509e-42,1.1968472859658793e-42,1.4957832409779504e-42,5.182677368423266e-42,5.228138685781094e-43,7.083748599963904e-43,1.09666065976899,0.2573516343724982,1.4701847937285133,0.2085415287309468,0.7303196822317652,0.7303196822317652,0.5492561516595144,False,False,False,False,False
3,5,8,3.0,3.5,0.475,0.55,0.4,0.6,9.982570165609333e-40,2.247961744251068e-41,7.486927624207004e-42,1.6859713081883021e-43,1972,0,6.749424145869484e-40,2.1364928817461823e-41,5.062068109402117e-42,1.6023696613096375e-43,998,0,4.283800329086645e-42,1.3170046256493505e-42,1.9297960201993188e-42,5.111055821244348e-42,7.285721284282123e-43,1.2288522814850222e-42,0.5721706611983408,0.2580772360283507,1.0096774106518327,0.24485186258871486,0.14307750308049294,0.14307750308049294,0.5647879604802789,False,False,False,False,False
3,5,9,3.0,3.5,0.475,0.55,0.6,0.799,2.5794097638109046e-40,1.1455560934512114e-41,1.92488453624389e-42,8.548712347379675e-44,507,0,2.113846697782911e-40,1.1986524939275028e-41,1.5774580982204988e-42,8.944944235934002e-44,311,0,2.660392039010645e-43,2.8124109536986443e-43,3.5158823867510853e-43,2.6956219471105266e-43,1.71747265382194e-43,2.6670498204489537e-43,0.138210473870915,0.18275730453513347,0.17088390177535667,0.16935007388016945,0.10616538111848181,0.10616538111848181,0.3982851128417742,False,False,False,False,False
3,6,0,3.0,3.5,0.55,0.7,0.0,0.02,1.2149172615346058e-39,5.545313247040893e-41,1.822375892301908e-42,8.317969870561334e-44,480,0,7.540689301246977e-40,5.049619047831678e-41,1.1311033951870458e-42,7.574428571747514e-44,223,0,4.3659578798048e-42,9.103707533701128e-43,1.115054797680755e-42,2.4092707904899052e-42,2.6403807786008228e-43,4.1702660278873325e-43,2.3957504586444034,0.6215632454456976,2.130018175828651,0.3953195749685786,2.656372505252161,2.656372505252161,1.2907798058784947,False,False,False,False,False
3,6,1,3.0,3.5,0.55,0.7,0.02,0.04,1.3642508415982344e-39,5.876244365594704e-41,2.0463762623973504e-42,8.814366548392051e-44,539,0,7.574504051476785e-40,5.060928399170939e-41,1.1361756077215173e-42,7.591392598756405e-44,224,0,2.702881640068504e-42,4.672511084693807e-43,6.314604738892052e-43,1.7874348405624086e-42,1.826820978085455e-43,2.5095438593556414e-43,1.3208136205128038,0.313775629203188,1.573202970046967,0.24461265215584746,1.0732779123158362,1.0732779123158362,0.6662129078434665,False,False,False,False,False
3,6,2,3.0,3.5,0.55,0.7,0.04,0.08,1.494601339450385e-39,4.34911026151113e-41,4.483804018351152e-42,1.3047330784533385e-43,1181,0,7.726670427510916e-40,3.6143839766571446e-41,2.3180011282532737e-42,1.084315192997143e-43,457,0,7.034461743378795e-42,8.952874295288409e-43,1.4873697497609722e-42,5.3653271423660715e-42,3.696367680557402e-43,5.266329657144422e-43,1.5688602165902887,0.33484712349249673,2.3146352592196995,0.25167400209231133,0.8374270017037513,0.8374270017037513,0.707696344732126,False,False,False,False,False
3,6,3,3.0,3.5,0.55,0.7,0.08,0.12,2.539936399895786e-39,5.66955738961151e-41,7.619809199687352e-42,1.7008672168834517e-43,2007,0,1.376260334353148e-39,4.823789975597118e-41,4.128781003059442e-42,1.4471369926791345e-43,814,0,1.1535025289701257e-41,1.183820276701928e-42,2.0459562752251528e-42,8.187876060583748e-42,4.472262460390406e-43,6.954795494995884e-43,1.5138207515976319,0.2706228434467065,1.9831219080199463,0.18222433365274063,1.053544617414208,1.053544617414208,0.5650497583808661,False,False,False,False,False
3,6,4,3.0,3.5,0.55,0.7,0.12,0.16,4.188933474666192e-39,7.280973768574338e-41,1.2566800423998568e-41,2.1842921305723013e-43,3310,0,2.1506181146157295e-39,6.030033763812167e-41,6.451854343847187e-42,1.8090101291436498e-43,1272,0,1.8130544132846768e-41,1.5941296306303018e-42,2.6753341688522762e-42,1.0584765103726264e-41,5.194036811435417e-43,7.912823005705493e-43,1.4427335137926778,0.2143608927595087,1.6405771952710664,0.13098681496861894,1.2486945184965659,1.2486945184965659,0.44360870970870026,False,False,False,False,False
3,6,5,3.0,3.5,0.55,0.7,0.16,0.24,5.940439193378583e-39,6.131009856464457e-41,3.5642635160271475e-41,3.678605913878672e-43,9388,0,3.050935839484344e-39,5.078548842418714e-41,1.8305615036906048e-41,3.0471293054512277e-43,3609,0,3.5813927213457753e-41,2.5838880011947202e-42,4.615114124293472e-42,2.1748086437290204e-41,9.072708936462504e-43,1.560019038112983e-42,1.004805818997839,0.12989758959353595,1.1880554897196172,0.0874853274203631,0.8250801804053258,0.8250801804053258,0.27122677467442813,False,False,False,False,False
3,6,6,3.0,3.5,0.55,0.7,0.24,0.32,4.8546068908820276e-39,5.542424310534822e-41,2.912764134529216e-41,3.325454586320892e-43,7672,0,2.63247830539048e-39,4.717430348774767e-41,1.5794869832342875e-41,2.8304582092648593e-43,3114,0,2.7322248152865256e-41,2.408419809464669e-42,3.75595827085529e-42,1.9751132768207232e-41,9.258631982482504e-43,1.688604718607442e-42,0.9380178720609417,0.12939218322780657,1.2504777169966408,0.10923168947649851,0.6315668702970829,0.6315668702970829,0.27778541402852286,False,False,False,False,False
3,6,7,3.0,3.5,0.55,0.7,0.32,0.4,2.8658126445261607e-39,4.2584017750690575e-41,1.719487586715696e-41,2.5550410650414335e-43,4529,0,1.6628403425507627e-39,3.7492842935485985e-41,9.977042055304572e-42,2.2495705761291583e-43,1967,0,1.8714618937017172e-41,2.3808540307086117e-42,3.334189088049068e-42,1.5179758786832776e-41,9.319483651112549e-43,1.71582472463534e-42,1.0883834859641526,0.19457923684836412,1.521468858474144,0.17536545406266754,0.6636266783101226,0.6636266783101226,0.4220515787478027,False,False,False,False,False
3,6,8,3.0,3.5,0.55,0.7,0.4,0.6,1.2235229254704763e-39,1.7597816637994007e-41,1.835284388205713e-41,2.6396724956990986e-43,4834,0,8.528080007957347e-40,1.6981604618200508e-41,1.279212001193601e-41,2.5472406927300747e-43,2522,0,1.0169271066945635e-41,2.449629209264803e-42,3.794791068537455e-42,1.3894150455292875e-41,1.3413230674264638e-42,3.001840404721094e-42,0.554097835316288,0.2069220872587333,1.0861491638859382,0.23565782528309512,0.032278263065284696,0.032278263065284696,0.47054058402309634,False,False,False,False,False
3,6,9,3.0,3.5,0.55,0.7,0.6,0.799,3.467194781138332e-40,9.391399435022998e-42,5.174788210848959e-42,1.401666365677182e-43,1363,0,3.00764361340495e-40,1.0110083407176378e-41,4.488908093006887e-42,1.508929948521074e-43,885,0,1.1675418752875545e-42,9.076615628400798e-43,1.21997113500619e-42,9.82920931664294e-43,4.297822675570668e-43,9.134301544264873e-43,0.22562119022374666,0.23583205892184633,0.21896659751077374,0.20361912292111145,0.23214780999993162,0.23214780999993162,0.5080264090504846,False,False,False,False,False
3,7,0,3.0,3.5,0.7,0.85,0.0,0.02,7.821029871129018e-40,4.4492284428062197e-41,1.1731544806693528e-42,6.67384266420933e-44,309,0,5.342730536309514e-40,4.250448195549139e-41,8.014095804464272e-43,6.375672293323709e-44,158,0,1.4940523974025835e-42,5.625170999799822e-43,6.132762285817944e-43,5.3950875112568195e-43,1.0402276353604983e-43,1.6302522669236418e-43,1.2735342378355319,0.5277547361140117,0.6731997773537313,0.2103551800728856,1.8623238048465285,1.8623238048465285,1.0655242916101269,False,False,False,False,False
3,7,1,3.0,3.5,0.7,0.85,0.02,0.04,8.580353159588148e-40,4.660208141731848e-41,1.2870529739382225e-42,6.990312212597773e-44,339,0,4.93695353355183e-40,4.0858518161237613e-41,7.405430300327747e-43,6.128777724185645e-44,146,0,1.0216079611495629e-42,3.426394636458849e-43,3.867552918061911e-43,5.971786202633989e-43,8.794190608928051e-44,1.2203064450004252e-43,0.7937575079163752,0.30357351729869697,0.8064063748422143,0.17778712582868417,0.7813518884314176,0.7813518884314176,0.6260805552595973,False,False,False,False,False
3,7,2,3.0,3.5,0.7,0.85,0.04,0.08,8.542386995165191e-40,3.287966287453721e-41,2.562716098549558e-42,9.863898862361165e-44,675,0,4.886231408207118e-40,2.8742537695335994e-41,1.4658694224621358e-42,8.6227613086008e-44,289,0,2.0008808613430488e-42,4.744935111665171e-43,6.4665439507119374e-43,2.1881466589405134e-42,2.3275281408727617e-43,3.4806711835227964e-43,0.7807657127824281,0.25411487183591225,1.492729587922784,0.25316303562152265,0.08249345062554059,0.08249345062554059,0.5612524038717779,False,False,False,False,False
3,7,3,3.0,3.5,0.7,0.85,0.08,0.12,7.93492836439789e-40,3.168905147245185e-41,2.3804785093193668e-42,9.506715441735554e-44,627,0,5.308915786079708e-40,2.9959945034776436e-41,1.5926747358239124e-42,8.987983510432933e-44,314,0,3.2558709005377854e-42,6.103345428501846e-43,8.699807526593577e-43,2.670570439245782e-42,2.1760437084308146e-43,4.344807651130551e-43,1.3677379937652592,0.36952401377954075,1.6767833250423598,0.28874500556031074,1.0646358419357953,1.0646358419357953,0.784816300330717,False,False,False,False,False
3,7,4,3.0,3.5,0.7,0.85,0.12,0.16,9.63075037528994e-40,3.4911442835871973e-41,2.889225112586983e-42,1.0473432850761594e-43,761,0,5.866859164871523e-40,3.149495017408226e-41,1.7600577494614574e-42,9.448485052224682e-44,347,0,4.939467815630134e-42,7.815405731481329e-43,1.274934487069602e-42,3.3716512454295424e-42,2.5470278922022308e-43,5.200848368624377e-43,1.7096168083654044,0.4456027435545632,1.9156480782867498,0.3128764455028666,1.5075476782502386,1.5075476782502386,0.9344567814101646,False,False,False,False,False
3,7,5,3.0,3.5,0.7,0.85,0.16,0.24,1.8495849768050264e-39,3.4210536228772565e-41,1.109750986083016e-41,2.052632173726354e-43,2923,0,1.1006701199802197e-39,3.050364125499729e-41,6.604020719881318e-42,1.830218475299837e-43,1302,0,1.6741254263426022e-41,1.8867532451940186e-42,3.430207762270237e-42,1.2639206052519695e-41,6.984943600896897e-43,1.372930527573046e-42,1.5085595303245511,0.31035393463652244,1.9138652933764322,0.21455261594525846,1.1110481088698216,1.1110481088698216,0.6497569072687008,False,False,False,False,False
3,7,6,3.0,3.5,0.7,0.85,0.24,0.32,3.2948303025055656e-39,4.5660352789311914e-41,1.9768981815033402e-41,2.7396211673587163e-43,5207,0,2.0052146886275577e-39,4.1172148915584055e-41,1.2031288131765348e-41,2.4703289349350443e-43,2372,0,2.118061493708465e-41,2.1870085499123098e-42,3.32946590862593e-42,1.5685770541495295e-41,8.185363923000991e-43,1.4240779479540198e-42,1.0714064657076958,0.1690719040823324,1.3037482246045857,0.12135385826031324,0.843532817558823,0.843532817558823,0.3554134606103303,False,False,False,False,False
3,7,7,3.0,3.5,0.7,0.85,0.32,0.4,3.509971900902319e-39,4.712751678683666e-41,2.1059831405413918e-41,2.8276510072102004e-43,5547,0,2.0838339829118588e-39,4.1971515832927846e-41,1.2503003897471158e-41,2.518290949975672e-43,2465,0,2.083117428930881e-41,2.4170237011893428e-42,3.350723316812721e-42,1.5499250227469277e-41,8.408165291680595e-43,1.6129424021021782e-42,0.9891425001604559,0.15965828404615254,1.239642117571773,0.13139842343194644,0.743460183083972,0.743460183083972,0.341496033437539,False,False,False,False,False
3,7,8,3.0,3.5,0.7,0.85,0.4,0.6,1.9496890970002216e-39,2.2214442273793537e-41,2.9245336455003316e-41,3.3321663410690313e-43,7703,0,1.3194515539670712e-39,2.112271874966083e-41,1.979177330950607e-41,3.1684078124491247e-43,3902,0,2.9195634364720824e-41,4.254502790311687e-42,6.416086798955851e-42,1.9310843891026047e-41,1.6619939987690298e-42,5.879014406875362e-42,0.9983005122762406,0.21968303786086463,0.9757005392614804,0.2974537272795523,1.0204658704253324,1.0204658704253324,0.5238859162710978,False,False,False,False,False
3,7,9,3.0,3.5,0.7,0.85,0.6,0.799,5.250396205626934e-40,1.1556790244532122e-41,7.836216336898203e-42,1.7248509439964206e-43,2064,0,4.5369539253057685e-40,1.2417201708909942e-41,6.771403733518863e-42,1.8532673550548097e-43,1335,0,3.9539272671132975e-42,1.9562405575436278e-42,2.6163849014573705e-42,1.2914408166430579e-42,5.083725328664553e-43,1.634067882889465e-42,0.5045709685802746,0.33406836670278434,0.19071980751204462,0.2413753735945413,0.8123865303971926,0.8123865303971926,0.7027844562358245,False,False,False,False,False
3,8,0,3.0,3.5,0.85,1.0,0.0,0.02,3.720684113449727e-40,3.068768534956806e-41,5.5810261701745925e-43,4.60315280243521e-44,147,0,4.226843778725882e-40,3.78060400780126e-41,6.340265668088823e-43,5.670906011701891e-44,125,0,2.500894692494117e-43,1.4182601353395961e-43,1.7628063188452344e-43,2.700788136374051e-43,7.120997427080099e-44,9.488364241264594e-44,0.4481066055305526,0.31801201709728544,0.4259739698239116,0.15442633410429243,0.4698136136274505,0.4698136136274505,0.6478608773656501,False,False,False,False,False
3,8,1,3.0,3.5,0.85,1.0,0.02,0.04,4.58125050703674e-40,3.405216684372271e-41,6.871875760555111e-43,5.107825026558407e-44,181,0,3.8548815261980035e-40,3.6104273427654356e-41,5.782322289297007e-43,5.415641014148155e-44,114,0,1.3819034803212821e-43,7.947688399339831e-44,1.0760823604773646e-43,5.153205024503204e-43,1.1827770314486036e-43,1.7834665417060964e-43,0.20109552740366363,0.15730400233885505,0.8911998962841816,0.31952889130656525,-0.4757376036137676,0.0,0.44192026211321206,False,False,False,False,False
3,8,2,3.0,3.5,0.85,1.0,0.04,0.08,4.113001145820277e-40,2.2814825426610998e-41,1.2339003437460834e-42,6.844447627983299e-44,325,0,3.2462160220614767e-40,2.3427546177310865e-41,9.738648066184432e-43,7.028263853193262e-44,192,0,3.847752358382778e-43,1.7795937330623711e-43,2.783713608687229e-43,1.3166074867723829e-42,2.351885202792328e-43,3.0494745143666242e-43,0.31183655778076214,0.22626494513878367,1.3519407189012684,0.3279796400001108,-0.7082656002412729,0.0,0.5516676430360875,False,False,False,False,False
3,8,3,3.0,3.5,0.85,1.0,0.08,0.12,3.897859547423525e-40,2.2210116049154416e-41,1.1693578642270576e-42,6.663034814746326e-44,308,0,2.9587906451081168e-40,2.2366354938458418e-41,8.876371935324352e-43,6.709906481537526e-44,175,0,5.755568453476528e-43,2.5113052202421384e-43,4.0910703755996495e-43,1.447926272163639e-42,2.1630885555810723e-43,4.273961640421779e-43,0.4921990632252637,0.3509784640084427,1.6312140621344189,0.4970371400153582,-0.6249118010894849,0.0,0.8490870180375025,False,False,False,False,False
3,8,4,3.0,3.5,0.85,1.0,0.12,0.16,4.011758040692393e-40,2.2532277987962423e-41,1.2035274122077185e-42,6.759683396388729e-44,317,0,2.857346394418695e-40,2.1979587649374578e-41,8.572039183256089e-43,6.593876294812376e-44,169,0,1.0295438629684953e-42,3.2061340625981203e-43,4.956012553673156e-43,1.56512007484922e-42,2.0315218366070583e-43,4.369177962808443e-43,0.8554386485305953,0.41458403738861405,1.825843351143793,0.5286977297319129,-0.09630442518619486,0.0,0.9712031571861047,False,False,False,False,False
3,8,5,3.0,3.5,0.85,1.0,0.16,0.24,4.1699503924547116e-40,1.6243820478133996e-41,2.501970235472828e-42,9.746292286880397e-44,659,0,3.1701328340444117e-40,1.6370495562025768e-41,1.902079700426647e-42,9.822297337215462e-44,375,0,2.5968423640009813e-42,5.8345485006501965e-43,1.0753547582837153e-42,3.155364832809534e-42,3.039795029103552e-43,9.722702524816314e-43,1.0379189676931646,0.43170068870572886,1.6589025328968958,0.5182902809190295,0.42887739412796644,0.42887739412796644,0.994780121071723,False,False,False,False,False
3,8,6,3.0,3.5,0.85,1.0,0.24,0.32,7.042723500458413e-40,2.111023442171368e-41,4.225634100275049e-42,1.2666140653028212e-43,1113,0,5.215925222947737e-40,2.099852427144157e-41,3.129555133768643e-42,1.259911456286495e-43,617,0,4.3119756488251344e-42,7.827964952372051e-43,1.1468507129734646e-42,5.42633947526825e-42,4.5452690713527526e-43,1.2305357227137405e-42,1.0204328028648921,0.2731213533466681,1.7339012234412359,0.3993463726776613,0.3206849288380933,0.3206849288380933,0.6678872183397015,False,False,False,False,False
3,8,7,3.0,3.5,0.85,1.0,0.32,0.4,1.1617646313424656e-39,2.7113264593283297e-41,6.970587788054797e-42,1.6267958755969982e-43,1836,0,8.216984305843112e-40,2.6355989449474725e-41,4.930190583505869e-42,1.5813593669684844e-43,972,0,9.217291400629594e-42,1.6780069429941414e-42,2.2704722738525614e-42,1.0831835668235911e-41,8.243300575765969e-43,1.4589414656997308e-42,1.3223119313445673,0.32718041802884523,2.1970419773373893,0.30419504468063513,0.4644036170054533,0.4644036170054533,0.7134445515239745,False,False,False,False,False
3,8,8,3.0,3.5,0.85,1.0,0.4,0.6,1.531301965059242e-39,1.9687163700685009e-41,2.296952947588863e-41,2.953074555102752e-43,6050,0,1.0837627448653162e-39,1.9143449669793264e-41,1.6256441172979742e-41,2.8715174504689897e-43,3205,0,2.284855328654913e-41,3.3248287525546337e-42,4.549753843711944e-42,2.0089582706151894e-41,1.651378543987631e-42,4.2115072298000095e-42,0.994733188180172,0.19849021946029774,1.2357921695397465,0.25998500639819094,0.7583099564621276,0.7583099564621276,0.46860953488721047,False,False,False,False,False
3,8,9,3.0,3.5,0.85,1.0,0.6,0.799,8.196112681458324e-40,1.4439267178269248e-41,1.2232698177076556e-41,2.155060626356687e-43,3222,0,6.6575975578082395e-40,1.5041817707564368e-41,9.936464355028804e-42,2.244991292853983e-43,1959,0,6.850202108502215e-42,2.3119483742387205e-42,4.056085755421362e-42,4.1949048304259085e-42,7.939327596784132e-43,2.6772101312445e-42,0.5599911000288669,0.3317240913485343,0.4221727850614071,0.2696016555452687,0.6951590627854138,0.6951590627854138,0.7082766821533006,False,False,False,False,False
4,0,0,3.5,4.5,0.0,0.15,0.0,0.02,9.52950727016206e-40,3.4727455031465194e-41,2.8588521810486178e-42,1.0418236509439558e-43,753,0,7.2194491740638055e-40,3.4937363281861616e-41,2.165834752219142e-42,1.0481208984558485e-43,427,0,4.099150442158813e-42,7.288280619178252e-43,8.610961117975963e-43,5.171433582951541e-42,3.391424103322808e-43,6.006469831892521e-43,1.4338448379150746,0.3057021522222857,2.3877322947435506,0.300437718030244,0.4983013706409922,0.4983013706409922,0.6734133850278735,False,False,False,False,False
4,0,1,3.5,4.5,0.0,0.15,0.02,0.04,1.0972221518234404e-39,3.726361792447551e-41,3.291666455470321e-42,1.1179085377342652e-43,867,0,8.842557185094546e-40,3.866580288877743e-41,2.652767155528364e-42,1.159974086663323e-43,523,0,2.940579702936625e-42,6.6073569023642935e-43,7.640958504496295e-43,2.589632307636164e-42,2.330281494852297e-43,3.604145785354451e-43,0.8933407265641282,0.23410468652497202,0.9762003808888289,0.14241152788541095,0.8120745271302873,0.8120745271302873,0.4842860922133857,False,False,False,False,False
4,0,2,3.5,4.5,0.0,0.15,0.04,0.08,6.378315623056677e-40,2.0089805859626143e-41,3.8269893738340063e-42,1.2053883515775688e-43,1008,0,5.545619037688357e-40,2.1652004677921555e-41,3.3273714226130135e-42,1.2991202806752932e-43,656,0,1.2545324783586853e-42,4.046503026950224e-43,4.5850777419128875e-43,1.938036878376479e-42,2.2818029099793423e-43,3.845204042432813e-43,0.32781185308122573,0.12025308519686138,0.582452823031858,0.11777909533459051,0.07806782486041342,0.07806782486041342,0.2647257195504435,False,False,False,False,False
4,0,3,3.5,4.5,0.0,0.15,0.08,0.12,2.0628282669806318e-40,1.1424949099850796e-41,1.237696960188379e-42,6.854969459910477e-44,326,0,1.902079700426647e-40,1.2680531336177649e-41,1.1412478202559883e-42,7.608318801706588e-44,225,0,9.474452865717438e-43,4.3252113507178515e-43,4.923666209335913e-43,1.481436325577877e-42,1.878451526735579e-43,3.2390483653308392e-43,0.7654905175072431,0.4000615387490023,1.298084692284961,0.29671659584381127,0.24313853839832733,0.24313853839832733,0.8441751979329344,False,False,False,False,False
4,0,4,3.5,4.5,0.0,0.15,0.12,0.16,1.733788175315009e-40,1.0474197418624112e-41,1.0402729051890056e-42,6.284518451174468e-44,274,0,1.885172325311743e-40,1.2624047619579184e-41,1.131103395187046e-42,7.574428571747513e-44,223,0,6.139479742996622e-43,2.6481826792372346e-43,2.961607245584449e-43,1.8862810884950657e-42,2.5000713583645192e-43,3.6100196230247756e-43,0.5901797222990394,0.2869191190467038,1.6676469158534697,0.33813252156746565,-0.4665669483024213,0.0,0.6580020524745502,False,False,False,False,False
4,0,5,3.5,4.5,0.0,0.15,0.16,0.24,2.353902194223298e-40,8.629824145631996e-42,2.8246826330679574e-42,1.0355788974758393e-43,744,0,2.3797130474226718e-40,1.0029294735748538e-41,2.855655656907206e-42,1.2035153682898245e-43,563,0,2.0352043561602144e-42,7.090588605304469e-43,8.097199296856416e-43,2.524231676546735e-42,3.35716823490098e-43,5.2656528995563545e-43,0.7205072641912089,0.2878732055858466,0.8839411959355712,0.18811943547109047,0.5602162926726997,0.5602162926726997,0.5993169310181707,False,False,False,False,False
4,0,6,3.5,4.5,0.0,0.15,0.24,0.32,1.7654266456674726e-40,7.473646940309644e-42,2.1185119748009683e-42,8.968376328371574e-44,558,0,2.138782952035296e-40,9.508049965610911e-42,2.5665395424423556e-42,1.1409659958733095e-43,506,0,1.2760166455238468e-42,5.7970248664898374e-43,6.3825237660106875e-43,7.148813828365012e-43,1.5235264572984281e-43,2.167774021201851e-43,0.6023174099092488,0.3023509893431421,0.27853900982807767,0.08536575094987699,0.9198693022965512,0.9198693022965512,0.6047115070121496,False,False,False,False,False
4,0,7,3.5,4.5,0.0,0.15,0.32,0.4,1.069380297913272e-40,5.816662002475115e-42,1.2832563574959268e-42,6.979994402970139e-44,338,0,1.454034259881703e-40,7.839627328792655e-42,1.744841111858044e-42,9.407552794551191e-44,344,0,3.1629371319186275e-43,2.8212077481386867e-43,3.0904766853469222e-43,2.894232007899309e-43,8.681926737584385e-44,1.0883710289402395e-43,0.246477417660381,0.2412036821333761,0.1658736711457528,0.06301437970232147,0.325531092126651,0.325531092126651,0.48174953425697703,False,False,False,False,False
4,0,8,3.5,4.5,0.0,0.15,0.4,0.6,3.176502423387354e-41,2.004990551068706e-42,9.52950727016206e-43,6.014971653206118e-44,251,0,5.156749410045576e-41,2.9527461226661196e-42,1.5470248230136728e-42,8.8582383679983585e-44,305,0,2.582693475680155e-43,2.554111753834808e-43,2.729351461962358e-43,9.654836201450364e-43,2.4658389013213608e-43,3.2790805403520336e-43,0.2710206732059331,0.28692097175602044,0.6240905806955519,0.2149517136061443,-0.07525942837042388,0.0,0.6061655497404317,False,False,False,False,False
4,0,9,3.5,4.5,0.0,0.15,0.6,0.799,1.0047996614450772e-41,1.1304879419464214e-42,2.9993269894135562e-43,3.3745065067100693e-44,79,0,1.8521647110798835e-41,1.7740520448313518e-42,5.528711662573453e-43,5.295545353821587e-44,109,0,3.1789872808263907e-43,3.911969770173051e-43,4.3069829524888754e-43,1.5918790636428318e-42,3.1719314665743183e-43,3.784093958311573e-43,1.0599002016275534,1.440925970001593,2.8792947811314487,0.7379172359913335,-0.7245060205781901,0.0,2.9444703486294026,False,False,False,False,False
4,1,0,3.5,4.5,0.15,0.25,0.0,0.02,1.8622403649460117e-39,5.945675903150398e-41,3.724480729892024e-42,1.18913518063008e-43,981,0,1.5876025232894415e-39,6.345335853359767e-41,3.175205046578883e-42,1.2690671706719534e-43,626,0,8.262592994530945e-42,1.0779700848758705e-42,1.49064054810484e-42,1.2027987160484094e-41,5.239746221713698e-43,1.102714039081494e-42,2.2184550260166023,0.4064469414182687,3.7880977713371995,0.378856864870064,0.6789977181060167,0.6789977181060167,0.8866876894927191,False,False,False,False,False
4,1,1,3.5,4.5,0.15,0.25,0.02,0.04,4.216142559169309e-39,8.946249539109842e-41,8.432285118338617e-42,1.7892499078219688e-43,2221,0,3.3425880602164266e-39,9.207148596770628e-41,6.685176120432855e-42,1.841429719354125e-43,1318,0,8.691633143713969e-42,1.0758381760526926e-42,1.4713172177263238e-42,8.635115180829493e-42,4.169555030092748e-43,8.832260261749188e-43,1.030756553144926,0.17585163247804353,1.2916810305770048,0.13682402393690396,0.7748498541250028,0.7748498541250028,0.37327680737303315,False,False,False,False,False
4,1,2,3.5,4.5,0.15,0.25,0.04,0.08,3.3448190856624603e-39,5.634490912480551e-41,1.3379276342649838e-41,2.2537963649922205e-43,3524,0,2.719973971610105e-39,5.872879632734652e-41,1.087989588644042e-41,2.3491518530938607e-43,2145,0,1.0536740104584103e-41,1.2132501237955181e-42,1.771235462404967e-42,1.044060000888038e-41,4.88879573394265e-43,1.3246931657944925e-42,0.7875418546364552,0.13304955010530786,0.9596231542888629,0.1235064744031376,0.6187698107465938,0.6187698107465938,0.29004547118972157,False,False,False,False,False
4,1,3,3.5,4.5,0.15,0.25,0.08,0.12,1.3743751521110224e-39,3.6117777133938074e-41,5.4975006084440877e-42,1.4447110853575232e-43,1448,0,1.349208534169302e-39,4.1362641473402226e-41,5.396834136677208e-42,1.6545056589360891e-43,1064,0,5.394601184206015e-42,9.08393110096273e-43,1.2171082479436185e-42,4.882783069216933e-42,3.1986163981302024e-43,8.495877488654443e-43,0.9812825078945838,0.22288980451302845,0.9047495152821627,0.15984820215017065,1.0563437121875352,1.0563437121875352,0.4685023518851551,False,False,False,False,False
4,1,4,3.5,4.5,0.15,0.25,0.12,0.16,5.979670896615634e-40,2.3823579100130835e-41,2.391868358646254e-42,9.529431640052336e-44,630,0,6.378307262097354e-40,2.8439466434656417e-41,2.5513229048389426e-42,1.1375786573862571e-43,503,0,2.698957158302677e-42,5.275777484052573e-43,7.251835872673277e-43,4.3551662352061313e-42,3.39953286555632e-43,8.30486539977408e-43,1.1283886709510338,0.30650196680211717,1.7070227476678652,0.33429214497111,0.5608821726326028,0.5608821726326028,0.6899830339328037,False,False,False,False,False
4,1,5,3.5,4.5,0.15,0.25,0.16,0.24,6.022382831591461e-40,1.690587090340924e-41,4.817906265273169e-42,1.3524696722727391e-43,1269,0,6.898209046880641e-40,2.0913268035206039e-41,5.518567237504512e-42,1.6730614428164825e-43,1088,0,3.6630314463699346e-42,8.400528642542539e-43,1.1476851781060216e-42,6.958789605483593e-42,5.402304724134881e-43,1.0790223029065464e-42,0.7602952910837184,0.23916663440053837,1.2609775882028298,0.19922800214322872,0.269241499678436,0.269241499678436,0.5124487155744022,False,False,False,False,False
4,1,6,3.5,4.5,0.15,0.25,0.24,0.32,5.6000092523860685e-40,1.6302257207445483e-41,4.4800074019088555e-42,1.3041805765956392e-43,1180,0,6.999653297570059e-40,2.1066480838314727e-41,5.599722638056049e-42,1.6853184670651785e-43,1104,0,2.801294420934348e-42,7.773802083298768e-43,9.900268231316357e-43,3.271070778282668e-42,3.457878585064804e-43,6.438069063368151e-43,0.6252879001362283,0.22173618442702075,0.5841487140902794,0.11630763001413189,0.6656359479889858,0.6656359479889858,0.45377971910106374,False,False,False,False,False
4,1,7,3.5,4.5,0.15,0.25,0.32,0.4,3.331530928114424e-40,1.257405319482131e-41,2.6652247424915398e-42,1.005924255585705e-43,702,0,4.526949687015418e-40,1.694168341155899e-41,3.621559749612336e-42,1.3553346729247197e-43,714,0,1.0632040369964833e-42,4.282957424123547e-43,4.88004980517551e-43,1.5783471845149028e-42,2.4279849682151097e-43,3.981735513995143e-43,0.39891721701583976,0.18371885619452621,0.43581972786279566,0.1111485246029914,0.3627243698390176,0.3627243698390176,0.3798815728534946,False,False,False,False,False
4,1,8,3.5,4.5,0.15,0.25,0.4,0.6,1.101018768265736e-40,4.5717315969300885e-42,2.202037536531472e-42,9.143463193860175e-44,580,0,1.709335624116747e-40,6.584114814560447e-42,3.4186712482334935e-42,1.3168229629120897e-43,674,0,8.20586050547497e-43,4.7337637922963685e-43,5.33853144240762e-43,2.6489769221077787e-42,4.628868693437045e-43,6.2007040772759734e-43,0.3726485297975614,0.24292927710331708,0.7748557055541876,0.18381686342132286,-0.021823892579129645,0.0,0.5138505078872736,False,False,False,False,False
4,1,9,3.5,4.5,0.15,0.25,0.6,0.799,2.8617711876600296e-41,2.3366263901218924e-42,5.694924663443461e-43,4.649886516342567e-44,150,0,7.340689497123941e-41,4.3255427683343386e-42,1.4607972099276648e-42,8.607830108985337e-44,288,0,3.854928872236249e-43,2.7546486524549893e-43,3.301735455396024e-43,1.4393083669608078e-42,3.9956459291716e-43,6.6382452137871664e-43,0.6769060347683948,0.582396504391402,0.9852896467621806,0.45812005774254927,0.3744528768514126,0.3744528768514126,1.238005053301418,False,False,False,False,False
4,2,0,3.5,4.5,0.25,0.325,0.0,0.02,1.4958668782644823e-39,6.153174132377741e-41,2.243800317396724e-42,9.229761198566613e-44,591,0,1.4066936095599731e-39,6.896882850762091e-41,2.1100404143399607e-42,1.0345324276143138e-43,416,0,8.152675571630953e-42,1.1073611145475377e-42,1.4959137752240065e-42,1.0137235353126136e-41,4.887233991845265e-43,9.858246901398716e-43,3.6334229514192047,0.6832351863077042,4.8042849247023325,0.5232260480486693,2.4850775545453674,2.4850775545453674,1.447357153516829,False,False,False,False,False
4,2,1,3.5,4.5,0.25,0.325,0.02,0.04,3.7535881226162895e-39,9.747113892132592e-41,5.630382183924436e-42,1.4620670838198894e-43,1483,0,3.202256846762728e-39,1.0405936548190707e-40,4.803385270144092e-42,1.5608904822286065e-43,947,0,8.820680234838043e-42,1.0227682530094605e-42,1.4542098917661606e-42,8.513027036404567e-42,3.923375024172741e-43,7.621867277911047e-43,1.566621935545046,0.26146326448063734,1.7722973606381554,0.16880526598208853,1.3649018070883425,1.3649018070883425,0.543717323318921,False,False,False,False,False
4,2,2,3.5,4.5,0.25,0.325,0.04,0.08,5.6240544898539423e-39,8.436503570505593e-41,1.687216346956183e-41,2.5309510711516786e-43,4444,0,4.9132832083909646e-39,9.114314140406985e-41,1.4739849625172896e-41,2.7342942421220963e-43,2906,0,1.4539485020073538e-41,1.3165608951825408e-42,2.1126811414771628e-42,1.6484146753705322e-41,6.0144650142165606e-43,1.5763433853899942e-42,0.8617439634403405,0.12588244996279538,1.1183388686376756,0.10893791579273128,0.6100835756506466,0.6100835756506466,0.27127087797300076,False,False,False,False,False
4,2,3,3.5,4.5,0.25,0.325,0.08,0.12,3.561226222873311e-39,6.713322583364914e-41,1.0683678668619931e-41,2.0139967750094744e-43,2814,0,3.16336988399845e-39,7.313294829004958e-41,9.490109651995349e-42,2.1939884487014877e-43,1871,0,8.86651654632163e-42,9.796567278663682e-43,1.4572726536357768e-42,9.402564432282314e-42,4.3443549510408025e-43,1.1192499722725344e-42,0.8299123196548709,0.13729603821057573,0.9907751097802512,0.12014226845031992,0.6721430447242095,0.6721430447242095,0.2963816908693263,False,False,False,False,False
4,2,4,3.5,4.5,0.25,0.325,0.12,0.16,1.613561987975647e-39,4.5188774322138824e-41,4.840685963926943e-42,1.3556632296641652e-43,1275,0,1.443889834812761e-39,4.940889298676447e-41,4.331669504438284e-42,1.4822667896029344e-43,854,0,4.360833539361978e-42,5.87876954919067e-43,9.48218643544884e-43,5.43824469853808e-42,3.2404813924156672e-43,8.485681820521107e-43,0.900870986438523,0.19750323607582862,1.2554615934955298,0.200554050576249,0.553099429517228,0.553099429517228,0.43787414262697233,False,False,False,False,False
4,2,5,3.5,4.5,0.25,0.325,0.16,0.24,8.365211561191396e-40,2.300706404436865e-41,5.019126936714838e-42,1.3804238426621188e-43,1322,0,9.806277566644048e-40,2.879222232653414e-41,5.883766539986427e-42,1.7275333395920488e-43,1160,0,5.920256568183177e-42,9.708633361599509e-43,1.4807218969619573e-42,9.441360722774931e-42,6.155791029396795e-43,1.5834607355211282e-42,1.179539119617914,0.2967941538415991,1.6046457075770908,0.2732165270848261,0.7626076583502595,0.7626076583502595,0.6460708770405992,False,False,False,False,False
4,2,6,3.5,4.5,0.25,0.325,0.24,0.32,8.207019209429075e-40,2.2788485423108817e-41,4.9242115256574464e-42,1.3673091253865297e-43,1297,0,1.0364220945435859e-39,2.9599980683965326e-41,6.218532567261518e-42,1.7759988410379202e-43,1226,0,1.8889130618350922e-42,4.9500475920100755e-43,6.916847921312209e-43,5.956238971972128e-42,4.8650177611931586e-43,1.0039430321072356e-42,0.3835970595481066,0.14086936159187213,0.9578206606699662,0.1637448581557087,-0.17958378001371722,0.0,0.32194505877667245,False,False,False,False,False
4,2,7,3.5,4.5,0.25,0.325,0.32,0.4,5.808823156712329e-40,1.9171973254015735e-41,3.4852938940273976e-42,1.1503183952409446e-43,918,0,7.768938865298169e-40,2.562736463629737e-41,4.661363319178903e-42,1.537641878177843e-43,919,0,7.956308101647919e-43,3.0519126264959133e-43,3.905055069759133e-43,3.337836573235714e-42,3.710265384690297e-43,6.3849233564608194e-43,0.22828227241560062,0.11229682403788621,0.7160644525395357,0.13899717736819459,-0.25011948116748955,0.0,0.260885417821689,False,False,False,False,False
4,2,8,3.5,4.5,0.25,0.325,0.4,0.6,1.8527488238402727e-40,6.847956701593982e-42,2.779123235760409e-42,1.0271935052390973e-43,732,0,2.897924094694465e-40,9.899120134993467e-42,4.3468861420416973e-42,1.4848680202490198e-43,857,0,4.1371523900087024e-43,2.987472544026167e-43,3.5481903855734255e-43,2.134716399631741e-42,4.316327344713057e-43,6.641233914416644e-43,0.14886538087889856,0.1277915210279512,0.49109093955451105,0.15369961396899182,-0.1867789170529522,0.0,0.2946120062006748,False,False,False,False,False
4,2,9,3.5,4.5,0.25,0.325,0.6,0.799,5.240221019181921e-41,3.651034986248912e-42,7.82102987112902e-43,5.449169716976504e-44,206,0,1.1384865655261666e-40,6.220216581830779e-42,1.699191199047805e-42,9.283673248382445e-44,335,0,5.002266012055727e-44,8.735925009747174e-44,1.0642440692435989e-43,1.80341342659238e-43,1.3210099374906889e-43,1.818705312842953e-43,0.06395917282609247,0.13614761957087645,0.10613363743897564,0.10719054973315237,0.022595755609610885,0.022595755609610885,0.2894440187895561,False,False,False,False,False
4,3,0,3.5,4.5,0.325,0.4,0.0,0.02,1.3414711429444596e-39,5.826978289627229e-41,2.0122067144166897e-42,8.740467434440844e-44,530,0,1.3153937839394943e-39,6.669311228137038e-41,1.9730906759092417e-42,1.000396684220556e-43,389,0,8.440577170882211e-42,1.1409096848771442e-42,1.5254437796593326e-42,9.983854038968215e-42,4.8394097342465445e-43,1.0967277448360804e-42,4.1946869128349045,0.7796838085807454,5.060007713212392,0.612192910585158,3.346006897080061,3.346006897080061,1.6569834817286806,False,False,False,False,False
4,3,1,3.5,4.5,0.325,0.4,0.02,0.04,2.5285465505688967e-39,7.999967253682895e-41,3.7928198258533456e-42,1.1999950880524344e-43,999,0,2.076225664110153e-39,8.37896486760746e-41,3.1143384961652295e-42,1.2568447301411192e-43,614,0,8.429311551879795e-42,9.987521805574645e-43,1.490118858344729e-42,8.398558214220464e-42,3.6351164558624906e-43,7.26940671509602e-43,2.222439224352896,0.39912154244226117,2.6967390425163607,0.2575421640142968,1.7572605565387285,1.7572605565387285,0.8299389507682532,False,False,False,False,False
4,3,2,3.5,4.5,0.325,0.4,0.04,0.08,5.378539959918824e-39,8.250303680748552e-41,1.613561987975647e-41,2.4750911042245665e-43,4250,0,4.5497746434205387e-39,8.770675377904912e-41,1.364932393026162e-41,2.631202613371474e-43,2691,0,1.7135976539528418e-41,1.3577174681827018e-42,2.502100281524063e-42,1.8978851424752032e-41,6.433919482736452e-43,1.6707251355069278e-42,1.0619967913985742,0.15592020936170023,1.3904609137947437,0.12530395432293048,0.7398492867407924,0.7398492867407924,0.33239487343081114,False,False,False,False,False
4,3,3,3.5,4.5,0.325,0.4,0.08,0.12,5.3431048731240654e-39,8.223081298842664e-41,1.6029314619372196e-41,2.4669243896527997e-43,4222,0,4.9521701711552427e-39,9.150311399977471e-41,1.4856510513465728e-41,2.7450934199932423e-43,2929,0,1.1879290547949263e-41,1.1758279463889925e-42,1.8965612091553578e-42,1.5457975054331828e-41,5.59019677246362e-43,1.7340628405601805e-42,0.7410978466660434,0.11886675783201267,1.040484913353034,0.11829348005377315,0.44746822356918714,0.44746822356918714,0.2624802790903782,False,False,False,False,False
4,3,4,3.5,4.5,0.325,0.4,0.12,0.16,2.970219596689289e-39,6.131009856464451e-41,8.910658790067869e-42,1.839302956939336e-43,2347,0,2.7643558312867257e-39,6.836519654812355e-41,8.293067493860179e-42,2.0509558964437072e-43,1635,0,6.472019963452849e-42,7.381075529232997e-43,1.1980033087959155e-42,1.0137732772901792e-41,4.305978540661883e-43,1.2018507394102845e-42,0.726323397173146,0.13527944356900984,1.2224346154673553,0.1480420808178863,0.23975277923074834,0.23975277923074834,0.30476674466808357,False,False,False,False,False
4,3,5,3.5,4.5,0.325,0.4,0.16,0.24,1.3629853027841348e-39,2.93675910121956e-41,8.177911816704809e-42,1.7620554607317358e-43,2154,0,1.495457328913217e-39,3.5555771703246307e-41,8.972743973479303e-42,2.1333463021947793e-43,1769,0,7.862330876779458e-42,1.0575507683237719e-42,1.93013844412208e-42,1.1977485872105644e-41,6.293128490552197e-43,1.68489509569649e-42,0.9614105719163268,0.23692581893109352,1.3348743603414344,0.19044246241098697,0.5951287794224716,0.5951287794224716,0.5050989554476425,False,False,False,False,False
4,3,6,3.5,4.5,0.325,0.4,0.24,0.32,9.592784210866982e-40,2.4637411343446643e-41,5.75567052652019e-42,1.4782446806067992e-43,1516,0,1.1564644578594009e-39,3.126721797352814e-41,6.938786747156408e-42,1.8760330784116894e-43,1368,0,4.6654160556988865e-42,9.420292725643239e-43,1.3500465343397521e-42,8.258874748323119e-42,5.623441764398054e-43,1.286763532030136e-42,0.8105773313816733,0.2354814334782968,1.1902476685434522,0.18821650228189477,0.4382083468576208,0.4382083468576208,0.5016343930862658,False,False,False,False,False
4,3,7,3.5,4.5,0.325,0.4,0.32,0.4,7.030068112317427e-40,2.1091258926263983e-41,4.2180408673904573e-42,1.2654755355758397e-43,1111,0,9.949990255120724e-40,2.9002432452551343e-41,5.969994153072435e-42,1.7401459471530812e-43,1177,0,3.4603058786996127e-42,8.392015223845203e-43,1.1460849535145699e-42,4.97372485158372e-42,4.5735971061969546e-43,8.932100626340662e-43,0.8203585473652305,0.27282267461590903,0.8331205565794417,0.15157450233956268,0.8078419614051388,0.8078419614051388,0.5604734589263596,False,False,False,False,False
4,3,8,3.5,4.5,0.325,0.4,0.4,0.6,2.576637025504642e-40,8.075684696197037e-42,3.864955538256963e-42,1.2113527044295554e-43,1018,0,4.395917529874917e-40,1.2192081582057706e-41,6.593876294812376e-42,1.828812237308656e-43,1300,0,8.91989443281756e-43,4.661276248285754e-43,6.353683986345317e-43,3.469771415742985e-42,5.350326561385634e-43,9.090403642893549e-43,0.2307890568086664,0.16455122261841645,0.5262111784645961,0.13863165914626432,-0.05895187020003395,0.0,0.3531603618927669,False,False,False,False,False
4,3,9,3.5,4.5,0.325,0.4,0.6,0.799,6.639309155371267e-41,4.109629196228881e-42,9.909168914391625e-43,6.133621575371608e-44,261,0,1.5225133771812615e-40,7.193199578197679e-42,2.2723512154430346e-42,1.073585037046004e-43,448,0,2.2275418904729556e-44,3.6352784857490313e-44,4.567036240652539e-44,8.469436765525423e-43,3.1927175753575647e-43,4.583445443377076e-43,0.02247960358449209,0.04610999332162621,0.3727168893596476,0.2024721742777209,-0.32102234977191046,0.0,0.21857533214537495,False,False,False,False,False
4,4,0,3.5,4.5,0.4,0.475,0.0,0.02,1.2351658825601826e-39,5.591333233192598e-41,1.8527488238402728e-42,8.386999849788892e-44,488,0,1.2139495332500738e-39,6.406980588267934e-41,1.8209242998751097e-42,9.610470882401897e-44,359,0,4.308233798418999e-42,7.182657177127814e-43,9.861369457857633e-43,7.658111284283059e-42,4.113303973640311e-43,9.112678181063615e-43,2.3253199478433,0.5425649755631603,4.2056176002529595,0.5474583696412818,0.48118186567228793,0.48118186567228793,1.2013599316141845,False,False,False,False,False
4,4,1,3.5,4.5,0.4,0.475,0.02,0.04,1.6300139925589294e-39,6.42315494925518e-41,2.445020988838393e-42,9.634732423882769e-44,644,0,1.4066936095599744e-39,6.896882850762095e-41,2.1100404143399607e-42,1.0345324276143136e-43,416,0,4.678707594122121e-42,6.843752430030038e-43,1.0429374813379717e-42,7.108656083699003e-42,3.419264335168099e-43,7.977494075487227e-43,1.9135654112911857,0.4331692858562394,3.3689667910567738,0.4125805756685145,0.48615251959801276,0.48615251959801276,0.9486395828642399,False,False,False,False,False
4,4,2,3.5,4.5,0.4,0.475,0.04,0.08,3.3789886336431226e-39,6.539297567990916e-41,1.0136965900929362e-41,1.9617892703972734e-43,2670,0,3.0061312954298486e-39,7.129220816925461e-41,9.018393886289544e-42,2.1387662450776374e-43,1778,0,1.4289400196624983e-41,1.278805977088376e-42,2.402141045947677e-42,1.728367462811162e-41,5.8510090352475994e-43,1.3656726303141124e-42,1.409632856248922,0.2385335676991492,1.9164914336229637,0.15810564254140627,0.9125215592089966,0.9125215592089966,0.49727507985227964,False,False,False,False,False
4,4,3,3.5,4.5,0.4,0.475,0.08,0.12,5.4924384531876985e-39,8.33720219651438e-41,1.6477315359563083e-41,2.501160658954313e-43,4340,0,5.163512360091541e-39,9.343523980945764e-41,1.5490537080274614e-41,2.8030571942837277e-43,3054,0,1.4581657766946336e-41,1.1197811898234232e-42,1.9506472778225842e-42,1.9592896880722176e-41,6.249690704081721e-43,1.672983746246025e-42,0.8849534920434385,0.11914349649224915,1.2648300558714287,0.11039889508734556,0.5123822467506021,0.5123822467506021,0.25964911275466546,False,False,False,False,False
4,4,4,3.5,4.5,0.4,0.475,0.12,0.16,4.623013287901994e-39,7.648923292812731e-41,1.3869039863705977e-41,2.2946769878438186e-43,3653,0,4.412824904989823e-39,8.637666697960246e-41,1.3238474714969462e-41,2.591300009388073e-43,2610,0,1.0499863572219877e-41,9.711471650111733e-43,1.599768919827408e-42,1.581138274408378e-41,5.613683512844135e-43,1.6345850404557796e-42,0.7570721315537545,0.11602633403769229,1.194350790745175,0.1256660366825324,0.3282026773467843,0.3282026773467843,0.2607839769040678,False,False,False,False,False
4,4,5,3.5,4.5,0.4,0.475,0.16,0.24,2.343145114303461e-39,3.8505461230950137e-41,1.4058870685820758e-41,2.310327673857007e-43,3703,0,2.4515693916610132e-39,4.5524500724900115e-41,1.470941634996607e-41,2.731470043494005e-43,2900,0,1.341017524912748e-41,1.4264399441357963e-42,2.5276934604136266e-42,1.864675088582881e-41,7.702959086353373e-43,2.6750918585271468e-42,0.9538586383508365,0.1804754972579454,1.2676744231168509,0.18337972030415217,0.6460777725226301,0.6460777725226301,0.4001741400101663,False,False,False,False,False
4,4,6,3.5,4.5,0.4,0.475,0.24,0.32,1.1016515376727856e-39,2.6402488334778773e-41,6.609909226036711e-42,1.5841493000867256e-43,1741,0,1.3407548466118504e-39,3.3666485656206753e-41,8.044529079671099e-42,2.0199891393724044e-43,1586,0,8.631739892729255e-42,1.2015000053534769e-42,2.1058724293867656e-42,1.0721270346930511e-41,6.4357627865951745e-43,1.6156603653689094e-42,1.3058787341176286,0.3201267895092268,1.3327405794359874,0.20360865840110354,1.2795334627476995,1.2795334627476995,0.6647982521934682,False,False,False,False,False
4,4,7,3.5,4.5,0.4,0.475,0.32,0.4,8.41583311375534e-40,2.3076571949092897e-41,5.0494998682532017e-42,1.3845943169455733e-43,1330,0,1.1539283515921663e-39,3.1232914926477036e-41,6.923570109552995e-42,1.873974895588621e-43,1365,0,6.524232851929692e-42,1.2382383683122501e-42,1.7395771212837016e-42,7.422670018027268e-42,5.3484974695210024e-43,1.2419921393957008e-42,1.2920552573826787,0.3463217791754733,1.072087073659531,0.1817179063014327,1.5077932837265353,1.5077932837265353,0.7087573288249497,False,False,False,False,False
4,4,8,3.5,4.5,0.4,0.475,0.4,0.6,3.528322213706752e-40,9.450109745491856e-42,5.292483320560124e-42,1.417516461823777e-43,1394,0,5.863477689848549e-40,1.4080910253256887e-41,8.795216534772816e-42,2.112136537988531e-43,1734,0,3.4554391597691606e-42,1.1535139890910967e-42,1.532559384291661e-42,6.683777554326235e-42,7.479826313492148e-43,1.515476852183902e-42,0.6528956163821142,0.29010035530444944,0.7599332577999888,0.17327067234891447,0.5479163911453527,0.5479163911453527,0.5992239881762443,False,False,False,False,False
4,4,9,3.5,4.5,0.4,0.475,0.6,0.799,8.674346444373962e-41,4.69742196210178e-42,1.2946462068228136e-42,7.010902278436904e-44,341,0,2.0288850137884238e-40,8.303673582280286e-42,3.0281108830792216e-42,1.2393232821553324e-43,597,0,3.1628130124196945e-43,4.174502098168886e-43,4.480825598641406e-43,1.3304126162466277e-42,4.201869388032546e-43,5.895501139284774e-43,0.2442994074946191,0.34635700641184847,0.4393539958133103,0.1955209945227789,0.05299586895128733,0.05299586895128733,0.712349214725841,False,False,False,False,False
4,5,0,3.5,4.5,0.475,0.55,0.0,0.02,1.0326796723044136e-39,5.112526201070861e-41,1.5490195084566218e-42,7.668789301606298e-44,408,0,1.082072007353825e-39,6.048966412482012e-41,1.6231080110307388e-42,9.073449618723026e-44,320,0,4.042689730111895e-42,7.804705368994412e-43,1.0148586762306312e-42,4.984000388704476e-42,3.355039843202892e-43,7.1308132992896564e-43,2.609837841319288,0.6677809961454885,3.070652325558689,0.4716745447622625,2.157885174084491,2.157885174084491,1.4012817992901858,False,False,False,False,False
4,5,1,3.5,4.5,0.475,0.55,0.02,0.04,1.1339227774322972e-39,5.357281562566966e-41,1.7008841661484473e-42,8.035922343850458e-44,448,0,1.1699903579513229e-39,6.289907131699681e-41,1.754985536926986e-42,9.434860697549529e-44,346,0,3.0638316449907466e-42,4.443033465854883e-43,7.472617162962952e-43,4.875715026549759e-42,2.5254740488175345e-43,5.568145233243366e-43,1.8013170479025706,0.4475041011506359,2.778208095712989,0.35067305858507636,0.843212366396199,0.843212366396199,0.9507873203404557,False,False,False,False,False
4,5,2,3.5,4.5,0.475,0.55,0.04,0.08,1.8717319060517496e-39,4.866979943142505e-41,5.6151957181552534e-42,1.460093982942753e-43,1479,0,1.7008819365592932e-39,5.362597218472732e-41,5.102645809677884e-42,1.6087791655418217e-43,1006,0,1.0306691471272691e-41,1.0541221080886189e-42,1.976651588914508e-42,1.2116924184251062e-41,4.91445487838999e-43,1.0263477449632498e-42,1.8354999520228164,0.3552390840701776,2.374635558923101,0.21462219266895263,1.3067323375629218,1.3067323375629218,0.7344567264965649,False,False,False,False,False
4,5,3,3.5,4.5,0.475,0.55,0.08,0.12,3.7966164422956383e-39,6.931641558801106e-41,1.1389849326886924e-41,2.0794924676403333e-43,3000,0,3.5742190992906025e-39,7.773716167609851e-41,1.0722657297871816e-41,2.3321148502829576e-43,2114,0,1.4370397617907146e-41,1.1533331811558629e-42,2.2567405107230186e-42,1.5928693667764852e-41,5.370638087609589e-43,1.179722254827284e-42,1.2616846110496236,0.1994706409387928,1.485517369927164,0.11466733726967339,1.0421563283043438,1.0421563283043438,0.4107991601590138,False,False,False,False,False
4,5,4,3.5,4.5,0.475,0.55,0.12,0.16,4.792595488991193e-39,7.787949416625632e-41,1.437778646697359e-41,2.3363848249876923e-43,3787,0,4.8710147706037015e-39,9.075024733676071e-41,1.4613044311811118e-41,2.722507420102824e-43,2881,0,1.2222398028213068e-41,1.1192137565078404e-42,1.985268690816112e-42,1.864844409589256e-41,6.41969843548724e-43,1.689261976366487e-42,0.8500889936214072,0.138768159376216,1.2761505199036314,0.11801924386352998,0.432220958229226,0.432220958229226,0.2982452556689823,False,False,False,False,False
4,5,5,3.5,4.5,0.475,0.55,0.16,0.24,3.392276791191153e-39,4.633064831954153e-41,2.035366074714693e-41,2.7798388991724936e-43,5361,0,3.671436506201298e-39,5.571101965540397e-41,2.2028619037207807e-41,3.342661179324241e-43,4343,0,1.8200595134674935e-41,1.5343240883443388e-42,2.6177210477729432e-42,2.6231306127381206e-41,8.807242306270948e-43,2.555947580984972e-42,0.8942172791804147,0.12919037212661266,1.190783048318861,0.11742702648785415,0.6033546979100153,0.6033546979100153,0.2806185655806667,False,False,False,False,False
4,5,6,3.5,4.5,0.475,0.55,0.24,0.32,1.5781269011808863e-39,3.1600481380965315e-41,9.468761407085327e-42,1.8960288828579213e-43,2494,0,1.8970074878921738e-39,4.0045859457360727e-41,1.1382044927353056e-41,2.4027515674416466e-43,2244,0,1.0891775853664303e-41,1.3034057825708409e-42,2.0791039813590118e-42,1.6554816668683562e-41,7.522974539653428e-43,2.0835554168011278e-42,1.1502851730442967,0.22077986446710438,1.4544676966525958,0.18561343431940405,0.8519523133515419,0.8519523133515419,0.47369135480219715,False,False,False,False,False
4,5,7,3.5,4.5,0.475,0.55,0.32,0.4,8.978997886029181e-40,2.383618083552681e-41,5.387398731617514e-42,1.4301708501316106e-43,1419,0,1.2570633397930759e-39,3.2598804754986756e-41,7.542380038758464e-42,1.9559282852992075e-43,1487,0,5.5566755243636746e-42,1.0065851382687697e-42,1.459076105671317e-42,8.712902292877232e-42,5.837547473315919e-43,1.3920131536724853e-42,1.0314208769721667,0.27221184157638056,1.1551926909150345,0.18697433448416595,0.910029290220508,0.910029290220508,0.569519396845313,False,False,False,False,False
4,5,8,3.5,4.5,0.475,0.55,0.4,0.6,4.3053630455632536e-40,1.0438969338920221e-41,6.458044568344884e-42,1.5658454008380344e-43,1701,0,7.358089650006009e-40,1.5773774554097112e-41,1.1037134475009024e-41,2.3660661831145684e-43,2176,0,3.9630870789547346e-42,1.0945400010488169e-42,1.6190313331214298e-42,7.887511298391871e-42,8.686674657202893e-43,2.098454125088853e-42,0.6136667279102448,0.2511410903733051,0.7146339764411924,0.19074293011285007,0.5146411572356616,0.5146411572356616,0.5314659100418532,False,False,False,False,False
4,5,9,3.5,4.5,0.475,0.55,0.6,0.799,1.0658507801151566e-40,5.207021799991511e-42,1.5907822893218737e-42,7.771480036487341e-44,419,0,2.4434980316815317e-40,9.112709972535823e-42,3.646920812284691e-42,1.3600719634009734e-43,719,0,1.0233900983275629e-42,7.631182113958048e-43,9.081480981831464e-43,1.7593811892480332e-43,1.0418845011082568e-43,1.4893113690396922e-43,0.6433250515781255,0.5717459036771103,0.048242922723233786,0.04087711533440307,1.226963293339654,1.226963293339654,1.1332060938588284,False,False,False,False,False
4,6,0,3.5,4.5,0.55,0.7,0.0,0.02,6.555491057030477e-40,2.8803174092707186e-41,1.9666473171091418e-42,8.640952227812154e-44,518,0,8.707298184175322e-40,3.8368940125728067e-41,2.612189455252596e-42,1.1510682037718416e-43,515,0,3.009860007969111e-42,6.445754550542963e-43,8.673429135806616e-43,5.590044087531539e-42,3.723044885497082e-43,8.375615696357921e-43,1.5304523499380824,0.44612314220561844,2.1399841716270105,0.33421496053203087,0.9326422940508645,0.9326422940508645,0.9425031372814879,False,False,False,False,False
4,6,1,3.5,4.5,0.55,0.7,0.02,0.04,7.745097542283113e-40,3.130770122308335e-41,2.3235292626849324e-42,9.392310366925e-44,612,0,8.656576058830611e-40,3.8257022706601517e-41,2.596972817649182e-42,1.1477106811980452e-43,512,0,1.9707189751523374e-42,3.4376124363067992e-43,5.9309591025407695e-43,4.621860727056612e-42,2.634477903603575e-43,4.764512465169937e-43,0.8481575880284338,0.2575486671618635,1.7797108601392249,0.1996129809023297,-0.06548119808022679,0.0,0.546420122624088,False,False,False,False,False
4,6,2,3.5,4.5,0.55,0.7,0.04,0.08,8.055154551737256e-40,2.2576659118197806e-41,4.833092731042351e-42,1.3545995470918678e-43,1273,0,9.36668581365656e-40,2.813948032879577e-41,5.620011488193933e-42,1.6883688197277456e-43,1108,0,7.070163873648993e-42,8.981220055835889e-43,1.679793792172304e-42,1.194579088582916e-41,5.0212577090907945e-43,9.563444729548056e-43,1.4628653467040296,0.34997084092604425,2.125581221839833,0.18175464873690364,0.8128940076285303,0.8128940076285303,0.7157643108940922,False,False,False,False,False
4,6,3,3.5,4.5,0.55,0.7,0.08,0.12,1.4287933211172608e-39,3.0068200854047315e-41,8.572759926703558e-42,1.804092051242838e-43,2258,0,1.4388176222782912e-39,3.487594390249005e-41,8.63290573366974e-42,2.092556634149402e-43,1702,0,1.3358191390478088e-41,1.2401755285213849e-42,2.6377619943365825e-42,1.9241970821247207e-41,6.48747072280788e-43,1.2815457037465573e-42,1.5582136330294565,0.3094335446141939,2.2289101045318245,0.15797477743058727,0.9004151705944419,0.9004151705944419,0.6321961560961871,False,False,False,False,False
4,6,4,3.5,4.5,0.55,0.7,0.12,0.16,2.3172015686144405e-39,3.8291699656528784e-41,1.3903209411686635e-41,2.297501979391726e-43,3662,0,2.5352608984797847e-39,4.62950359243543e-41,1.5211565390878704e-41,2.777702155461257e-43,2999,0,1.9172090522094612e-41,1.54932683984517e-42,3.521495704624508e-42,2.5626424071010616e-41,7.766142436296472e-43,1.743296257370136e-42,1.37896869380239,0.2543095246424172,1.684667120872186,0.11866033997608591,1.0791490826377823,1.0791490826377823,0.5169974056760444,False,False,False,False,False
4,6,5,3.5,4.5,0.55,0.7,0.16,0.24,3.187259503307193e-39,3.1755316925043085e-41,3.8247114039686287e-41,3.810638031005168e-43,10074,0,3.543785824083782e-39,3.87027506304985e-41,4.252542988900536e-41,4.6443300756598175e-43,8384,0,3.935124384880337e-41,2.6895277331371545e-42,5.916427753697394e-42,4.78215341326453e-41,1.238474269948242e-42,3.4102913800781975e-42,1.0288683169133077,0.15502879521985907,1.124539699127397,0.08112914348165345,0.9350367689725663,0.9350367689725663,0.3172176770706336,False,False,False,False,False
4,6,6,3.5,4.5,0.55,0.7,0.24,0.32,2.4592583004970025e-39,2.789393676577845e-41,2.9511099605964017e-41,3.3472724118934125e-43,7773,0,3.0391006769039103e-39,3.584104321736871e-41,3.64692081228469e-41,4.300925186084243e-43,7190,0,3.0225340325558817e-41,2.5032517925500136e-42,4.4647799746920666e-42,4.567789144333165e-41,1.314567534430774e-42,4.185108947577871e-42,1.024202443457934,0.15173689713181943,1.2525057108304958,0.11570407340619147,0.8002896235348445,0.8002896235348445,0.3212650890108917,False,False,False,False,False
4,6,7,3.5,4.5,0.55,0.7,0.32,0.4,1.3686802274475793e-39,2.0809360585588278e-41,1.6424162729370942e-41,2.497123270270592e-43,4326,0,1.9532245101492303e-39,2.8733212262431056e-41,2.343869412179076e-41,3.4479854714917262e-43,4621,0,1.3730088639921343e-41,1.8246212028995812e-42,3.220546421523052e-42,3.3016221959886817e-41,1.2695387635160088e-42,3.943677382674188e-42,0.835968862836956,0.19649737367870782,1.4086203688793357,0.16952620348683645,0.2743298857569296,0.2743298857569296,0.4232416187201737,False,False,False,False,False
4,6,8,3.5,4.5,0.55,0.7,0.4,0.6,5.411443969085391e-40,8.275501424806275e-42,1.6234331907256158e-41,2.4826504274418804e-43,4276,0,9.297365575685458e-40,1.2537705027974823e-41,2.7892096727056353e-41,3.761311508392443e-43,5499,0,5.1171244479992215e-42,1.5395311259127252e-42,2.372439750856822e-42,2.382084057585284e-41,1.7936401674283636e-42,5.798532395605326e-42,0.3152038825639663,0.14621667253594195,0.8540354928837514,0.2082103554425424,-0.21326558140351526,0.0,0.35437384532048666,False,False,False,False,False
4,6,9,3.5,4.5,0.55,0.7,0.6,0.799,1.410535220939989e-40,4.235631425821099e-42,4.210447634505866e-42,1.2643359806075977e-43,1109,0,3.43924896809696e-40,7.6446632889334e-42,1.0266158169769421e-41,2.281931991746619e-43,2024,0,1.222340528824987e-42,7.845427484254657e-43,1.1074441929474093e-42,5.708429221843975e-43,2.476985708979837e-43,5.515112134545547e-43,0.2903113005865562,0.2631673395952794,0.05560433735234557,0.05373550129917412,0.520504668373955,0.520504668373955,0.52393115594235,False,False,False,False,False
4,7,0,3.5,4.5,0.7,0.85,0.0,0.02,4.024413428833379e-40,2.256778987443844e-41,1.2073240286500139e-42,6.770336962331532e-44,318,0,6.103562416480173e-40,3.21240127183167e-41,1.831068724944052e-42,9.637203815495013e-44,361,0,1.768118631192499e-42,6.036004420466617e-43,6.7175727458591594e-43,1.8383384277436446e-42,1.834624647722979e-43,4.243674394077029e-43,1.4644938634821552,0.562429948120635,1.0039701965855021,0.23770686685554757,1.9161613060154112,1.9161613060154112,1.1381766513938059,False,False,False,False,False
4,7,1,3.5,4.5,0.7,0.85,0.02,0.04,4.695149000305609e-40,2.4375999052064997e-41,1.4085447000916828e-42,7.312799715619501e-44,371,0,6.746042670846506e-40,3.3772455341172265e-41,2.0238128012539524e-42,1.0131736602351685e-43,399,0,7.656183757247705e-43,2.5986491715379307e-43,2.8973322304938323e-43,1.8094731199594763e-42,1.7758879113147108e-43,3.3991773152581497e-43,0.5435527716478832,0.20762359855374368,0.8940911525207907,0.17382105171200687,0.19975551348406995,0.19975551348406995,0.44518880817843215,False,False,False,False,False
4,7,2,3.5,4.5,0.7,0.85,0.04,0.08,4.04972420511535e-40,1.6007940479599269e-41,2.4298345230692107e-42,9.604764287759564e-44,640,0,5.833044414641716e-40,2.22060205777893e-41,3.4998266487850295e-42,1.3323612346673582e-43,690,0,1.7318438654872276e-42,3.4632911091738574e-43,5.0005378893915256e-43,5.2171794580123926e-42,3.595053618799296e-43,5.895782656718001e-43,0.7127414846751268,0.20771698990061457,1.490696534876533,0.1777612810743419,-0.05025289148394485,0.0,0.44685322910171293,False,False,False,False,False
4,7,3,3.5,4.5,0.7,0.85,0.08,0.12,3.929498017775988e-40,1.5768532368960047e-41,2.3576988106655928e-42,9.461119421376029e-44,621,0,6.035932916020559e-40,2.2588911215411987e-41,3.621559749612336e-42,1.3553346729247193e-43,714,0,2.2876484598203885e-42,3.833667956380388e-43,5.8249481987165745e-43,5.934703925798552e-42,3.150684169599065e-43,6.909024392049699e-43,0.9702886770234114,0.25011007487537174,1.6387149007920754,0.20038982171251501,0.3147168037118371,0.3147168037118371,0.5329707986550926,False,False,False,False,False
4,7,4,3.5,4.5,0.7,0.85,0.12,0.16,5.131759891169607e-40,1.8020046235941336e-41,3.079055934701765e-42,1.0812027741564803e-43,811,0,7.025014360242413e-40,2.436950481402961e-41,4.21500861614545e-42,1.4621702888417774e-43,831,0,4.402341943016005e-42,6.572088038647292e-43,1.2628259431037444e-42,8.609446934349539e-42,4.211966294804818e-43,9.44911054861064e-43,1.4297700452273245,0.4131956594665425,2.0425692373133804,0.23510894963158574,0.8287554529890775,0.8287554529890775,0.8503077543345265,False,False,False,False,False
4,7,5,3.5,4.5,0.7,0.85,0.16,0.24,1.015594898314084e-39,1.792536445387471e-41,1.2187138779769007e-41,2.1510437344649657e-43,3210,0,1.305672043248425e-39,2.349227905730076e-41,1.56680645189811e-41,2.819073486876091e-43,3089,0,1.4550093926310208e-41,1.5624107684769608e-42,3.4745813808888605e-42,2.73668802088995e-41,9.487538489109913e-43,2.3626442056652948e-42,1.193889245805896,0.28587998598647524,1.7466662953644245,0.15403364593272628,0.6517425241234933,0.6517425241234933,0.58606787647385,False,False,False,False,False
4,7,6,3.5,4.5,0.7,0.85,0.24,0.32,1.7312570976868117e-39,2.34039155607895e-41,2.0775085172241747e-41,2.808469867294741e-43,5472,0,2.3196918657647634e-39,3.1312896913841775e-41,2.783630238917717e-41,3.757547629661015e-43,5488,0,2.2038170688833634e-41,2.0908948675053168e-42,3.698207329493314e-42,3.4603838177035764e-41,1.0835903384143165e-42,2.7272267708487837e-42,1.060798090892043,0.1785883408706716,1.2431190642076742,0.09940040618509208,0.8819832901401741,0.8819832901401741,0.3669300831837637,False,False,False,False,False
4,7,7,3.5,4.5,0.7,0.85,0.32,0.4,1.7072118602189392e-39,2.324082008555448e-41,2.0486542322627278e-41,2.7888984102665387e-43,5396,0,2.4815799824899647e-39,3.238711303960016e-41,2.9778959789879585e-41,3.8864535647520206e-43,5871,0,1.8379139987613987e-41,1.986052955656493e-42,3.2176243839232245e-42,3.4713235806964364e-41,1.18944672922256e-42,3.62439543751948e-42,0.8971323563622703,0.15753451402242746,1.1656967218432424,0.12265708593493914,0.6337326902174707,0.6337326902174707,0.3344253890941825,False,False,False,False,False
4,7,8,3.5,4.5,0.7,0.85,0.4,0.6,8.948624954490827e-40,1.064181949326288e-41,2.684587486347248e-41,3.1925458479788645e-43,7071,0,1.4826077238258905e-39,1.5832562943180622e-41,4.447823171477671e-41,4.7497688829541865e-43,8769,0,2.401350321646536e-41,3.5995786585337483e-42,5.347553432883629e-42,4.5786166657295385e-41,2.2884965309279016e-42,1.0847577936239631e-41,0.8944950886714833,0.19947843470778215,1.0294061812282918,0.24413271998357958,0.7621784402023057,0.7621784402023057,0.46200745930495524,False,False,False,False,False
4,7,9,3.5,4.5,0.7,0.85,0.6,0.799,2.1698585093991154e-40,5.253417327373077e-42,6.477027650556362e-42,1.568145072220864e-43,1706,0,5.089204871269953e-40,9.299327030017355e-42,1.519127654074082e-41,2.775849118460182e-43,2995,0,3.5143119773512416e-42,1.567013106927987e-42,2.169600153064466e-42,2.4852746421041694e-42,7.078632523588637e-43,2.428850914985724e-42,0.5425809749398507,0.3352259705254063,0.16359880194656587,0.15991252702163458,0.9142750292217262,0.9142750292217262,0.6822763051031054,False,False,False,False,False
4,8,0,3.5,4.5,0.85,1.0,0.0,0.02,2.303280641659355e-40,1.7073052017087394e-41,6.9098419249780675e-43,5.12191560512622e-44,182,0,4.311380654300399e-40,2.6998912938374953e-41,1.2934141962901198e-42,8.099673881512487e-44,255,0,4.823293804381797e-43,2.1318200218351242e-43,3.0411603732049763e-43,9.304356153228218e-43,1.410244345074042e-43,2.8241677878110093e-43,0.6980324378979346,0.4431511065071799,0.7193640041926059,0.22294843018838814,0.677111094032007,0.677111094032007,0.9046051503453706,False,False,False,False,False
4,8,1,3.5,4.5,0.85,1.0,0.02,0.04,2.341246806082312e-40,1.7213188857621408e-41,7.023740418246936e-43,5.163956657286425e-44,185,0,4.717157657058083e-40,2.82408841901277e-41,1.4151472971174253e-42,8.472265257038313e-44,279,0,3.981298016771987e-43,1.986836010077688e-43,2.2778115595327505e-43,9.667901779060299e-43,1.2751323073002553e-43,1.9216114925640543e-43,0.5668344471314736,0.3269685182148954,0.683172825807834,0.14181483450620444,0.45273334496812,0.45273334496812,0.6624159029678404,False,False,False,False,False
4,8,2,3.5,4.5,0.85,1.0,0.04,0.08,2.012206714416689e-40,1.1283894937219217e-41,1.2073240286500139e-42,6.770336962331532e-44,318,0,4.023955277347039e-40,1.8443768774263848e-41,2.414373166408224e-42,1.1066261264558312e-43,476,0,5.940853931623337e-43,2.337865979330152e-43,3.025600709213781e-43,2.7847988410690004e-42,2.4547553601426496e-43,5.92882493860061e-43,0.49206789483567104,0.25211845641274916,1.1534251953321057,0.25119013623899233,-0.15657099603583224,0.0,0.5568499673182596,False,False,False,False,False
4,8,3,3.5,4.5,0.85,1.0,0.08,0.12,1.904635915218313e-40,1.0978138907471714e-41,1.142781549130988e-42,6.586883344483029e-44,301,0,3.35611396030835e-40,1.684385313034071e-41,2.0136683761850104e-42,1.0106311878204428e-43,397,0,9.024058002019365e-43,2.592818412001885e-43,3.7096186645644866e-43,3.399414137080861e-42,2.534072250549296e-43,7.856563473927964e-43,0.7896573066726167,0.3277884852928913,1.6881697986046795,0.39925532230317506,-0.09157609887613716,0.0,0.7582141433685554,False,False,False,False,False
4,8,4,3.5,4.5,0.85,1.0,0.12,0.16,1.6198896820461395e-40,1.0124310512788372e-41,9.719338092276841e-43,6.074586307673027e-44,256,0,3.4237434607679633e-40,1.7012718035105667e-41,2.054246076460779e-42,1.0207630821063404e-43,405,0,1.1537382230120456e-42,3.1399873075586212e-43,4.210986540278177e-43,3.39029167659374e-42,2.1916971702829232e-43,8.824885056338772e-43,1.1870543158991729,0.4395648744648872,1.6503824519576584,0.4373499404847681,0.7326363363033503,0.7326363363033503,0.97060119644336,False,False,False,False,False
4,8,5,3.5,4.5,0.85,1.0,0.16,0.24,2.059664419945385e-40,8.072461315266018e-42,2.4715973039344625e-42,9.686953578319221e-44,651,0,4.36210277964511e-40,1.3578632845874362e-41,5.234523335574132e-42,1.6294359415049238e-43,1032,0,2.1040647071036816e-42,3.66744695225203e-43,7.542163828901129e-43,7.318322688951182e-42,3.829864598876252e-43,2.0028448935848825e-42,0.8512975409684593,0.3069720424610861,1.398087699641231,0.3850893357294496,0.31502257765477926,0.31502257765477926,0.7157923002497287,False,False,False,False,False
4,8,6,3.5,4.5,0.85,1.0,0.24,0.32,3.594130232039872e-40,1.0663619591362345e-41,4.3129562784478475e-42,1.2796343509634821e-43,1136,0,6.538927325688937e-40,1.6624988507102476e-41,7.846712790826727e-42,1.9949986208522977e-43,1547,0,5.696190307952405e-42,9.736194424645772e-43,1.6627993792910157e-42,1.3740366031447486e-41,6.3020889955244095e-43,2.4291218819809237e-42,1.3207159869476714,0.3875221016679279,1.7510983768274009,0.31275692244300957,0.8986101814887062,0.8986101814887062,0.8266124457437485,False,False,False,False,False
4,8,7,3.5,4.5,0.85,1.0,0.32,0.4,6.346677152704211e-40,1.4170361919601443e-41,7.616012583245056e-42,1.7004434303521737e-43,2006,0,1.0026073443137789e-39,2.0586074457792028e-41,1.2031288131765348e-41,2.4703289349350443e-43,2372,0,1.1093457045624934e-41,1.4898097903951266e-42,2.425107228569393e-42,2.3388005816694625e-41,9.704705345966566e-43,2.8669563122204345e-42,1.4565964701831149,0.3200786464449241,1.943931984717825,0.24161137966654897,0.9786327924663798,0.9786327924663798,0.6768388783418271,False,False,False,False,False
4,8,8,3.5,4.5,0.85,1.0,0.4,0.6,7.376825747380429e-40,9.662121562137096e-42,2.2130477242141289e-41,2.8986364686411285e-43,5829,0,1.369159236804888e-39,1.5214758890201076e-41,4.107477710414664e-41,4.5644276670603234e-43,8098,0,3.2312879619119436e-41,3.8802621090403336e-42,5.879658530595482e-42,5.092542868192134e-41,2.122431745992977e-42,7.750887696825098e-42,1.460107672580536,0.2663689275600564,1.2398223988604493,0.18920417413328663,1.676156691036775,1.676156691036775,0.5592965122552476,False,False,False,False,False
4,8,9,3.5,4.5,0.85,1.0,0.6,0.799,3.486273255722729e-40,6.658967672924496e-42,1.0406525668332351e-41,1.987701850367963e-43,2741,0,7.879346573649008e-40,1.1571020297911803e-41,2.35198495223423e-41,3.453949558926675e-43,4637,0,9.245396900466069e-42,2.8018628594841736e-42,4.063392522790497e-42,1.1239760788860489e-41,1.2618299931216244e-42,6.18982531738619e-42,0.8884230140901239,0.39083437841561824,0.47788404335595175,0.2632680817105648,1.2910670046178698,1.2910670046178698,0.8160774246045922,False,False,False,False,False
