# hA2018 -> hA2025 pi+ FSI fate-fraction weights at A = 40,
# tabulated from hA_TGraphs_2D/*.root with ROOT TGraph2D::Interpolate
# via the reference hA2025Reweighter (scripts/extract_ha_tgraphs.py).
# frac2018/frac2025: renormalized fate fractions; weight = f25/f18,
# set to 1 where f18 < 1e-06 (unmeasured / roundoff region).
# KE in MeV, clamped by the calculator to [1, 999].
KE,fate,frac2018,frac2025,weight
1.0,cex,0.05123129714287369,0.023829924684682237,0.4651438869139974
1.0,abs,0.5439800610496436,0.9285102259459533,1.7068828297756626
1.0,inel,0.4047886418074828,0.023829924684682237,0.058870042840816005
1.0,pipro,0.0,0.023829924684682237,1.0
1.5,cex,0.05111546353333802,0.02335013787060801,0.45681162326501873
1.5,abs,0.5441201036308164,0.9299495863881759,1.709088820984169
1.5,inel,0.4047644328358456,0.02335013787060801,0.05768821560484733
1.5,pipro,0.0,0.02335013787060801,1.0
2.0,cex,0.05099880135143999,0.02287929689870924,0.44862420865629277
2.0,abs,0.5442611479541674,0.9313621093038723,1.7112412172075582
2.0,inel,0.4047400506943926,0.02287929689870924,0.056528373852442707
2.0,pipro,0.0,0.02287929689870924,1.0
2.5,cex,0.05088130167494536,0.022417263541935382,0.44057960004930347
2.5,abs,0.5444032048066582,0.9327482093741939,1.713340775988735
2.5,inel,0.40471549351839653,0.022417263541935382,0.055390178782262
2.5,pipro,0.0,0.022417263541935382,1.0
3.0,cex,0.05076295545305653,0.021963900555442593,0.4326757644312868
3.0,abs,0.5445462851306833,0.9341082983336723,1.7153882486031462
3.0,inel,0.4046907594162603,0.021963900555442593,0.0542732939766751
3.0,pipro,0.0,0.021963900555442593,1.0
3.5,cex,0.05064375350408853,0.02151907172099709,0.42491067964107027
3.5,abs,0.5446904000268797,0.9354427848370087,1.7173843798070352
3.5,inel,0.40466584646903164,0.02151907172099709,0.0531773855114405
3.5,pipro,0.0,0.02151907172099709,1.0
4.0,cex,0.05052368651309442,0.021082641888697545,0.41728233515251256
4.0,abs,0.5448355607569986,0.9367520743339074,1.7193299076007027
4.0,inel,0.4046407527299071,0.021082641888697545,0.05210212205879806
4.0,pipro,0.0,0.021082641888697545,1.0
4.5,cex,0.05040274502943881,0.020654477016093752,0.40978873281663647
4.5,abs,0.5449817787468366,0.9380365689517188,1.721225563006337
4.5,inel,0.4046154762237245,0.020654477016093752,0.051047174984165083
4.5,pipro,0.0,0.020654477016093752,1.0
5.0,cex,0.05028091946431812,0.03955148831704583,0.7866102835512697
5.0,abs,0.5451290655892369,0.8901663322142963,1.632946009312683
5.0,inel,0.4045900149464449,0.05110610697997804,0.12631578905065882
5.0,pipro,0.0,0.019176072488679852,1.0
5.5,cex,0.05015820008822634,0.04079779867027463,0.8133824299618582
5.5,abs,0.5452774330471509,0.8856781846261251,1.624270749069381
5.5,inel,0.40456436686462266,0.05485770512246916,0.13559697693501
5.5,pipro,0.0,0.018666311581131096,1.0
6.0,cex,0.050034577028364724,0.04206862184324567,0.8407909957827137
6.0,abs,0.545426893056771,0.8809036009518196,1.6150718128600425
6.0,inel,0.40453852991486444,0.05886404821056537,0.14550912671520652
6.0,pipro,0.0,0.018163728994369258,1.0
6.5,cex,0.0499100402659941,0.043362923305522945,0.868821645392821
6.5,abs,0.5455774577307303,0.8758294333821022,1.6053255518016063
6.5,inel,0.4045125020032756,0.06313952782597278,0.1560879515794582
6.5,pipro,0.0,0.017668115486402052,1.0
7.0,cex,0.04978457963372824,0.04467948168377352,0.8974562407172341
7.0,abs,0.5457291393613772,0.870442311007638,1.5950079411670164
7.0,inel,0.40448628100489453,0.06769893548466199,0.1673701647345681
7.0,pipro,0.0,0.017179271823926583,1.0
7.5,cex,0.049658184812766806,0.046016875297174055,0.9266725207672796
7.5,abs,0.5458819504241187,0.8647287045347551,1.5840947000773904
7.5,inel,0.4044598647631146,0.07255741049849722,0.17939335103371232
7.5,pipro,0.0,0.01669700966957355,1.0
8.0,cex,0.0495308453300661,0.04737346882483849,0.956443777794399
8.0,abs,0.5460359035808415,0.8586750020551324,1.5725614312612761
8.0,inel,0.40443325108909234,0.0777303765962995,0.19219581077218678
8.0,pipro,0.0,0.016221152523729594,1.0
8.5,cex,0.049402550555446435,0.048747400322430905,0.9867385342325549
8.5,abs,0.5461910116834099,0.8522675966266093,1.5603837822227133
8.5,inel,0.4044064377611436,0.08323346633537161,0.20581637324115046
8.5,pipro,0.0,0.01575153671558805,1.0
9.0,cex,0.04927328969863381,0.05013656884025729,1.01752022539805
9.0,abs,0.5463472877772415,0.8454929863320689,1.5475376289902918
9.0,inel,0.4043794225241246,0.08908243239163098,0.22029417776894042
9.0,pipro,0.0,0.015288012436042693,1.0
9.5,cex,0.049143051806234773,0.05153862293134521,1.0487468937532796
9.5,abs,0.5465047451049652,0.838337887355663,1.5339992833816045
9.5,inel,0.4043522030888001,0.09529304491024031,0.23566842020967776
9.5,pipro,0.0,0.014830444802751624,1.0
10.0,cex,0.0490118257586423,0.052702787460767606,1.07530757414142
10.0,abs,0.5466633971101615,0.8268957361230663,1.512623198286739
10.0,inel,0.4043247771311962,0.10140349310885892,0.25079712855676733
10.0,pipro,0.0,0.018997983307307172,1.0
10.5,cex,0.048879600266871014,0.05412653533299878,1.1073440665938499
10.5,abs,0.5468232574411891,0.8191402731809438,1.4979982325807393
10.5,inel,0.40429714229193986,0.1083728499841176,0.26805247588384484
10.5,pipro,0.0,0.018360341501939745,1.0
11.0,cex,0.04874636386931976,0.05528758254112068,1.1341888533334865
11.0,abs,0.5469843399550989,0.8115185164538538,1.483622943429185
11.0,inel,0.4042692961755813,0.11544846654064661,0.2855731751898994
11.0,pipro,0.0,0.01774543446437896,1.0
11.5,cex,0.04861210492845977,0.05616518968123916,1.1553745669704063
11.5,abs,0.5471466587216377,0.8040901513892121,1.4696062537746304
11.5,inel,0.40424123634990256,0.122590924864341,0.3032617997393738
11.5,pipro,0.0,0.017153734065207624,1.0
12.0,cex,0.04847681162744614,0.057025731750851176,1.176350709471266
12.0,abs,0.5473102280273452,0.7962969638553085,1.4549279788272533
12.0,inel,0.4042129603452087,0.1301045491363369,0.32187129533210446
12.0,pipro,0.0,0.01657275525750338,1.0
12.5,cex,0.048340471966650776,0.05786653817669324,1.1970619198052994
12.5,abs,0.5474750623797456,0.7881309359408022,1.4395741287557133
12.5,inel,0.4041844656536036,0.13800017610843035,0.3414286986148053
12.5,pipro,0.0,0.01600234977407421,1.0
13.0,cex,0.048203073760114526,0.05868482822939581,1.2174499186803804
13.0,abs,0.5476411765116369,0.779584850408339,1.4235322029182251
13.0,inel,0.4041557497282486,0.1462879318818193,0.36195929905780694
13.0,pipro,0.0,0.01544238948044577,1.0
13.5,cex,0.048064604631916426,0.05947772040665326,1.2374536493567276
13.5,abs,0.5478085853854806,0.7706524231760931,1.4067914299550495
13.5,inel,0.40412680998260303,0.1549770897190762,0.3834862867072533
13.5,pipro,0.0,0.014892766698177592,1.0
14.0,cex,0.047925052012457635,0.060102594428444935,1.2540955492927137
14.0,abs,0.5479773041978943,0.761881713244736,1.3903526795876078
14.0,inel,0.4040976437896482,0.1636955709981345,0.4050891498970129
14.0,pipro,0.0,0.014320121328684578,1.0
14.5,cex,0.04778440313465787,0.06049944684098173,1.2660919227240839
14.5,abs,0.5481473483842499,0.7535475665719713,1.3747171609844884
14.5,inel,0.40406824848109224,0.1722366766809631,0.42625639932958664
14.5,pipro,0.0,0.013716309906083846,1.0
15.0,cex,0.04764264503006176,0.060864537630480164,1.2775222196852336
15.0,abs,0.548318733623382,0.7448838059606615,1.358486880501683
15.0,inel,0.4040386213465562,0.18112111543145407,0.4482767385648041
15.0,pipro,0.0,0.013130540977404272,1.0
15.5,cex,0.04749976452485287,0.06119602504163282,1.2883437560961757
15.5,abs,0.5484914758424059,0.7358890772732908,1.3416600069181905
15.5,inel,0.4040087596327413,0.1903524602194351,0.47115924019190186
15.5,pipro,0.0,0.012562437465641224,1.0
16.0,cex,0.04735574823577242,0.061492084341772044,1.29851362575074
16.0,abs,0.548665591221652,0.7265630286647097,1.3242365482532874
16.0,inel,0.4039786605425755,0.19993324663592815,0.49491041523678975
16.0,pipro,0.0,0.012011640357590187,1.0
16.5,cex,0.04721058256594057,0.06175092042617627,1.3079889522635466
16.5,abs,0.5488410961997188,0.7169063937672565,1.3062185006393547
16.5,inel,0.40394832123434077,0.2098648779913702,0.5195339773911877
16.5,pipro,0.0,0.011477807815197003,1.0
17.0,cex,0.04706425370057706,0.06197078125293662,1.3167271629801023
17.0,abs,0.5490180074786449,0.7069210717336128,1.287609991118752
17.0,inel,0.40391773882077797,0.220147532809109,0.5450306130446786
17.0,pipro,0.0,0.010960614204341423,1.0
17.5,cex,0.04691674760261862,0.062149972009758934,1.3246862833750668
17.5,abs,0.5491963420292096,0.6966102027270645,1.2684174118006317
17.5,inel,0.4038869103681717,0.2307800762213808,0.5713977608509478
17.5,pipro,0.0,0.010459749041795703,1.0
18.0,cex,0.04676805000823018,0.0622731465025943,1.3315318148102295
18.0,abs,0.5493761170963584,0.6871229606911613,1.250733221390916
18.0,inel,0.40385583289541144,0.24061233134434243,0.5957876839843861
18.0,pipro,0.0,0.009991561461901975,1.0
18.5,cex,0.046618146422206894,0.06233481606754658,1.3371363053133518
18.5,abs,0.549557350204762,0.680297132188947,1.2379001608030027
18.5,inel,0.403824503373031,0.2477880626908711,0.6136033366503717
18.5,pipro,0.0,0.009579989052635237,1.0
19.0,cex,0.0464670221132638,0.062377906802534966,1.3424124027248452
19.0,abs,0.5497400591645121,0.6733379026638069,1.2248296107202687
19.0,inel,0.40379291872222417,0.25510156437153875,0.6317633433958938
19.0,pipro,0.0,0.009182626162119338,1.0
19.5,cex,0.04631466210920989,0.06240208444621403,1.347350527983342
19.5,abs,0.5499242620769547,0.6662476166886957,1.2115261366581842
19.5,inel,0.4037610758138354,0.26255122466664566,0.6502638327318648
19.5,pipro,0.0,0.00879907419844454,1.0
20.0,cex,0.04616105119200347,0.062407035020080236,1.3519413750025493
20.0,abs,0.5501099773406691,0.6590288517504046,1.1979947263204878
20.0,inel,0.40372897146732745,0.2701351684446542,0.6691002814657194
20.0,pipro,0.0,0.00842894478486106,1.0
20.5,cex,0.046006173892685,0.06239246641966882,1.3561759464111673
20.5,abs,0.5502972236575937,0.6516844214793306,1.1842407947251832
20.5,inel,0.40369660244972133,0.27785125268123845,0.6882675033556757
20.5,pipro,0.0,0.008071859419762219,1.0
21.0,cex,0.04585001448618429,0.0623581099818892,1.3600455895314754
21.0,abs,0.5504860200393041,0.6442173779777524,1.1702701876639046
21.0,inel,0.40366396547451167,0.285697062896158,0.7077596400271146
21.0,pipro,0.0,0.007727449144200399,1.0
21.5,cex,0.045692556985998084,0.06230372201817984,1.3635420323986691
21.5,abs,0.5506763858134476,0.6366310131907044,1.156089183396318
21.5,inel,0.4036310572005543,0.293669910573587,0.727570154314636
21.5,pipro,0.0,0.007395354217528851,1.0
22.0,cex,0.04553378513873452,0.06222315910798005,1.3665272702103624
22.0,abs,0.5508683406303397,0.6288689651690349,1.1415957657857805
22.0,inel,0.4035978742309258,0.3017380937945317,0.7476206220597852
22.0,pipro,0.0,0.007169781928453315,1.0
22.5,cex,0.045373682418520064,0.06212255432682605,1.3691318626911717
22.5,abs,0.5510619044697254,0.6210001676420221,1.1269154383654896
22.5,inel,0.40356441311175456,0.30992743145810076,0.7679751271137875
22.5,pipro,0.0,0.006949846573051002,1.0
23.0,cex,0.04521223202126562,0.06200179845668694,1.3713500901155318
23.0,abs,0.5512570976477117,0.6130289816895623,1.1120563967438053
23.0,inel,0.40353067033102274,0.31823476846800547,0.7886259753365273
23.0,pipro,0.0,0.006734451385745282,1.0
23.5,cex,0.04504941685878692,0.06186074573928746,1.3731752828942885
23.5,abs,0.5514539408238761,0.6049593282847472,1.097026031550221
23.5,inel,0.40349664231733706,0.32665635924937747,0.8095640086949542
23.5,pipro,0.0,0.006523566726587828,1.0
24.0,cex,0.04488521955277535,0.061699282062630256,1.3746013203764145
24.0,abs,0.5516524550085559,0.5967953684987438,1.081832162769017
24.0,inel,0.4034623254386688,0.3351881863229976,0.8307793942310738
24.0,pipro,0.0,0.0063171631156282325,1.0
24.5,cex,0.044719622428614485,0.06151732608797238,1.3756226628740418
24.5,abs,0.5518526615703236,0.5885414983028476,1.0664830294160839
24.5,inel,0.4034277160010619,0.3438259645164583,0.8522616341896383
24.5,pipro,0.0,0.006115211092721793,1.0
25.0,cex,0.04455260750903778,0.06131483026926333,1.376234382170005
25.0,abs,0.5520545822436554,0.5802023421904453,1.0509872770775528
25.0,inel,0.4033928102473069,0.3525651464619361,0.8739995793325864
25.0,pipro,0.0,0.00591768107835522,1.0
25.5,cex,0.04438415650762286,0.0614022477318259,1.3834271632779644
25.5,abs,0.5522582391367961,0.5787609071219998,1.0479896289580553
25.5,inel,0.4033576043555811,0.3539343767826275,0.8774704454824548
25.5,pipro,0.0,0.005902468363546902,1.0
26.0,cex,0.04421425082211695,0.061489232588723776,1.3907107198560853
26.0,abs,0.5524636547398284,0.5773178212396757,1.044987876191696
26.0,inel,0.4033220944380546,0.35530570476754303,0.8809477825969033
26.0,pipro,0.0,0.005887241404057517,1.0
26.5,cex,0.0440428715275889,0.06157578193605828,1.3980873589835439
26.5,abs,0.5526708519329531,0.5758731081106796,1.0419820515168787
26.5,inel,0.40328627653945803,0.3566791095090298,0.8844315570805987
26.5,pipro,0.0,0.0058720004442323285,1.0
27.0,cex,0.04386999936940209,0.06166189288360652,1.4055594659208885
27.0,abs,0.5528798539949836,0.5744267914209022,1.0389721876646896
27.0,inel,0.40325014663561426,0.3580545699659486,0.88792173531308
27.0,pipro,0.0,0.005856745729542763,1.0
27.5,cex,0.043695614756003094,0.06174756255507448,1.4131295073858945
27.5,abs,0.5530906846120655,0.5729788949734926,1.0359583173514786
27.5,inel,0.4032137006319314,0.35943206496486163,0.8914182836583837
27.5,pipro,0.0,0.005841477506571343,1.0
28.0,cex,0.04351969775151992,0.061832788088349876,1.4208000349954264
28.0,abs,0.5533033678866243,0.5715294426874116,1.032940473271296
28.0,inel,0.40317693436185575,0.3608115732012421,0.8949211684749051
28.0,pipro,0.0,0.005826196022996462,1.0
28.5,cex,0.0433422280681646,0.06191756663575366,1.428573688883172
28.5,abs,0.5535179283465516,0.5700784585959717,1.0299186880881874
28.5,inel,0.40313984358528393,0.36219307324069777,0.898430356125482
28.5,pipro,0.0,0.0058109015275769815,1.0
29.0,cex,0.04316318505843347,0.062001895364291175,1.4364532015038793
29.0,abs,0.5537343909546342,0.5686259668453545,1.0268929944283347
29.0,inel,0.40310242398693247,0.36357654352021773,0.9019458129877282
29.0,pipro,0.0,0.005795594270136673,1.0
29.5,cex,0.04298254770709925,0.062085771455901946,1.4444414016353782
29.5,abs,0.5539527811182358,0.5671719916931183,1.0238634248720577
29.5,inel,0.403064671174665,0.36496196234943123,0.9054675054645952
29.5,pipro,0.0,0.005780274501548477,1.0
30.0,cex,0.04280029462298812,0.06216919210770899,1.4525412185905326
30.0,abs,0.5541731246992391,0.565716557506682,1.0208300119456493
30.0,inel,0.40302658067777275,0.3663493079118904,0.9089953999952015
30.0,pipro,0.0,0.005764942473718643,1.0
30.5,cex,0.042616404030535265,0.06225215453226642,1.4607556866520661
30.5,abs,0.5543954480242544,0.5642596887617969,1.0177927881130635
30.5,inel,0.40298814794521026,0.3677385582663661,0.9125294630659047
30.5,pipro,0.0,0.005749598439570628,1.0
31.0,cex,0.04243085376111164,0.06233465595780698,1.4690879497441884
31.0,abs,0.5546197778951059,0.5628014100410005,1.0147517857674415
31.0,inel,0.40294936834378237,0.3691296913481636,0.9160696612216426
31.0,pipro,0.0,0.005734242653028936,1.0
31.5,cex,0.042243621244114946,0.06241669362848773,1.4775412663558796
31.5,abs,0.5548461415996025,0.5613417460320551,1.011707037222474
31.5,inel,0.4029102371562825,0.37052268497045443,0.9196159610775404
31.5,pipro,0.0,0.005718875369002726,1.0
32.0,cex,0.042054683497817213,0.062498264804634815,1.486119014731824
32.0,abs,0.5550745669226032,0.5598807215263687,1.0086585747035959
32.0,inel,0.40287074957957963,0.3719175168256273,0.9231683293307992
32.0,pipro,0.0,0.005703496843369286,1.0
32.5,cex,0.04197878265866636,0.06257936676298731,1.4907380061929463
32.5,abs,0.5554955394379969,0.5584183614174016,1.0052616479735585
32.5,inel,0.40252567790333676,0.37331416448665367,0.9274294411009029
32.5,pipro,0.0,0.005688107332957388,1.0
33.0,cex,0.042269968241598926,0.0626599967969396,1.4823762449689832
33.0,abs,0.5565285534930815,0.5569546906990573,1.0007657059162574
33.0,inel,0.4012014782653196,0.37471260540847257,0.9339761334594844
33.0,pipro,0.0,0.005672707095530428,1.0
33.5,cex,0.042561964887538335,0.06274015221678261,1.4740896568699586
33.5,abs,0.5575644448866565,0.5554897344640574,0.9962789764633918
33.5,inel,0.39987359022580515,0.3761128169293906,0.9405792883621119
33.5,pipro,0.0,0.005657296389769484,1.0
34.0,cex,0.04285477598989072,0.06281983034994387,1.4658769973447727
34.0,abs,0.5586032256572171,0.5540235179023011,0.9918015014153779
34.0,inel,0.39854199835289217,0.37751477627249896,0.9472396330442081
34.0,pipro,0.0,0.005641875475256192,1.0
34.5,cex,0.043148404961018835,0.06289902854122582,1.4577370495630166
34.5,abs,0.5596449079105092,0.5525560662992113,0.987333322413734
34.5,inel,0.39720668712847196,0.3789184605471074,0.9539579086304522
34.5,pipro,0.0,0.005626444612455463,1.0
35.0,cex,0.04344285523237467,0.06297774415304352,1.4496686236707337
35.0,abs,0.56068950382,0.5510874050340642,0.982874480937281
35.0,inel,0.3958676409476252,0.3803238467501942,0.9607348704728116
35.0,pipro,0.0,0.005611004062698122,1.0
35.5,cex,0.04373813025463311,0.06305597456566005,1.4416705560700236
35.5,abs,0.5617370256273522,0.5496175595783056,0.978425018298355
35.5,inel,0.3945248441180147,0.38173091176787105,0.967571288498332
35.5,pipro,0.0,0.00559555408816333,1.0
36.0,cex,0.04403423349782676,0.06314789476724099,1.4340636761704404
36.0,abs,0.5627874856429017,0.5482696497352877,0.9742036980601487
36.0,inel,0.3931782808592715,0.3832256719258497,0.9746867784464828
36.0,pipro,0.0,0.005356783571621492,1.0
36.5,cex,0.044331168451481766,0.06329257053847791,1.4277216854265513
36.5,abs,0.5638408962461409,0.546938976839436,0.9700236014818506
36.5,inel,0.39182793530237736,0.3847938847773976,0.9820481137478074
36.5,pipro,0.0,0.004974567844688436,1.0
37.0,cex,0.04462893862475507,0.0634663620153999,1.4220898809409726
37.0,abs,0.5648972698862037,0.5455485202394422,0.9657481976312982
37.0,inel,0.39047379148904127,0.386364860206108,0.9894770625519727
37.0,pipro,0.0,0.004620257539049934,1.0
37.5,cex,0.04492754754657247,0.06363836126714248,1.4164663940575464
37.5,abs,0.5659566190823571,0.5441421936896723,0.9614556581597108
37.5,inel,0.3891158333710705,0.38792841531639505,0.9969484201031135
37.5,pipro,0.0,0.004291029726790281,1.0
38.0,cex,0.04522699876576818,0.06380866489186224,1.410853398040604
38.0,abs,0.5670189564244947,0.5427211056699018,0.9571480803608222
38.0,inel,0.3877540448097371,0.3894851025975959,1.0044643190987426
38.0,pipro,0.0,0.003985126840639939,1.0
38.5,cex,0.045527295851225315,0.06397736283649984,1.405252862932292
38.5,abs,0.5680842945736365,0.5412862880447564,0.9528274117329846
38.5,inel,0.3863884095751381,0.3910354369251898,1.0120268290530803
38.5,pipro,0.0,0.003700912193553897,1.0
39.0,cex,0.045828442392017714,0.06414453881758474,1.399666571010436
39.0,abs,0.5691526462624312,0.5398387013435325,0.9484954605563192
39.0,inel,0.3850189113455511,0.39257989787548503,1.019637961427687
39.0,pipro,0.0,0.0034368619633977438,1.0
39.5,cex,0.046130441997552916,0.06431027071801007,1.394096131171289
39.5,abs,0.5702240242956634,0.5383792397006963,0.944153905766595
39.5,inel,0.3836455337067836,0.3941189319125809,1.027299674531861
39.5,pipro,0.0,0.003191557668712641,1.0
40.0,cex,0.04643329829771637,0.06447463096080373,1.3885429923028891
40.0,abs,0.5712984415507657,0.5369087354754268,0.9398043061661617
40.0,inel,0.38226826015151794,0.39565295445262955,1.0350138782011522
40.0,pipro,0.0,0.0029636791111399175,1.0
40.5,cex,0.046737014943016866,0.06463768686093285,1.3830084557120519
40.5,abs,0.5723759109783343,0.5354279635680866,0.935448109010922
40.5,inel,0.3808870740786488,0.39718235181053213,1.0427824382628395
40.5,pipro,0.0,0.0027519977604483804,1.0
41.0,cex,0.04704159560473321,0.06479950095617529,1.3774936866651546
41.0,abs,0.5734564456026492,0.5339376454509479,0.9310866580108439
41.0,inel,0.3795019587926176,0.39870748303425724,1.0506071807975428
41.0,pipro,0.0,0.0025553705586195477,1.0
41.5,cex,0.04734704397506216,0.06496013131808112,1.3719997250999625
41.5,abs,0.5745400585221994,0.5324384529298825,0.9267212007799623
41.5,inel,0.37811289750273847,0.40022868163196024,1.0584898962063616
41.5,pipro,0.0,0.0023727341200762103,1.0
42.0,cex,0.04765336376726757,0.06511963184403131,1.3665274955628857
42.0,abs,0.5756267629102119,0.5309310116530669,0.9223528957702115
42.0,inel,0.37671987332252055,0.40174625719704177,1.0664323430930214
42.0,pipro,0.0,0.0022030993058600474,1.0
42.5,cex,0.047960558715830943,0.06527805253137503,1.3610778164230994
42.5,abs,0.5767165720151856,0.5294159043820772,0.9179828187218055
42.5,inel,0.37532286926898345,0.40326049693619664,1.0744362519705428
42.5,pipro,0.0,0.0020455461503510242,1.0
43.0,cex,0.04826863257660316,0.06543543973460325,1.3556514084122038
43.0,abs,0.5778094991614294,0.5278936740400417,0.9136119686612454
43.0,inel,0.3739218682619674,0.4047716671053993,1.0825033288018842
43.0,pipro,0.0,0.001899219119955651,1.0
43.5,cex,0.04857758912695749,0.06559183640648313,1.35024890253526
43.5,abs,0.5789055577496062,0.5263648265508171,0.9092412734763992
43.5,inel,0.37251685312343635,0.406280014358644,1.0906352583839207
43.5,pipro,0.0,0.0017633226840558464,1.0
44.0,cex,0.048887432165944066,0.06574728232404627,1.3448708473963806
44.0,abs,0.5800047612572791,0.5248298334824587,0.9048715950965344
44.0,inel,0.3711078065767769,0.407785767014103,1.098833707583939
44.0,pipro,0.0,0.0016371171793920706,1.0
44.5,cex,0.04919816551444554,0.06590181430029005,1.3395177159794707
44.5,abs,0.5811071232394651,0.5232891345075525,0.9005037343035861
44.5,inel,0.3696947112460893,0.4092891362422155,1.1071003284376713
44.5,pipro,0.0,0.001519914949941757,1.0
45.0,cex,0.04950979301533419,0.06605546638241383,1.334189911922175
45.0,abs,0.5822126573291917,0.521743139692303,0.896138435199463
45.0,inel,0.36827754965547405,0.4107903171800452,1.1154367611176466
45.0,pipro,0.0,0.0014110767452379504,1.0
45.5,cex,0.049822318533630304,0.06620827003737716,1.3288877753187311
45.5,abs,0.5833213772380591,0.5201922316256069,0.8917763893527109
45.5,inel,0.36685630422831056,0.41228948997607023,1.1238446367804127
45.5,pipro,0.0,0.00131000836094584,1.0
46.0,cex,0.05013574595666198,0.0663602543255309,1.323611588085148
46.0,abs,0.5844332967568069,0.5186367673986992,0.887418239646454
46.0,inel,0.36543095728653113,0.4137868207693992,1.1323255803009395
46.0,pipro,0.0,0.0012161575063706976,1.0
46.5,cex,0.0504500791942263,0.06651144606303575,1.318361578917949
46.5,abs,0.5855484297558861,0.5170770804453435,0.8830645838481915
46.5,inel,0.36400149104988766,0.41528246260721585,1.1408812129022294
46.5,pipro,0.0,0.001129010884404809,1.0
47.0,cex,0.050765322178751904,0.06666186997374657,1.31313792787566
47.0,abs,0.5866667901860354,0.5155134822519349,0.8787159779207251
47.0,inel,0.3625678876352127,0.4167765563040888,1.1495131546879203
47.0,pipro,0.0,0.001048091470229831,1.0
47.5,cex,0.051081478865463006,0.06681154883120763,1.3079407706103037
47.5,abs,0.587788392078864,0.5139462639463256,0.8743729390922865
47.5,inel,0.36113012905567304,0.4182692312465949,1.1582230270853782
47.5,pipro,0.0,0.000972955975871868,1.0
48.0,cex,0.05139855323254475,0.06696050359136822,1.3027702022742909
48.0,abs,0.5889132495474371,0.5123756977736266,0.8700359487027548
48.0,inel,0.3596881972200182,0.41976060614654775,1.1670124552065404
48.0,pipro,0.0,0.000903192488457551,1.0
48.5,cex,0.051716549281310135,0.0671087535165961,1.2976262811263892
48.5,abs,0.5900413767868687,0.510802038466732,0.8657054548417558
48.5,inel,0.3582420739318211,0.4212507897459325,1.1758830701334733
48.5,pipro,0.0,0.0008384182707392912,1.0
49.0,cex,0.05203547103636828,0.06725631629153428,1.2925090318588246
49.0,abs,0.5911727880749188,0.5092255245188166,0.861381874793403
49.0,inel,0.356791740888713,0.4227398814765032,1.1848365111353856
49.0,pipro,0.0,0.0007782777131458729,1.0
49.5,cex,0.05235532254579428,0.06740320813131563,1.2874184486660212
49.5,abs,0.592307497772595,0.5076463793645852,0.8570655973014312
49.5,inel,0.3553371796816108,0.42422797207682883,1.193874427823583
49.5,pipro,0.0,0.0007224404272703842,1.0
50.0,cex,0.05267610788130037,0.06754944388262056,1.282354498074071
50.0,abs,0.5934455203247607,0.5060648124766244,0.8527569846675772
50.0,inel,0.3538783717939389,0.4257151441694239,1.2029984822506055
50.0,pipro,0.0,0.0006705994713312037,1.0
50.5,cex,0.052997831138408814,0.06767256334365246,1.2768930707167847
50.5,abs,0.5945868702607484,0.5055373760546288,0.8502329959505024
50.5,inel,0.3524152986008427,0.4261141026565101,1.2091248715599636
50.5,pipro,0.0,0.0006759579452086498,1.0
51.0,cex,0.053320496436626154,0.06779582647687318,1.2714777807339364
51.0,abs,0.5957315621949771,0.5050098879694029,0.8477138362598927
51.0,inel,0.35094794136839674,0.42651292712873484,1.2153167944672914
51.0,pipro,0.0,0.00068135842498912,1.0
51.5,cex,0.05364410791961902,0.06791923321452845,1.2661079818178622
51.5,abs,0.5968796108275767,0.5044823492659534,0.8451995010626783
51.5,inel,0.3494762812528044,0.4269116162865182,1.2215753663056137
51.5,pipro,0.0,0.0006868012329999752,1.0
52.0,cex,0.053968669755391545,0.06804278348802321,1.2607830394267898
52.0,abs,0.5980310309450168,0.5039547609891338,0.842689985823608
52.0,inel,0.34800029929959175,0.42731016882885986,1.227901727926362
52.0,pipro,0.0,0.0006922866939830287,1.0
52.5,cex,0.054294186136464286,0.06816647722791835,1.2555023305181723
52.5,abs,0.5991858374207422,0.5034271241836319,0.840185286005234
52.5,inel,0.34651997644279353,0.4277085834533376,1.2342970464328984
52.5,pipro,0.0,0.0006978151351121306,1.0
53.0,cex,0.05462066128005476,0.06829031436392809,1.250265243289263
53.0,abs,0.600344045215813,0.5028994398939572,0.8376853970678995
53.0,inel,0.34503529350413226,0.4281068588561037,1.240762515939479
53.0,pipro,0.0,0.0007033868860108727,1.0
53.5,cex,0.05494809942825955,0.06841429482491697,1.2450711769246712
53.5,abs,0.6015056693795504,0.5023717091644286,0.8351903144697241
53.5,inel,0.3435462311921901,0.42850499373188394,1.247299358356708
53.5,pipro,0.0,0.0007090022787704247,1.0
54.0,cex,0.055276504848238074,0.06853841853889699,1.239919541350698
54.0,abs,0.6026707250501889,0.5018439330391595,0.8327000336665884
54.0,inel,0.34205277010157303,0.428902986773976,1.2539088242045595
54.0,pipro,0.0,0.0007146616479674887,1.0
54.5,cex,0.05560588183239788,0.06866268543302464,1.234809756996236
54.5,abs,0.6038392274555339,0.5013161125620483,0.8302145501121236
54.5,inel,0.3405548907120683,0.4293008366742447,1.2605921934540918
54.5,pipro,0.0,0.0007203653306823823,1.0
55.0,cex,0.05593623469858177,0.06878709543359801,1.2297412545600261
55.0,abs,0.6050111919136247,0.500788248776763,0.8277338592576957
55.0,inel,0.33905257338779354,0.42969854212312164,1.2673507763990666
55.0,pipro,0.0,0.0007261136665172509,1.0
55.5,cex,0.05626756779025635,0.06891164846605362,1.2247134747840798
55.5,abs,0.6061866338334047,0.5002603427267296,0.8252579565523936
55.5,inel,0.337545798376339,0.4300961018096022,1.2741859145587004
55.5,pipro,0.0,0.0007319069976144024,1.0
56.0,cex,0.05659988547670253,0.0690363444549636,1.219725868233075
56.0,abs,0.6073655687153956,0.4997323954551182,0.8227868374430144
56.0,inel,0.3360345458079018,0.4304935144212435,1.2810989816128615
56.0,pipro,0.0,0.0007377456686747765,1.0
56.5,cex,0.05693319215320744,0.06916118332403252,1.2147778950795436
56.5,abs,0.6085480121523802,0.49920440800483185,0.8203204973740531
56.5,inel,0.3345187956944124,0.43089077864415903,1.2880913843710706
56.5,pipro,0.0,0.0007436300269765385,1.0
57.0,cex,0.057267492241258336,0.06928616499609459,1.209869024894675
57.0,abs,0.6097339798300881,0.49867638141849163,0.8178589317876881
57.0,inel,0.33299852792865353,0.43128789316302,1.2951645637767668
57.0,pipro,0.0,0.0007495604223938089,1.0
57.5,cex,0.057602790188738005,0.0694112893931104,1.2049987364445602
57.5,abs,0.6109234875278912,0.49814831673842547,0.8154021361237694
57.5,inel,0.3314737222833708,0.4316848566610486,1.3023199959483038
57.5,pipro,0.0,0.000755537207415516,1.0
58.0,cex,0.057939090470122155,0.06953655643616372,1.2001665174917115
58.0,abs,0.6121165511195017,0.49762021500665365,0.8129501058198061
58.0,inel,0.32994435841037617,0.4320816678200182,1.3095591932582957
58.0,pipro,0.0,0.0007615607371643875,1.0
58.5,cex,0.0582763975866783,0.06966196604545855,1.1953718646017155
58.5,abs,0.6133131865736795,0.4970920772648777,0.8105028363109559
58.5,inel,0.32841041583964214,0.4324783253202476,1.3168837054529363
58.5,pipro,0.0,0.0007676313694160738,1.0
59.0,cex,0.05861471606666671,0.06978751814031603,1.1906142829548418
59.0,abs,0.6145134099549444,0.49656390455446553,0.8080603230300103
59.0,inel,0.3268718739783889,0.43287482784060016,1.324295120813055
59.0,pipro,0.0,0.0007737494646184018,1.0
59.5,cex,0.058954050465543015,0.06991321263917118,1.1858932861624747
59.5,abs,0.6157172374242944,0.4960356979164394,0.8056225614073855
59.5,inel,0.3253287121101627,0.4332711740584786,1.3317950673587164
59.5,pipro,0.0,0.0007799153859107677,1.0
60.0,cex,0.059294405366162636,0.07003904945956964,1.1812083960882187
60.0,abs,0.6169246852399316,0.4955074583914635,0.8031895468711111
60.0,inel,0.3237809093939057,0.4336673626498232,1.3393852140993023
60.0,pipro,0.0,0.0007861294991436612,1.0
60.5,cex,0.05963578537898714,0.07016502851816468,1.1765591426735458
60.5,abs,0.6181357697579943,0.4949791870198298,0.8007612748468165
60.5,inel,0.3222284448630185,0.4340633922891073,1.347067272331065
60.5,pipro,0.0,0.0007923921728983284,1.0
61.0,cex,0.059978195142292426,0.07029114973071372,1.171945063767838
61.0,abs,0.6193505074332949,0.49445088484144484,0.7983377407577211
61.0,inel,0.3206712974244127,0.43445926164933496,1.3548429969842994
61.0,pipro,0.0,0.0007987037785065744,1.0
61.5,cex,0.06032163932237873,0.07041574570301339,1.1673380646485487
61.5,abs,0.6205689148200656,0.49391085803920404,0.7959000946452721
61.5,inel,0.3191094458575557,0.43484467311877184,1.3626819223423368
61.5,pipro,0.0,0.00082872313901077,1.0
62.0,cex,0.060666122613782666,0.07053914777238758,1.16274363241342
62.0,abs,0.6217910085727103,0.49336152600812716,0.7934523323851426
62.0,inel,0.3175428688135071,0.4352216975294487,1.3705919429261515
62.0,pipro,0.0,0.0008776286900365823,1.0
62.5,cex,0.06101164973949111,0.07066248061110732,1.1581801330208827
62.5,abs,0.6230168054465632,0.492810813897859,0.7910072562884146
62.5,inel,0.31597154481394574,0.43559728893507704,1.3785965732818466
62.5,pipro,0.0,0.0009294165559566297,1.0
63.0,cex,0.061358225451156996,0.07078573104956193,1.153646972823709
63.0,abs,0.6242463222986552,0.4922586438903747,0.7885647480913244
63.0,inel,0.31439545225018783,0.43597136883956317,1.3866974401799819
63.0,pipro,0.0,0.000984256220500075,1.0
63.5,cex,0.06156578452220632,0.07090888512443383,1.151758004462
63.5,abs,0.6252112896262746,0.49170493364004125,0.7864620197980783
63.5,inel,0.31322292585151906,0.4363438541456093,1.3930776393821656
63.5,pipro,0.0,0.0010423270899155648,1.0
64.0,cex,0.0614930290244041,0.07102792961564874,1.1550566095461101
64.0,abs,0.6256440650273332,0.49133316975608415,0.7853237922661646
64.0,inel,0.31286290594826277,0.4365350012654322,1.3952916531997588
64.0,pipro,0.0,0.0011038993628347859,1.0
64.5,cex,0.061419473545892014,0.07114120622845851,1.158284207293026
64.5,abs,0.6260815989962388,0.4912196391610979,0.7845936375524253
64.5,inel,0.31249892745786917,0.43646993013696195,1.3967085701303934
64.5,pipro,0.0,0.0011692244734816646,1.0
65.0,cex,0.0613451048194878,0.0712543726142424,1.1615331463515028
65.0,abs,0.6265239704508783,0.49110412995883923,0.7838552922490993
65.0,inel,0.3121309247296339,0.4364030871745298,1.3981411407810354
65.0,pipro,0.0,0.0012384102523886878,1.0
65.5,cex,0.061269909283007795,0.07136741133064704,1.1648036069549008
65.5,abs,0.6269712600639107,0.49098653112725493,0.783108512943968
65.5,inel,0.31175883065308146,0.43633437327961216,1.3995894594727798
65.5,pipro,0.0,0.0013116842624858358,1.0
66.0,cex,0.06119387307102173,0.07148030386824734,1.1680957632030768
66.0,abs,0.6274235503118133,0.4908667251628793,0.7823530451143111
66.0,inel,0.311382576617165,0.43626368356080913,1.4010536116064756
66.0,pipro,0.0,0.0013892874080642039,1.0
66.5,cex,0.06111698200632943,0.0715930305867457,1.171409782298009
66.5,abs,0.6278809255255804,0.490744587706384,0.7815886225490866
66.5,inel,0.3110020924680902,0.43619090699865376,1.4025336728028874
66.5,pipro,0.0,0.0014714747082165854,1.0
67.0,cex,0.061039221591148454,0.07170557064743763,1.1747458237219057
67.0,abs,0.6283434719431432,0.4906199871470189,0.7808149667406961
67.0,inel,0.31061730646570834,0.43611592609148825,1.4040297079829154
67.0,pipro,0.0,0.0015585161140551644,1.0
67.5,cex,0.06098248934725795,0.07181790194173591,1.1776807196698207
67.5,abs,0.6290373046979253,0.4904927842048127,0.779751503673309
67.5,inel,0.3099802059548168,0.43603861648139747,1.406666000296016
67.5,pipro,0.0,0.0016506973720539213,1.0
68.0,cex,0.060925066836382935,0.07193000101553355,1.180630645981971
68.0,abs,0.6297395793864394,0.4903628314893534,0.7786755788275497
68.0,inel,0.30933535377717764,0.43595884655914013,1.409340514221251
68.0,pipro,0.0,0.001748320935973045,1.0
68.5,cex,0.06086694138359184,0.07204184298917657,1.1835955832766256
68.5,abs,0.6304504510225207,0.4902299730339229,0.7775868384879799
68.5,inel,0.3086826075938875,0.43587647704696525,1.4120538907084068
68.5,pipro,0.0,0.0018517069299352378,1.0
69.0,cex,0.06080810000171979,0.07215340147280615,1.1865754968625148
69.0,abs,0.631170078438603,0.49009404380368926,0.7764849135689235
69.0,inel,0.3080218215596773,0.43579136055816525,1.4148067768430277
69.0,pipro,0.0,0.0019611941653393397,1.0
69.5,cex,0.06074852938169452,0.07226464847681736,1.189570335485241
69.5,abs,0.6318986244040327,0.48995486917662123,0.7753694188505571
69.5,inel,0.3073528462142728,0.4357033411321469,1.4175998254084619
69.5,pipro,0.0,0.002077141214414503,1.0
70.0,cex,0.06068821588250061,0.07237555431717152,1.1925800299896596
70.0,abs,0.6326362557478066,0.48981226439571696,0.7742399521771562
70.0,inel,0.3066755283696928,0.4356122537437732,1.420433694398495
70.0,pipro,0.0,0.0021999275433383066,1.0
70.5,cex,0.06062714552076556,0.07248608751528664,1.1956044918931443
70.5,abs,0.633383143485932,0.4896660339910989,0.773096093615846
70.5,inel,0.3059897109933024,0.43551792378565063,1.423309046477002
70.5,pipro,0.0,0.002329954707963889,1.0
71.0,cex,0.06056530395995174,0.07259621469221675,1.1986436118643167
71.0,abs,0.6341394629536106,0.4895159711704484,0.7719374045741388
71.0,inel,0.3052952330864377,0.43542016652201077,1.4262265483808947
71.0,pipro,0.0,0.0024676476153240845,1.0
71.5,cex,0.060502676499135905,0.07270590045682156,1.2016972581016303
71.5,abs,0.6349053939424627,0.489361857176212,0.7707634268745237
71.5,inel,0.3045919295584015,0.43531878651276246,1.4291868702624173
71.5,pipro,0.0,0.0026134558542040462,1.0
72.0,cex,0.06043924806135855,0.07281510728761316,1.2047652746058406
72.0,abs,0.6356811208430155,0.48920346060794573,0.7695736817843247
72.0,inel,0.303879631095626,0.43521357700624413,1.432190684966606
72.0,pipro,0.0,0.002767855098197064,1.0
72.5,cex,0.06037500318152301,0.07292379540795318,1.2078474793401017
72.5,abs,0.6364668327926956,0.48904053670810604,0.7683676689990099
72.5,inel,0.3031581640257815,0.43510431929916044,1.4352386672395794
72.5,pipro,0.0,0.0029313485847804357,1.0
73.0,cex,0.06030992599382462,0.0730319226542639,1.2109436622711482
73.0,abs,0.6372627238295703,0.488872826609541,0.7671448655771137
73.0,inel,0.30242735017660505,0.43499078206212666,1.43833149286303
73.0,pipro,0.0,0.003104468674068412,1.0
73.5,cex,0.060244000218687754,0.07313944433690243,1.2140535832847053
73.5,abs,0.6380689930521067,0.48870005654288556,0.7659047248249168
73.5,inel,0.30168700672920545,0.434872720629196,1.4414698377101078
73.5,pipro,0.0,0.0032877784910160072,1.0
74.0,cex,0.06017720914918884,0.07324631309333433,1.2171769699679011
74.0,abs,0.6388858447852185,0.48852193700199753,0.7646466751289966
74.0,inel,0.3009369460655927,0.43474987624970846,1.444654376717672
74.0,pipro,0.0,0.003481873654959714,1.0
74.5,cex,0.060109535636940915,0.0733524787332324,1.220313515251196
74.5,abs,0.6397134887528955,0.4883381618655429,0.7633701187347874
74.5,inel,0.3001769756101637,0.4346219753007375,1.447885782769615
74.5,pipro,0.0,0.003687384100487107,1.0
75.0,cex,0.060040962077415265,0.07345788807511391,1.223462874901958
75.0,abs,0.6405521402577209,0.48814840747277743,0.7620744304692744
75.0,inel,0.2994068976648639,0.4344887284583833,1.451164725485787
75.0,pipro,0.0,0.003904975993725372,1.0
75.5,cex,0.05997147039467326,0.0735277260925107,1.2260450779116052
75.5,abs,0.6414020203675995,0.48780445027538355,0.760528396832635
75.5,inel,0.29862650923772727,0.43472437502255357,1.4557460961259907
75.5,pipro,0.0,0.00394344860955218,1.0
76.0,cex,0.05990104202548096,0.07359757048039721,1.2286525908696206
76.0,abs,0.6422633561100357,0.4874603378640294,0.7589726756581693
76.0,inel,0.2978356018644833,0.4349597946381309,1.4604022887634494
76.0,pipro,0.0,0.003982297017442551,1.0
76.5,cex,0.059829657902776855,0.07366742085871016,1.2312860116703266
76.5,abs,0.6431363806743218,0.487116069109895,0.7574071126238557
76.5,inel,0.2970339614229013,0.4351949851904653,1.4651354448014031
76.5,pipro,0.0,0.004021524840929476,1.0
77.0,cex,0.05975729843846208,0.07373727684365702,1.2339459575735587
77.0,abs,0.6440213336220137,0.4867716428721295,0.7558315500738108
77.0,inel,0.2962213679395242,0.43542994454648626,1.4699477879508764
77.0,pipro,0.0,0.004061135737727289,1.0
77.5,cex,0.059683943505480216,0.0738071380476794,1.2366330659920683
77.5,abs,0.644918461106093,0.48642705799775077,0.7542458269274611
77.5,inel,0.2953975953884268,0.43566467055452895,1.474841628218608
77.5,pipro,0.0,0.004101133400040846,1.0
78.0,cex,0.0596095724191525,0.07387700407941629,1.2393479953176056
78.0,abs,0.6458280160992376,0.48608231332155005,0.7526497785857263
78.0,inel,0.29456241148161005,0.4358991610441563,1.4798193661290355
78.0,pipro,0.0,0.004141521554877269,1.0
78.5,cex,0.059534163917731836,0.07394687454366612,1.2420914257879005
78.5,abs,0.6467502586316439,0.4857374076659921,0.751043236834086
78.5,inel,0.29371557745062427,0.4361334138259816,1.4848834971965312
78.5,pipro,0.0,0.004182303964360232,1.0
79.0,cex,0.059457696142137494,0.07401674904134972,1.2448640603969563
79.0,abs,0.6476854560388728,0.4853923398411156,0.7494260297424115
79.0,inel,0.29285684781898963,0.43636742669148776,1.490036616665354
79.0,pipro,0.0,0.004223484426046864,1.0
79.5,cex,0.05938014661482952,0.07408662716947192,1.2476666258511666
79.5,abs,0.6486338832202122,0.4850471086444341,0.747797981561441
79.5,inel,0.2919859701649582,0.4366011974128468,1.4952814245362127
79.5,pipro,0.0,0.00426506677324722,1.0
80.0,cex,0.05930149221778046,0.07415650852108319,1.250499873573986
80.0,abs,0.6495958229080836,0.4847017128608336,0.7461589126157571
80.0,inel,0.29110268487413593,0.4368347237427369,1.500620730899858
80.0,pipro,0.0,0.004307054875346383,1.0
80.5,cex,0.059221709169498565,0.07422639268524099,1.2533645807620561
80.5,abs,0.650571565949046,0.48435615126247344,0.7445086391931386
80.5,inel,0.29020672488145544,0.4370680034141564,1.5060574615998004
80.5,pipro,0.0,0.004349452638129195,1.0
81.0,cex,0.05914077300105489,0.07429627924697052,1.2562615514958742
81.0,abs,0.6515614115969839,0.4840104226086827,0.7428469734301301
81.0,inel,0.28929781540196114,0.4373010341402392,1.5115946642481102
81.0,pipro,0.0,0.004392264004107641,1.0
81.5,cex,0.05905865853106337,0.07436616778722531,1.2591916179083305
81.5,abs,0.6525656678191009,0.4836645256458574,0.7411737231936865
81.5,inel,0.2883756736498358,0.43753381361406646,1.517235514620238
81.5,pipro,0.0,0.004435492952850882,1.0
82.0,cex,0.05897533983955998,0.07443605788284752,1.2621556414146624
82.0,abs,0.653584651615374,0.4833184591073581,0.7394886919587345
82.0,inel,0.28744000854506596,0.4377663395084765,1.522983323457012
82.0,pipro,0.0,0.00447914350131798,1.0
82.5,cex,0.05889079024072435,0.07450594910652734,1.2651545140076037
82.5,abs,0.6546186893521692,0.4829722217134044,0.7377916786814758
82.5,inel,0.28649052040710654,0.43799860947587493,1.5288415437043905
82.5,pipro,0.0,0.0045232197041933245,1.0
83.0,cex,0.05880498225438339,0.07457584102676282,1.2681891596218253
83.0,abs,0.6556681171107493,0.4826258121709727,0.7360824776682745
83.0,inel,0.28552690063486724,0.43823062114803973,1.5348137782241769
83.0,pipro,0.0,0.004567725654224753,1.0
83.5,cex,0.058717887576232974,0.0746457332078188,1.2712605355720064
83.5,abs,0.6567332810514634,0.48227922917368693,0.7343608784399251
83.5,inel,0.28454883137230363,0.43846237213592987,1.5409037880118572
83.5,pipro,0.0,0.004612665482564427,1.0
84.0,cex,0.05862947704670985,0.07471562520968544,1.2743696340692214
84.0,abs,0.6578145377944394,0.48193247140171636,0.7326266655911389
84.0,inel,0.2835559851588507,0.4386938600294858,1.547115500960861
84.0,pipro,0.0,0.004658043359112415,1.0
84.5,cex,0.05853972061844205,0.07478551658803664,1.2775174838206624
84.5,abs,0.658912254817666,0.4815855375216655,0.7308796186450193
84.5,inel,0.28254802456389194,0.4389250823974348,1.5534530212161566
84.5,pipro,0.0,0.004703863492863073,1.0
85.0,cex,0.058448587322201304,0.07485540689418785,1.2807051517180899
85.0,abs,0.6600268108733919,0.48123842618646895,0.7291195119023451
85.0,inel,0.2815246018044068,0.4391560367870891,1.5599206391638871
85.0,pipro,0.0,0.004750130132254176,1.0
85.5,cex,0.05776798549691079,0.07492529567505372,1.2970037821218543
85.5,abs,0.6544960347809823,0.48089113603528194,0.7347502665867262
85.5,inel,0.2877359797221069,0.4393867207241455,1.527048237583988
85.5,pipro,0.0,0.004796847565518863,1.0
86.0,cex,0.05709067752795889,0.0749951824731052,1.313615212157501
86.0,abs,0.6489920255604976,0.48054366569337126,0.7404461792552118
86.0,inel,0.2939172969115434,0.43961713171248323,1.4957171161137526
86.0,pipro,0.0,0.004844020121040373,1.0
86.5,cex,0.05641663956153231,0.07506506682632619,1.3305483525734367
86.5,abs,0.6435145893686433,0.4801960137720065,0.7462084336629108
86.5,inel,0.3000687710698243,0.4398472672339578,1.465821537062275
86.5,pipro,0.0,0.00489165216770961,1.0
87.0,cex,0.05574584797359274,0.07513494826816992,1.3478124559834834
87.0,abs,0.6380635342293449,0.47984817886834896,0.7520382424736293
87.0,inel,0.3061906177970624,0.4400771247481955,1.4372652170546605
87.0,pipro,0.0,0.004939748115285541,1.0
87.5,cex,0.05507827936711665,0.0752048263275151,1.36541713342655
87.5,abs,0.6326386700113197,0.47950015956534203,0.7579368481486635
87.5,inel,0.3122830506215637,0.4403067016923844,1.409960293445335
87.5,pipro,0.0,0.0049883124147584975,1.0
88.0,cex,0.05441391056937513,0.075274700528621,1.3833723718983466
88.0,abs,0.6272398084059704,0.4791519544315969,0.7639055238685901
88.0,inel,0.31834628102465456,0.4405359954810659,1.3838264234252144
88.0,pipro,0.0,0.005037349558716245,1.0
88.5,cex,0.053752718629252516,0.07534457039108326,1.4016885529224254
88.5,abs,0.6218667629055954,0.4788035620212822,0.7699455744895126
88.5,inel,0.32438051846515203,0.44076500350592135,1.3587899963643237
88.5,pipro,0.0,0.005086864081713062,1.0
89.0,cex,0.05309468081460338,0.07541437986280165,1.420375425668994
89.0,abs,0.6165193487819125,0.47857875797819466,0.7762591051258102
89.0,inel,0.33038597040348405,0.4408808839872828,1.334441905777224
89.0,pipro,0.0,0.005125978171720937,1.0
89.5,cex,0.05243977460964746,0.07548414484321353,1.4394444942813798
89.5,abs,0.6111973830648872,0.4785291902519949,0.7829372368258197
89.5,inel,0.3363628423254652,0.44083676946257827,1.3105988949755156
89.5,pipro,0.0,0.005149895442213396,1.0
90.0,cex,0.05178797771240145,0.0755539603333856,1.4589092617782025
90.0,abs,0.6059006845218643,0.47847953881452937,0.7896996175076332
90.0,inel,0.3423113377657342,0.44079257750463713,1.2876949398804314
90.0,pipro,0.0,0.005173923347447872,1.0
90.5,cex,0.05113926803214742,0.07562382631028522,1.478781946248159
90.5,abs,0.6006290736369948,0.4784298034157583,0.7965478602604398
90.5,inel,0.3482316583308579,0.440748307882298,1.2656755850254695
90.5,pipro,0.0,0.005198062391658436,1.0
91.0,cex,0.05049362368693714,0.07569374275052852,1.4990752737381914
91.0,abs,0.5953823725909547,0.47837998380466185,0.8034836196491209
91.0,inel,0.35412400372210806,0.4407039603634945,1.2444905053918016
91.0,pipro,0.0,0.005222313081315095,1.0
91.5,cex,0.0498510230011316,0.07576370963037853,1.5198025049287096
91.5,abs,0.5901604052409521,0.4783300797292376,0.8105085930560587
91.5,inel,0.35998857175791615,0.4406595347152507,1.224093122077175
91.5,pipro,0.0,0.0052466759251331525,1.0
92.0,cex,0.04921144450297534,0.07583372692574351,1.540977463507672
92.0,abs,0.5849629971010137,0.4782800909364957,0.8176245220753756
92.0,inel,0.3658255583960109,0.4406150307036782,1.204440260094421
92.0,pipro,0.0,0.00527115143408265,1.0
92.5,cex,0.048574866922204855,0.07590379461217456,1.5626145663710902
92.5,abs,0.5797899753225509,0.4782300171724552,0.8248331939620109
92.5,inel,0.3716351577552442,0.4405704480939724,1.1854918430083743
92.5,pipro,0.0,0.005295740121397788,1.0
93.0,cex,0.047941269187690594,0.07597391266486411,1.5847288557886403
93.0,abs,0.574641168675198,0.47817985818214104,0.832136443138171
93.0,inel,0.3774175621371114,0.44052578665040837,1.1672106198660954
93.0,pipro,0.0,0.00532044250258643,1.0
93.5,cex,0.04731063042511209,0.07604408105864346,1.607336033685146
93.5,abs,0.5695164075279191,0.47812961370957785,0.839536152759811
93.5,inel,0.3831729620469688,0.4404810461363391,1.1495619205050942
93.5,pipro,0.0,0.005345259095439601,1.0
94.0,cex,0.04668292995466546,0.07611429976798133,1.6304524982021724
94.0,abs,0.564415523830379,0.47807928349778855,0.8470342563459743
94.0,inel,0.38890154621495565,0.4404362263141891,1.132513435857488
94.0,pipro,0.0,0.005370190420041065,1.0
94.5,cex,0.04798948010432266,0.07618456876698139,1.587526445407752
94.5,abs,0.5590194872016047,0.4780288672887891,0.8551202207310403
94.5,inel,0.39299103269407265,0.44039132694545263,1.1206141878771039
94.5,pipro,0.0,0.005395236998776868,1.0
95.0,cex,0.05180701918493179,0.0762548880293807,1.471902634605923
95.0,abs,0.5533023211069686,0.47797836482358563,0.8638647382995149
95.0,inel,0.39489065970809956,0.4403463477906886,1.1151095549238605
95.0,pipro,0.0,0.005420399356345028,1.0
95.5,cex,0.05553618153519354,0.07632525752854741,1.3743339102307517
95.5,abs,0.5477175084566924,0.47792777584216806,0.872580789299266
95.5,inel,0.39674631000811406,0.4403012886095194,1.1097804251802987
95.5,pipro,0.0,0.005445678019765123,1.0
96.0,cex,0.0591800009450024,0.07639567723747878,1.2909036163834364
96.0,abs,0.5422605058314798,0.4778771000835082,0.8812684953899625
96.0,inel,0.39855949322351786,0.44025614916062505,1.1046183986231715
96.0,pipro,0.0,0.0054710735183880295,1.0
96.5,cex,0.06274137391689474,0.07646614712879936,1.2187515566695115
96.5,abs,0.5369269754142856,0.4778263372855561,0.8899279774812427
96.5,inel,0.4003316506688196,0.44021092920173893,1.0996156023794132
96.5,pipro,0.0,0.0054965863839056255,1.0
97.0,cex,0.06622306734496511,0.07653666717475854,1.1557402917637214
97.0,abs,0.5317127734903317,0.477775487185234,0.8985593557381812
97.0,inel,0.40206415916470317,0.4401656284896469,1.0947646500103376
97.0,pipro,0.0,0.005522217150360571,1.0
97.5,cex,0.06962772568407721,0.07660723734722905,1.1002404084663064
97.5,abs,0.5266139397104598,0.4777245495184347,0.9071627495867177
97.5,inel,0.403758334605463,0.44012024678018025,1.0900586045121488
97.5,pipro,0.0,0.005547966354156105,1.0
98.0,cex,0.07295787764840914,0.07667785761770451,1.0509880507657077
98.0,abs,0.5216266870593549,0.4776735240200151,0.9157382777190263
98.0,inel,0.40541543529223595,0.4400747838282146,1.085490944642981
98.0,pipro,0.0,0.005573834534065865,1.0
98.5,cex,0.07621594247499242,0.0767485279572975,1.0069878488018413
98.5,abs,0.5167473924752386,0.4776224104237934,0.9242860580988418
98.5,inel,0.4070366650497689,0.4400292393876654,1.0810555342326778
98.5,pipro,0.0,0.005599822231243766,1.0
99.0,cex,0.07940423578484981,0.07681924833673731,0.9674452197346667
99.0,abs,0.5119725880721983,0.4775712084625464,0.9328062079667426
99.0,inel,0.408623176142952,0.43998361321148227,1.0767465941715435
99.0,pipro,0.0,0.005625929989233903,1.0
99.5,cex,0.08252497507157283,0.07689001872636826,0.9317181696775134
99.5,abs,0.5072989529204647,0.47751991786800213,0.9412988438453739
99.5,inel,0.4101760720079625,0.4399379050516491,1.0725586768091846
99.5,pipro,0.0,0.005652158353980507,1.0
100.0,cex,0.08558028484467847,0.07696083909614733,0.8992823433086865
100.0,abs,0.5027233053436958,0.4774685383708386,0.9497640815446354
100.0,inel,0.4116964098116258,0.4398921146591762,1.0684866425248924
100.0,pipro,0.0,0.005678507873837904,1.0
100.5,cex,0.08914050623008081,0.07701191696124524,0.8639385192907652
100.5,abs,0.5014394638182987,0.477431291687408,0.9521214944909275
100.5,inel,0.40942002995162047,0.439846255910795,1.074315430934754
100.5,pipro,0.0,0.005710535440551639,1.0
101.0,cex,0.09267218599364274,0.07706301160063132,0.8315657041468494
101.0,abs,0.5001659146077199,0.4773939418202371,0.9544711622235537
101.0,inel,0.4071618993986374,0.4398003042081639,1.0801607538861868
101.0,pipro,0.0,0.005742742370967776,1.0
101.5,cex,0.09617566598427561,0.07711412292248405,0.801804927819184
101.5,abs,0.49890253443877464,0.47735648829732746,0.9568131154801914
101.5,inel,0.40492179957694974,0.43975425912386984,1.0860226828570654
101.5,pipro,0.0,0.005775129656318657,1.0
102.0,cex,0.09965128261340583,0.07716525083431726,0.7743528112295106
102.0,abs,0.49764920199907475,0.47731893064422665,0.959147384798005
102.0,inel,0.4026995153875193,0.439708120228284,1.0919012897374638
102.0,pipro,0.0,0.0058076982931721385,1.0
102.5,cex,0.10309936696265828,0.07721639524297631,0.7489512061790199
102.5,abs,0.49640579789819705,0.4772812683840146,0.9614740005149889
102.5,inel,0.40049483513914463,0.43966188708955034,1.0977966468326559
102.5,pipro,0.0,0.005840449283458776,1.0
103.0,cex,0.10652024488899048,0.07726755605463408,0.7253790688817704
103.0,abs,0.4951722046297709,0.47724350103729185,0.9637929927713048
103.0,inel,0.3983075504812386,0.43961555927357504,1.1037088268661432
103.0,pipro,0.0,0.0058733836344990785,1.0
103.5,cex,0.1099142371273482,0.077318733174787,0.7034460247875297
103.5,abs,0.49394830653446,0.477205628122168,0.9661043915106045
103.5,inel,0.39613745633819175,0.4395691363440141,1.1096379029827055
103.5,pipro,0.0,0.00590650235903091,1.0
104.0,cex,0.11328165939091009,0.07736992650825114,0.6829872278023801
104.0,abs,0.4927339897638139,0.47716764915424786,0.9684082264813362
104.0,inel,0.393984350845276,0.4395226178622639,1.115583948751486
104.0,pipro,0.0,0.005939806475237,1.0
104.5,cex,0.11662282246898711,0.07742113595915798,0.6638592200059826
104.5,abs,0.49152914224496397,0.47712956364661974,0.9707045272380455
104.5,inel,0.391848035286049,0.4394760033874497,1.121547038169101
104.5,pipro,0.0,0.005973297006772598,1.0
105.0,cex,0.11993803232264036,0.07747236143095057,0.6459365718335729
105.0,abs,0.4903336536461434,0.47709137110984284,0.9729933231426594
105.0,inel,0.38972831403121627,0.43942929247641344,1.1275272456627727
105.0,pipro,0.0,0.006006974982793205,1.0
105.5,cex,0.12322759017808,0.07752360282637952,0.6291091363090665
105.5,abs,0.48914741534300704,0.47705307105193556,0.9752746433657622
105.5,inel,0.3876249944789129,0.43938248468370256,1.1335246460934947
105.5,pipro,0.0,0.0060408414379824835,1.0
106.0,cex,0.12649179261790372,0.07757486004749854,0.6132797902693218
106.0,abs,0.48797032038572974,0.47701466297836065,0.9775485168878532
106.0,inel,0.3855378869963665,0.4393355795615606,1.1395393147592292
106.0,pipro,0.0,0.006074897412580243,1.0
106.5,cex,0.12973093167023403,0.07762613299566094,0.5983625647041567
106.5,abs,0.48680226346686295,0.47697614639201563,0.979814972500603
106.5,inel,0.383466804862903,0.43928857665991294,1.1455713273981234
106.5,pipro,0.0,0.006109143952410571,1.0
107.0,cex,0.13294529489580995,0.07767742157151487,0.5842810881903805
107.0,abs,0.4856431408899288,0.4769375207932169,0.9820740388080863
107.0,inel,0.3814115642142612,0.4392414755263581,1.151620760191766
107.0,pipro,0.0,0.006143582108910087,1.0
107.5,cex,0.13613516547308782,0.07772872567499968,0.5709672839114127
107.5,abs,0.48449285053873237,0.4768987856796895,0.9843257442280137
107.5,inel,0.3793719839881798,0.43919427570615455,1.157687689768464
107.5,pipro,0.0,0.006178212939156314,1.0
108.0,cex,0.1393008222814044,0.07778004520534132,0.5583602733386331
108.0,abs,0.4833512918473722,0.4768599405465528,0.9865701169929444
108.0,inel,0.3773478858712235,0.43914697674220965,1.1637721932065526
108.0,pipro,0.0,0.0062130375058961585,1.0
108.5,cex,0.14244253998225284,0.07783138006104852,0.5464054493183403
108.5,abs,0.4822183657709315,0.4768209848863084,0.9888071851514941
108.5,inel,0.37533909424681566,0.43909957817506845,1.1698743480377376
108.5,pipro,0.0,0.006248056877574578,1.0
109.0,cex,0.1455605890987223,0.07788273013990847,0.5350536887913165
109.0,abs,0.4810939747568321,0.4767819181888266,0.9910369765695257
109.0,inel,0.37334543614444565,0.4390520795429016,1.1759942322504628
109.0,pipro,0.0,0.006283272128363269,1.0
109.5,cex,0.1486552360931485,0.07793409533898235,0.5242606812056606
109.5,abs,0.47997802271683254,0.4767427399413338,0.9932595189313337
109.5,inel,0.3713667411900189,0.43900448038149414,1.182131924293314
109.5,pipro,0.0,0.0063186843381895725,1.0
110.0,cex,0.14907006572931042,0.07798547555460147,0.5231464491081111
110.0,abs,0.47993184337139616,0.4767034496283996,0.9932732245472233
110.0,inel,0.3709980908992934,0.43895678022423357,1.183178002776805
110.0,pipro,0.0,0.00635429459276548,1.0
110.5,cex,0.1493519414058743,0.07803687068236236,0.5225032225747352
110.5,abs,0.4799389441375213,0.47666404673192303,0.9931764291154087
110.5,inel,0.3707091144566045,0.438908978602098,1.1839713713148454
110.5,pipro,0.0,0.0063901039836166814,1.0
111.0,cex,0.1496342572554148,0.07808828061712343,0.521860983236161
111.0,abs,0.47994605599210005,0.47662453073112004,0.9930793779436023
111.0,inel,0.37041968675248516,0.4388610750436446,1.1847671458587783
111.0,pipro,0.0,0.006426113608111932,1.0
111.5,cex,0.14991701430978926,0.07813954131024535,0.5212186333218818
111.5,abs,0.479953178961126,0.4764520337291965,0.9927052358742412
111.5,inel,0.37012980672908474,0.4389466793030122,1.185926319152939
111.5,pipro,0.0,0.006461745657546003,1.0
112.0,cex,0.15020021360408267,0.07819068801589187,0.5205764102439767
112.0,abs,0.4799603130706743,0.47618567276966767,0.9921355157953428
112.0,inel,0.369839473325243,0.4391264774555985,1.1873434533836884
112.0,pipro,0.0,0.006497161758841921,1.0
112.5,cex,0.15048385617662038,0.0782418329795941,0.519935061258418
112.5,abs,0.4799674583469013,0.4759192464858584,0.9915656534820388
112.5,inel,0.3695486854764783,0.43930615150344765,1.1887639403642511
112.5,pipro,0.0,0.0065327690310998734,1.0
113.0,cex,0.1507679430689807,0.0782929760733438,0.5192945826522453
113.0,abs,0.4799746148160457,0.4756527546631779,0.9909956484791926
113.0,inel,0.3692574421149736,0.4394857007803828,1.1901877948976927
113.0,pipro,0.0,0.006568568483095448,1.0
113.5,cex,0.1510524753260078,0.07834411716847861,0.5186549707271797
113.5,abs,0.4799817825044282,0.47538619708555413,0.9904255003285846
113.5,inel,0.36896574216956396,0.4396651246172413,1.1916150318779088
113.5,pipro,0.0,0.0066045611287258756,1.0
114.0,cex,0.15133745399582443,0.07839573098583705,0.5180193594904806
114.0,abs,0.4799889614384522,0.4751224513958479,0.9898612042493224
114.0,inel,0.3686735845657233,0.4398470865361475,1.1930528927215183
114.0,pipro,0.0,0.006634731082167559,1.0
114.5,cex,0.15162288012984476,0.07844802342799836,0.5173890864018551
114.5,abs,0.4799961516446041,0.47486275406347445,0.9893053359625048
114.5,inel,0.36838096822555116,0.44003273958878897,1.1945045416118432
114.5,pipro,0.0,0.006656482919738337,1.0
115.0,cex,0.15190875478278734,0.07850032512027214,0.5167597169269071
115.0,abs,0.48000335314945336,0.47460304371973744,0.9887494339481531
115.0,inel,0.3680878920677593,0.44021832727018995,1.1959598149160324
115.0,pipro,0.0,0.006678303889800444,1.0
115.5,cex,0.1521950790126881,0.07855263601798923,0.5161312476564404
115.5,abs,0.480010565979653,0.47434332044062816,0.988193498350482
115.5,inel,0.36779435500765884,0.4404038493380964,1.197418729629294
115.5,pipro,0.0,0.006700194203286194,1.0
116.0,cex,0.15248185388091343,0.07860495607636785,0.5155036751963772
116.0,abs,0.48001779016194035,0.4740835843020286,0.9876375293134245
116.0,inel,0.36750035595714614,0.44058930554986964,1.1988813028557892
116.0,pipro,0.0,0.006722154071733822,1.0
116.5,cex,0.1527690804521733,0.07865728525051309,0.5148769961676765
116.5,abs,0.4800250257231364,0.4738238353797116,0.9870815269806341
116.5,inel,0.36720589382469027,0.4407746956624863,1.2003475518095004
116.5,pipro,0.0,0.006744183707289082,1.0
117.0,cex,0.15305675979453434,0.07870962349541648,0.5142512072062511
117.0,abs,0.4800322726901469,0.47356407374934,0.9865254914954811
117.0,inel,0.36691096751531865,0.4409600194325366,1.2018174938151076
117.0,pipro,0.0,0.006766283322706774,1.0
117.5,cex,0.15334489297943313,0.07876197076595622,0.5136263049628911
117.5,abs,0.48003953108996283,0.4733042994864669,0.9859694230010534
117.5,inel,0.366615575930604,0.44114527661622444,1.2032911463088738
117.5,pipro,0.0,0.006788453131352355,1.0
118.0,cex,0.15363348108168956,0.07881432701689642,0.5130022861031801
118.0,abs,0.4800468009496599,0.4730445126665345,0.9854133216401547
118.0,inel,0.36631971796865065,0.4413304669693655,1.2047685268395358
118.0,pipro,0.0,0.00681069334720346,1.0
118.5,cex,0.1539225251795201,0.07886669220288685,0.5123791473074165
118.5,abs,0.4800540822963996,0.47278471336487493,0.9848571875553047
118.5,inel,0.36602339252408034,0.44151559024738657,1.2062496530692084
118.5,pipro,0.0,0.0068330041848515405,1.0
119.0,cex,0.15421202635455133,0.0789190662784629,0.5117568852705353
119.0,abs,0.48006137515742936,0.4725249016567088,0.9843010208887373
119.0,inel,0.36572659848801936,0.4417006462053249,1.2077345427742914
119.0,pipro,0.0,0.0068553858595033716,1.0
119.5,cex,0.15450198569183332,0.07897144919804538,0.5111354967020315
119.5,abs,0.48006867956008287,0.4722650776171453,0.983744821782399
119.5,inel,0.36542933474808387,0.4418856345978267,1.2092232138463912
119.5,pipro,0.0,0.006877838586982705,1.0
120.0,cex,0.1547924042798533,0.07902384091593966,0.5105149783258767
120.0,abs,0.4800759955317803,0.47200524132118205,0.9831885903779498
120.0,inel,0.36513160018836643,0.4420705551791465,1.2107156842932474
120.0,pipro,0.0,0.006900362583731784,1.0
120.5,cex,0.15508328321054918,0.07907624138633593,0.5098953268804471
120.5,abs,0.48008332310002877,0.47174539284370415,0.982632326816761
120.5,inel,0.3648333936894221,0.44225540770314703,1.212211972239672
120.5,pipro,0.0,0.006922958066812992,1.0
121.0,cex,0.15537462357932327,0.07912865056330882,0.5092765391184445
121.0,abs,0.4800906622924227,0.471485532259485,0.9820760312399154
121.0,inel,0.364534714128254,0.4424401919232959,1.2137120959284895
121.0,pipro,0.0,0.006945625253910403,1.0
121.5,cex,0.15566642648505613,0.079181068400817,0.5086586118068197
121.5,abs,0.4800980131366443,0.47122565964318436,0.981519703788204
121.5,inel,0.3642355603782996,0.4426249075926672,1.2152160737214988
121.5,pipro,0.0,0.006968364363331388,1.0
122.0,cex,0.15595869303012014,0.07923349485270281,0.5080415417266964
122.0,abs,0.4801053756604633,0.47096577506934967,0.9809633446021291
122.0,inel,0.36393593130941654,0.44280955446393927,1.216723924100434
122.0,pipro,0.0,0.006991175614008218,1.0
122.5,cex,0.1562514243203937,0.07928592987269227,0.5074253256732968
122.5,abs,0.4801127498917382,0.47070587861241453,0.9804069538218995
122.5,inel,0.36363582578786807,0.44299413228939355,1.2182356656679374
122.5,pipro,0.0,0.00701405922549965,1.0
123.0,cex,0.15654462146527492,0.07933837341439441,0.5068099604558655
123.0,abs,0.4801201358584159,0.4704459703466987,0.9798505315874316
123.0,inel,0.3633352426763091,0.4431786408209144,1.2197513171485452
123.0,pipro,0.0,0.007037015417992537,1.0
123.5,cex,0.15683828557769575,0.07939082543130131,0.5061954428975958
123.5,abs,0.4801275335885325,0.4701860503464078,0.9792940780383478
123.5,inel,0.3630341808337717,0.44336307980998735,1.2212708973896789
123.5,pipro,0.0,0.007060044412303448,1.0
124.0,cex,0.15713241777413603,0.07944328587678767,0.505581769835556
124.0,abs,0.4801349431102134,0.46992611868563333,0.9787375933139767
124.0,inel,0.3627326391156506,0.4435474490076987,1.2227944253626477
124.0,pipro,0.0,0.007083146429880246,1.0
124.5,cex,0.15742701917463764,0.07949575470411066,0.5049689381206163
124.5,abs,0.4801423644516736,0.46966617543835154,0.9781810775533504
124.5,inel,0.36243061637368873,0.4437317481647341,1.224321920163662
124.5,pipro,0.0,0.0071063216928037385,1.0
125.0,cex,0.15772209090281877,0.07954823186640914,0.5043569446173723
125.0,abs,0.48014979764121835,0.469406220678424,0.9776245308952057
125.0,inel,0.3621281114559628,0.44391597703137753,1.2258534010148523
125.0,pipro,0.0,0.007129570423789242,1.0
125.5,cex,0.15801763408588818,0.0796161581225916,0.5038435019177505
125.5,abs,0.4801572427072434,0.4689747354954698,0.9767107392804826
125.5,inel,0.3618251232068685,0.4442543741556213,1.2278151672227167
125.5,pipro,0.0,0.007154732226317388,1.0
126.0,cex,0.15831364985465943,0.07968407852288503,0.5033304367377
126.0,abs,0.48016469967823505,0.4685432714535569,0.9757969958381659
126.0,inel,0.36152165046710555,0.44459267294721844,1.2297815977902862
126.0,pipro,0.0,0.007179977076339604,1.0
126.5,cex,0.1586101393435655,0.0797519929379891,0.5028177471380835
126.5,abs,0.4801721685827711,0.46811182913408744,0.9748833017867742
126.5,inel,0.36121769207366333,0.4449308727029661,1.2317527144053373
126.5,pipro,0.0,0.007205305224957349,1.0
127.0,cex,0.15890710369067318,0.07981990123849159,0.502305431189962
127.0,abs,0.4801796494495207,0.46768040911826386,0.9739696583443592
127.0,inel,0.3609132468598061,0.4452689727192998,1.2337285389035917
127.0,pipro,0.0,0.007230716923944755,1.0
127.5,cex,0.15920454403769763,0.07988780329486922,0.5017934869745476
127.5,abs,0.4801871423072449,0.46724901198708496,0.9730560667284973
127.5,inel,0.36060831365505747,0.4456069722922956,1.2357090932699468
127.5,pipro,0.0,0.007256212425750134,1.0
128.0,cex,0.15950246153001701,0.07995569897748732,0.5012819125831506
128.0,abs,0.48019464718479715,0.46681763832134465,0.9721425281562863
128.0,inel,0.3603028912851859,0.4459448707176707,1.2376943996397123
128.0,pipro,0.0,0.007281791983497446,1.0
128.5,cex,0.1598008573166872,0.08002358815660032,0.5007707061171308
128.5,abs,0.4802021641111234,0.46638628870162785,0.9712290438443372
128.5,inel,0.3599969785721895,0.44628266729078403,1.2396844802998586
128.5,pipro,0.0,0.007307455850987775,1.0
129.0,cex,0.1600997325504566,0.0800914707023519,0.5002598656878486
129.0,abs,0.48020969311526257,0.46595496370830536,0.9703156150087631
129.0,inel,0.3596905743342808,0.44662036130664184,1.2416793576902916
129.0,pipro,0.0,0.007333204282700849,1.0
129.5,cex,0.1603990883877809,0.08015934648477537,0.4997493894166162
129.5,abs,0.48021723422634727,0.4655236639215344,0.9694022428651797
129.5,inel,0.3593836773858718,0.4469579520598938,1.2436790544051146
129.5,pipro,0.0,0.007359037533796501,1.0
130.0,cex,0.1606989259888381,0.08022721537379353,0.49923927543464724
130.0,abs,0.4802247874736036,0.4650923899212519,0.9684889286286925
130.0,inel,0.3590762865375583,0.4472954388448383,1.2456835931939285
130.0,pipro,0.0,0.007384955860116164,1.0
130.5,cex,0.16099924651754327,0.08029507723921935,0.4987295218830108
130.5,abs,0.480232352886352,0.4646611422871724,0.9675756735138905
130.5,inel,0.35876840059610476,0.4476328209554238,1.247692996963133
130.5,pipro,0.0,0.007410959518184369,1.0
131.0,cex,0.16130005114156404,0.08036293195075594,0.49822012691258166
131.0,abs,0.48023993049400715,0.46422992159878684,0.9666624787348455
131.0,inel,0.3584600183644288,0.44797009768524704,1.2497072887772318
131.0,pipro,0.0,0.007437048765210252,1.0
131.5,cex,0.16160134103233528,0.08043077937799689,0.49771108868399344
131.5,abs,0.480247520326079,0.46379872843535586,0.9657493455050956
131.5,inel,0.35815113864158576,0.44830726832755824,1.251726491860172
131.5,pipro,0.0,0.0074632238590890175,1.0
132.0,cex,0.16190311736507454,0.08049861939042632,0.4972024053675902
132.0,abs,0.4802551224121724,0.463367563375909,0.9648362750376458
132.0,inel,0.357841760222753,0.44864433217526123,1.2537506295966814
132.0,pipro,0.0,0.0074894850584034806,1.0
132.5,cex,0.16220538131879733,0.08056645185741922,0.4966940751433793
132.5,abs,0.4802627367819883,0.46293642699924104,0.9639232685449581
132.5,inel,0.35753188189921437,0.44898128852091423,1.2557797255336205
132.5,pipro,0.0,0.007515832622425535,1.0
133.0,cex,0.16250813407633233,0.08063427664824191,0.4961860962009869
133.0,abs,0.48027036346532337,0.46250531988390875,0.9630103272389463
133.0,inel,0.3572215024583443,0.44931813665673176,1.2578138033813542
133.0,pipro,0.0,0.007542266811117672,1.0
133.5,cex,0.16281137682433705,0.0807020936320517,0.4956784667396066
133.5,abs,0.48027800249207075,0.4620742426082265,0.9620974523309658
133.5,inel,0.35691062068359214,0.4496548758745873,1.2598528870151349
133.5,pipro,0.0,0.007568787885134456,1.0
134.0,cex,0.16311511075331314,0.08076990267789774,0.4951711849679578
134.0,abs,0.4802856538922208,0.4616431957502652,0.9611846450318104
134.0,inel,0.3565992353544661,0.4499915054660129,1.2618970004764962
134.0,pipro,0.0,0.0075953961058240795,1.0
134.5,cex,0.163419337057622,0.08083770365472075,0.49466424910423673
134.5,abs,0.4802933176958606,0.461212179887848,0.9602719065517055
134.5,inel,0.3562873452465174,0.4503280247222014,1.2639461679746629
134.5,pipro,0.0,0.007622091735229843,1.0
135.0,cex,0.16372405693550052,0.08090549643135353,0.49415765737607176
135.0,abs,0.4803009939331751,0.46078119559854647,0.9593592381002974
135.0,inel,0.3559749491313244,0.4506644329340084,1.2660004138879775
135.0,pipro,0.0,0.007648875036091647,1.0
135.5,cex,0.1640292715890767,0.08097328087652113,0.49365140802047813
135.5,abs,0.48030868263444737,0.4603502434596783,0.9584466408866503
135.5,inel,0.3556620457764759,0.45100072939195307,1.2680597627653387
135.5,pipro,0.0,0.007675746271847557,1.0
136.0,cex,0.16433498222438567,0.0810410568588409,0.4931454992838112
136.0,abs,0.4803163838300587,0.4599193240483042,0.9575341161192387
136.0,inel,0.35534863394555555,0.45133691338621956,1.2701242393276535
136.0,pipro,0.0,0.007702705706635254,1.0
136.5,cex,0.1646411900513852,0.0811083777212973,0.4926372173086397
136.5,abs,0.4803240975504895,0.45948590833586656,0.9566163985507046
136.5,inel,0.3550347123981254,0.4516704976274411,1.2721868647056438
136.5,pipro,0.0,0.00773521631539516,1.0
137.0,cex,0.16494789628397205,0.08117536868283298,0.49212733542889553
137.0,abs,0.48033182382631884,0.459050719206761,0.955694993410945
137.0,inel,0.35472027988970906,0.45200218006704884,1.2742496149574167
137.0,pipro,0.0,0.007771732043357121,1.0
137.5,cex,0.1652551021399979,0.08124234320095569,0.49161776035290117
137.5,abs,0.48033956268822603,0.45861553708729885,0.9547736074885267
137.5,inel,0.35440533517177614,0.4523337064585974,1.2763174297005335
137.5,pipro,0.0,0.007808413253148165,1.0
138.0,cex,0.1655628088412851,0.08130930109121838,0.491108490247738
138.0,abs,0.4803473141669901,0.4581803624435998,0.9538522417642079
138.0,inel,0.35408987699172484,0.45266507580939874,1.2783903331412596
138.0,pipro,0.0,0.007845260655783065,1.0
138.5,cex,0.1658710176136436,0.08137624216877119,0.4905995232893396
138.5,abs,0.4803550782934905,0.45774519574123423,0.9529308972175747
138.5,inel,0.35377390409286585,0.45299628712489165,1.2804683496552642
138.5,pipro,0.0,0.007882274965102956,1.0
139.0,cex,0.16617972968688652,0.08144069587494933,0.49007599199011054
139.0,abs,0.48036285509870774,0.4573633971641206,0.9521206569357635
139.0,inel,0.3534574152144057,0.45327618866105174,1.2824067883427948
139.0,pipro,0.0,0.007919718299878354,1.0
139.5,cex,0.16648894629484692,0.08150164677021596,0.4895318793469867
139.5,abs,0.4803706446137234,0.4570571686402249,0.9514677338532095
139.5,inel,0.3531404090914297,0.4534834780239779,1.2841449642954028
139.5,pipro,0.0,0.007957706565581304,1.0
140.0,cex,0.1667986686753941,0.08156260024387718,0.48898831682287386
140.0,abs,0.4803784468697208,0.45675090414055763,0.9508147318366866
140.0,inel,0.35282288445488513,0.45369062278629746,1.2858877436117955
140.0,pipro,0.0,0.007995872829267702,1.0
140.5,cex,0.16697942291680512,0.08162355616711778,0.48882404035966415
140.5,abs,0.4804690111616117,0.45644460364105344,0.9499980082742997
140.5,inel,0.35255156592158315,0.45389762229409786,1.2874644907833335
140.5,pipro,0.0,0.00803421789773085,1.0
141.0,cex,0.164561793886179,0.08168451441058883,0.4963759356384194
141.0,abs,0.4822211779649657,0.4561382671168732,0.9459108972397984
141.0,inel,0.35321702814885525,0.4541044758913105,1.28562453025322
141.0,pipro,0.0,0.008072742581227428,1.0
141.5,cex,0.16212662070561218,0.08174547484440514,0.5042076032216678
141.5,abs,0.48398605981960746,0.45583189454240547,0.9418285615753155
141.5,inel,0.35388731947478036,0.4543111829196985,1.2837735570575448
141.5,pipro,0.0,0.008111447693490818,1.0
142.0,cex,0.15967371170918,0.08180643733814282,0.5123350391399437
142.0,abs,0.4857637956346361,0.455525485891263,0.937751001587371
142.0,inel,0.35456249265618395,0.4545177427188497,1.2819115166803372
142.0,pipro,0.0,0.008150334051744515,1.0
142.5,cex,0.15720287242887707,0.0818674017608371,0.5207754826355109
142.5,abs,0.48755452634994717,0.4552190411362804,0.933678217581642
142.5,inel,0.3552426012211758,0.45472415462616683,1.28003835424866
142.5,pipro,0.0,0.008189402476715539,1.0
143.0,cex,0.15471390554322298,0.08192836798098019,0.529547539332795
143.0,abs,0.48935839497348077,0.45491256024951426,0.9296102098629917
143.0,inel,0.3559276994832962,0.4549304179768577,1.278154014529593
143.0,pipro,0.0,0.008228653792647887,1.0
143.5,cex,0.1522066108247323,0.08198933586651863,0.5386713193484763
143.5,abs,0.4911755466192924,0.4546060432022364,0.9255469787354849
143.5,inel,0.3566178425559753,0.455136532103929,1.2762584419272014
143.5,pipro,0.0,0.00826808882731604,1.0
144.0,cex,0.14968078508622,0.08205030528485145,0.5481685924989528
144.0,abs,0.49300612854646764,0.45429948996493635,0.921488524502423
144.0,inel,0.3573130863673123,0.45534249633817375,1.2743515804794474
144.0,pipro,0.0,0.008307708412038513,1.0
144.5,cex,0.14713622212591196,0.08211127610282731,0.5580629631265136
144.5,abs,0.49485029019890336,0.4539929005073166,0.9174348474663635
144.5,inel,0.3580134876751847,0.4555483100081647,1.2724333738550948
144.5,pipro,0.0,0.008347513381691407,1.0
145.0,cex,0.14457271267132932,0.08217224818674262,0.5683800674996843
145.0,abs,0.49670818324597704,0.4536862747982922,0.9133859479291491
145.0,inel,0.3587191040826936,0.4557539724402432,1.2705037653505642
145.0,pipro,0.0,0.008387504574722041,1.0
145.5,cex,0.1419900443219148,0.0822332214023387,0.5791477972631831
145.5,abs,0.4985799616241286,0.45337961280598643,0.9093418261919279
145.5,inel,0.35942999405395665,0.45595948295851235,1.2685626978867683
145.5,pipro,0.0,0.008427682833162576,1.0
146.0,cex,0.1393880014903676,0.08229419561480004,0.5903965530382254
146.0,abs,0.5004657815793768,0.45307291449773035,0.9053024825551841
146.0,inel,0.36014621693025556,0.4561648408848258,1.2666101140059034
146.0,pipro,0.0,0.008468049002643764,1.0
146.5,cex,0.13676636534265307,0.08235517068875145,0.6021595330286041
146.5,abs,0.5023658017107981,0.4527661798400605,0.9012679173187607
146.5,inel,0.3608678329465488,0.45637004553877936,1.2646459558682146
146.5,pipro,0.0,0.008508603932408591,1.0
147.0,cex,0.13412491373665233,0.08241614648825583,0.6144730624026784
147.0,abs,0.5042801830149893,0.45245940879871616,0.8972381307818855
147.0,inel,0.3615949032483583,0.4565750962377018,1.2626701652487264
147.0,pipro,0.0,0.008549348475326138,1.0
147.5,cex,0.13146342115941526,0.0824771228768118,0.627376970334572
147.5,abs,0.5062090889315436,0.4521526013386374,0.8932131232431971
147.5,inel,0.3623274899090411,0.4567799922966455,1.260682683533937
147.5,pipro,0.0,0.00859028348790529,1.0
148.0,cex,0.12878165866297986,0.0825380997173514,0.6409150229486691
148.0,abs,0.5081526853895647,0.45184575742396405,0.889192895000773
148.0,inel,0.3630656559474555,0.45698473302837583,1.2586834517184757
148.0,pipro,0.0,0.008631409830308663,1.0
148.5,cex,0.12607939379871996,0.08259907687223753,0.6551354220825586
148.5,abs,0.5101111408552487,0.4515388770180308,0.8851774463521498
148.5,inel,0.36380946534603126,0.45718931774336535,1.25667241040174
148.5,pipro,0.0,0.008672728366366423,1.0
149.0,cex,0.12335639055017995,0.0826600542032615,0.6700913818456479
149.0,abs,0.5120846263805616,0.45123196008336897,0.8811667775943555
149.0,inel,0.3645589830692584,0.4573937457497794,1.2546494997844682
149.0,pipro,0.0,0.008714239963590232,1.0
149.5,cex,0.12061240926435994,0.0827210315716409,0.6858417975080143
149.5,abs,0.51407331565304,0.4509250065817004,0.8771608890239309
149.5,inel,0.36531427508259995,0.4575980163534715,1.2526146596653132
149.5,pipro,0.0,0.008755945493187197,1.0
150.0,cex,0.11784720658140409,0.08278200883801694,0.7024520244426369
150.0,abs,0.5160773850467493,0.45061801647393906,0.8731597809369606
150.0,inel,0.36607540837184666,0.45780212885797006,1.2505678294373452
150.0,pipro,0.0,0.008797845830073878,1.0
150.5,cex,0.1150605353626522,0.08287326138624732,0.7202579157575114
150.5,abs,0.5180970136744278,0.45046833733359565,0.8694671566215009
150.5,inel,0.36684245096292,0.45783288780004994,1.2480368250683374
150.5,pipro,0.0,0.008825513480107083,1.0
151.0,cex,0.11225214461700922,0.08296459466387773,0.7390913995179595
151.0,abs,0.5201323834408506,0.4503186001120859,0.8657768953609022
151.0,inel,0.36761547194214034,0.45786353920342304,1.2454958350487682
151.0,pipro,0.0,0.008853266020613247,1.0
151.5,cex,0.10942177942558601,0.08305600868556545,0.7590445807184939
151.5,abs,0.5221836790974452,0.4501688047347473,0.8620889980951335
151.5,inel,0.3683945414769688,0.4578940828777258,1.2429448086878137
151.5,pipro,0.0,0.008881103701961457,1.0
152.0,cex,0.10656918086456446,0.08314750346575715,0.780220911817149
152.0,abs,0.5242510882981954,0.45001895112678264,0.8584034657660274
152.0,inel,0.36917973083724015,0.4579245186322514,1.240383694938377
152.0,pipro,0.0,0.008909026775208757,1.0
152.5,cex,0.10369408592623744,0.08323907901868778,0.8027369958003171
152.5,abs,0.5263348016568669,0.4498690392132596,0.8547202993172822
152.5,inel,0.3699711124168956,0.4579548462759509,1.237812442393914
152.5,pipro,0.0,0.008937035492101732,1.0
153.0,cex,0.1007962274381734,0.08333073535838004,0.826724744331266
153.0,abs,0.5284350128055925,0.4497190689191107,0.851039499694467
153.0,inel,0.37076875975623413,0.4579850656174311,1.2352309992852102
153.0,pipro,0.0,0.00896513010507821,1.0
153.5,cex,0.09787533398045334,0.08342247249864317,0.8523339753333915
153.5,abs,0.5305519184548539,0.4495690401691324,0.8473610678450264
153.5,inel,0.37157274756469266,0.45801517646495554,1.232639313477135
153.5,pipro,0.0,0.008993310867268792,1.0
154.0,cex,0.09493112980092612,0.08351429045307228,0.8797355580640898
154.0,abs,0.5326857184549011,0.4494189528879868,0.843685004718286
154.0,inel,0.37238315174417286,0.45804517862644234,1.2300373324653509
154.0,pipro,0.0,0.00902157803249858,1.0
154.5,cex,0.09196333472842674,0.08360618923504728,0.9091252452071403
154.5,abs,0.5348366158586456,0.4492688070001994,0.840011311265455
154.5,inel,0.3732000494129278,0.4580750719094645,1.2274250033729943
154.5,pipro,0.0,0.00904993185528876,1.0
155.0,cex,0.08897166408390025,0.08369816885773207,0.9407283736854097
155.0,abs,0.5370048169860743,0.44911860243016005,0.836339988439632
155.0,inel,0.3740235189300255,0.4581048561212497,1.2248022729473187
155.0,pipro,0.0,0.009078372590858235,1.0
155.5,cex,0.08595582858937195,0.08379022933407375,0.9748056729736886
155.5,abs,0.5391905314902224,0.44896833910212297,0.8326710371958089
155.5,inel,0.37485363992040566,0.4581345310686779,1.2221690875562943
155.5,pipro,0.0,0.009106900495125296,1.0
156.0,cex,0.08630980647858907,0.0838823706768014,0.9718753186824739
156.0,abs,0.5390639488225211,0.44881801694020657,0.8325877067471513
156.0,inel,0.37462624469888994,0.4581640965582828,1.2229898546657811
156.0,pipro,0.0,0.009135515824709213,1.0
156.5,cex,0.08919446147694803,0.08397459289842552,0.9414776602483153
156.5,abs,0.5371999726838109,0.4486676358683923,0.8351966840707052
156.5,inel,0.37360556583924104,0.45819355239625026,1.22640986722721
156.5,pipro,0.0,0.009164218836931925,1.0
157.0,cex,0.09206676862021355,0.08406689601123687,0.9131079245109914
157.0,abs,0.5353439753527126,0.4485171958105253,0.8378112325164745
157.0,inel,0.3725892560270738,0.45822289838841823,1.2298339014776152
157.0,pipro,0.0,0.009193009789819675,1.0
157.5,cex,0.09492680702212564,0.08415928002730572,0.8865702183334765
157.5,abs,0.5334959057083386,0.44836669669031515,0.8404313733111132
157.5,inel,0.3715772872695357,0.45825213434027445,1.233261962020478
157.5,pipro,0.0,0.009221888942104631,1.0
158.0,cex,0.09777465512201354,0.0842517449584808,0.8616930926868785
158.0,abs,0.5316557130655852,0.4482161384313338,0.8430571277921012
158.0,inel,0.3705696318124013,0.45828126005695885,1.236694053464589
158.0,pipro,0.0,0.009250856553226565,1.0
158.5,cex,0.10061039069196673,0.08434429081638861,0.8383258452362129
158.5,abs,0.5298233471704985,0.44806552095701707,0.8456885174084796
158.5,inel,0.3695662621375348,0.45831027534325985,1.240130180424042
158.5,pipro,0.0,0.00927991288333449,1.0
159.0,cex,0.10343409084391467,0.08443691761243217,0.8163354743442389
159.0,abs,0.5279987581957,0.44791484419066346,0.848325563721584
159.0,inel,0.36856715096038534,0.45833918000361606,1.2435703475182456
159.0,pipro,0.0,0.009309058193288335,1.0
159.5,cex,0.10624583203661667,0.08452962535779035,0.7956041544166926
159.5,abs,0.5261818967358698,0.44776410805543454,0.8509682884057886
159.5,inel,0.3675722712275135,0.45836797384211464,1.2470145593719228
159.5,pipro,0.0,0.009338292744660562,1.0
160.0,cex,0.10904569008256289,0.08462241406341685,0.776027131373517
160.0,abs,0.5243727138032874,0.44761331247435454,0.8536167132492551
160.0,inel,0.3665815961141497,0.4583966566624908,1.2504628206151158
160.0,pipro,0.0,0.009367616799737867,1.0
160.5,cex,0.11183374015478836,0.08471528374003917,0.7575109588822236
160.5,abs,0.5225711608234288,0.44746245737031065,0.856270860154687
160.5,inel,0.3655950990217828,0.4584252282681273,1.2539151358831908
160.5,pipro,0.0,0.009397030621522815,1.0
161.0,cex,0.11461005679360074,0.08480823439815809,0.7399720126732662
161.0,abs,0.5207771896306193,0.44731154266605294,0.8589307511400901
161.0,inel,0.36461275357578,0.4584536884620536,1.2573715098168392
161.0,pipro,0.0,0.009426534473735497,1.0
161.5,cex,0.11737471391322338,0.08488958289009425,0.7232356958318484
161.5,abs,0.5189907524637403,0.4470599142730075,0.8614024665193658
161.5,inel,0.3636345336230363,0.4585965027518787,1.2611467293348029
161.5,pipro,0.0,0.009454000085019646,1.0
162.0,cex,0.12012778480835477,0.0849627190823745,0.7072695065335578
162.0,abs,0.5172118019619917,0.4467372394704306,0.8637413875239838
162.0,inel,0.36266041322965353,0.45882000637740084,1.265150508960719
162.0,pipro,0.0,0.009480035069794019,1.0
162.5,cex,0.12286934216064598,0.08503587776247483,0.6920837718109889
162.5,abs,0.5154402911607058,0.4464145848343768,0.8660839916668294
162.5,inel,0.3616903666786482,0.45904340018187495,1.2691612563453265
162.5,pipro,0.0,0.009506137221273364,1.0
163.0,cex,0.12559945804509662,0.0851090588684259,0.6776228193426392
163.0,abs,0.5136761734872147,0.446091950596996,0.8684302944569009
163.0,inel,0.3607243684676886,0.45926668383639285,1.2731789809135976
163.0,pipro,0.0,0.009532306698185241,1.0
163.5,cex,0.12831820393637125,0.0851822623381385,0.6638361489253509
163.5,abs,0.5119194027567686,0.4457693369903472,0.8707803114900654
163.5,inel,0.35976239330686016,0.45948985701192774,1.277203692104652
163.5,pipro,0.0,0.009558543659586608,1.0
164.0,cex,0.13102565071503666,0.08525026917575122,0.6506380140874797
164.0,abs,0.5101699331685056,0.4454793219657693,0.8731979150535917
164.0,inel,0.35880441611645775,0.45968477795080664,1.2811569682620796
164.0,pipro,0.0,0.009585630907672863,1.0
164.5,cex,0.13372186867372196,0.08531090071630608,0.6379726933405527
164.5,abs,0.5084277193014711,0.44523546097533945,0.8757104384219029
164.5,inel,0.35785041202480694,0.45983973486131763,1.285005464320775
164.5,pipro,0.0,0.009613903447036833,1.0
165.0,cex,0.13640692752320183,0.0853715487227971,0.6258593333412339
165.0,abs,0.5066927161106874,0.4449915945338082,0.8782277312954296
165.0,inel,0.3569003563661108,0.45999460037864937,1.2888600198168023
165.0,pipro,0.0,0.0096422563647454,1.0
165.5,cex,0.13908089639840457,0.08543221315017473,0.6142627446507797
165.5,abs,0.5049648789232709,0.44474772269818014,0.8807498130295894
165.5,inel,0.35595422467832455,0.46014937427366603,1.2927206431936649
165.5,pipro,0.0,0.00967068987797921,1.0
166.0,cex,0.1417438438643458,0.08549289395325858,0.6031506668824257
166.0,abs,0.5032441634345983,0.44450384552537325,0.8832767030851835
166.0,inel,0.3550119927010559,0.460304056316908,1.2965873429084835
166.0,pipro,0.0,0.009699204204460033,1.0
166.5,cex,0.14439583792198912,0.08555359108673799,0.5924934701577682
166.5,abs,0.5015305257045195,0.4442599630722189,0.885808421029108
166.5,inel,0.3540736363734914,0.46045864627859123,1.3004601274320255
166.5,pipro,0.0,0.009727799562451907,1.0
167.0,cex,0.14703694601403422,0.08561430450517092,0.582263892348521
167.0,abs,0.49982392215361765,0.4440160753954607,0.8883449865350687
167.0,inel,0.3531391318323482,0.46061314392860614,1.3043390052487327
167.0,pipro,0.0,0.009756476170762272,1.0
167.5,cex,0.14966723503063417,0.08567503416298437,0.5724368071973017
167.5,abs,0.4981243095595144,0.44377218255175543,0.890886419384306
167.5,inel,0.35220845540985146,0.4607675490365172,1.308223984856751
167.5,pipro,0.0,0.009785234248743106,1.0
168.0,cex,0.15228677131504256,0.08573578001447364,0.5629890191650865
168.0,abs,0.49643164505322146,0.4435282845976719,0.893432739466321
168.0,inel,0.3512815836317359,0.4609218613715622,1.312115074767959
168.0,pipro,0.0,0.009814074016292109,1.0
168.5,cex,0.1548956206691915,0.08579654201380224,0.5538990814791127
168.5,abs,0.4947458861155358,0.44328438158969186,0.8959839667796118
168.5,inel,0.3503584932152726,0.4610760807026521,1.3160122835079973
168.5,pipro,0.0,0.009842995693853853,1.0
169.0,cex,0.15749384835920122,0.0858573201150014,0.5451471343768545
169.0,abs,0.49306699057347997,0.4430404735842086,0.8985401214324119
169.0,inel,0.34943916106731876,0.4612302067983692,1.3199156196162973
169.0,pipro,0.0,0.00987199950242088,1.0
169.5,cex,0.16008151912082305,0.08591811427196995,0.5367147609782641
169.5,abs,0.49139491659678436,0.442796560637528,0.9011012236434389
169.5,inel,0.34852356428239256,0.46138423942696727,1.32382509164611
169.5,pipro,0.0,0.00990108566353491,1.0
170.0,cex,0.16265869716481568,0.08597892443847385,0.528584858584935
170.0,abs,0.48972962269441384,0.4425526428058666,0.903667293742643
170.0,inel,0.3476116801407705,0.46153817835637156,1.3277407081645383
170.0,pipro,0.0,0.009930254399287967,1.0
170.5,cex,0.16522544618225649,0.08603975056814597,0.5207415235134996
170.5,abs,0.48807106771113534,0.4423087201453541,0.9062383521719717
170.5,inel,0.34670348610660817,0.46169202335417625,1.3316624777525605
170.5,pipro,0.0,0.00995950593232357,1.0
171.0,cex,0.16778182934978825,0.08610059261448579,0.5131699478313886
171.0,abs,0.486419210824128,0.4420647927120312,0.9088144194861297
171.0,inel,0.34579895982608383,0.4618457741876451,1.3355904090050643
171.0,pipro,0.0,0.00998884048583784,1.0
171.5,cex,0.1703279093348027,0.086161450530859,0.5058563265841356
171.5,abs,0.4847740115396332,0.4418208605618499,0.9113955163533521
171.5,inel,0.3448980791255641,0.4619994306237105,1.339524510530876
171.5,pipro,0.0,0.010018258283580694,1.0
172.0,cex,0.17286374830056137,0.08622232427049738,0.4987877742913514
172.0,abs,0.4831354296896461,0.44157692375067253,0.9139816635561798
172.0,inel,0.3440008220097925,0.4621529924289731,1.3434647909527881
172.0,pipro,0.0,0.01004775954985698,1.0
172.5,cex,0.1753894079112546,0.08628321378649832,0.4919522496487178
172.5,abs,0.48150342542864627,0.4413329823342736,0.9165728819922476
172.5,inel,0.34310716666009905,0.4623064593697004,1.3474112589075902
172.5,pipro,0.0,0.01007734450952768,1.0
173.0,cex,0.1779049493370002,0.08634411903182451,0.48533848751034653
173.0,abs,0.47987795923036813,0.4410890363683381,0.919169192675071
173.0,inel,0.3422170914326316,0.46245983121182627,1.3513639230460979
173.0,pipro,0.0,0.010107013388011024,1.0
173.5,cex,0.18041043325878167,0.08640503995930363,0.4789359373432898
173.5,abs,0.47825899188460946,0.4408450859084612,0.9217706167348441
173.5,inel,0.34133057485660884,0.46261310772095143,1.3553227920331858
173.5,pipro,0.0,0.010136766411283681,1.0
174.0,cex,0.18290591987332766,0.08646597652162831,0.4727347074469253
174.0,abs,0.4766464844940791,0.4406011310101496,0.9243771754192446
174.0,inel,0.34044759563259325,0.4627662886623402,1.3592878745478107
174.0,pipro,0.0,0.01016660380588192,1.0
174.5,cex,0.18539146889793287,0.08652692867135524,0.4667255143169105
174.5,abs,0.47504039847128116,0.4403571717288195,0.9269888900942422
174.5,inel,0.3395681326307859,0.4629193738009226,1.3632591792830486
174.5,pipro,0.0,0.010196525798902768,1.0
175.0,cex,0.18786713957522183,0.0865878963609055,0.46089963660853944
175.0,abs,0.4734406955354375,0.44011320811979754,0.9296057822449161
175.0,inel,0.3386921648893407,0.4630723629012919,1.3672367149461204
175.0,pipro,0.0,0.010226532618005204,1.0
175.5,cex,0.19033299067785545,0.08665442339811691,0.455278000358762
175.5,abs,0.47184733770944587,0.44003010139454535,0.9325687912761035
175.5,inel,0.33781967161269866,0.4630571898215758,1.3707229884246015
175.5,pipro,0.0,0.010258285385762055,1.0
176.0,cex,0.19278908051318222,0.08672098716270478,0.4498231275955233
176.0,abs,0.47026028731687486,0.43994693737755,0.9355392093338749
176.0,inel,0.3369506321699429,0.4630419404228727,1.3742130039671063
176.0,pipro,0.0,0.010290135036872415,1.0
176.5,cex,0.19523546692783408,0.08678758763107809,0.4445277745726285
176.5,abs,0.4686795069789939,0.43986371595665275,0.9385170663678438
176.5,inel,0.33608502609317203,0.46302661455424926,1.3777067664594063
176.5,pipro,0.0,0.010322081858019846,1.0
177.0,cex,0.19767220731226767,0.08685422477946274,0.4393851111413805
177.0,abs,0.46710495961183923,0.4397804370194356,0.9415023924920213
177.0,inel,0.335222833075893,0.4630112120644143,1.3812042807942935
177.0,pipro,0.0,0.01035412613668732,1.0
177.5,cex,0.20009935860525235,0.08692089858390144,0.4343886916468101
177.5,abs,0.4655366084233136,0.439697100453219,0.9444952179859534
177.5,inel,0.33436403297143413,0.46299573280172024,1.38470555187159
177.5,pipro,0.0,0.010386268161159187,1.0
178.0,cex,0.20251697729830523,0.08698760902025261,0.42953242824734067
178.0,abs,0.4639744169103202,0.4396137061450642,0.9474955732958772
178.0,inel,0.3335086057913746,0.4629801766141602,1.3882105845981563
178.0,pipro,0.0,0.01041850822052313,1.0
178.5,cex,0.20492511944007388,0.08705435606418983,0.4248105664256894
178.5,abs,0.46241834885593147,0.43953025398177,0.9505034890358722
178.5,inel,0.33265653170399456,0.46296454334936815,1.3917193838878974
178.5,pipro,0.0,0.010450846604672081,1.0
179.0,cex,0.20732384064066797,0.08712113969120151,0.42021766248387793
179.0,abs,0.4608683683265895,0.43944674384987475,0.9535189959890358
179.0,inel,0.33180779103274255,0.4629488328546175,1.39523195466177
179.0,pipro,0.0,0.010483283604306254,1.0
179.5,cex,0.2097131960759394,0.08718795987658964,0.41574856283730444
179.5,abs,0.4593244396693403,0.43936317563565386,0.956542125108657
179.5,inel,0.33096236425472025,0.4629330449768216,1.3987483018477957
179.5,pipro,0.0,0.010515819510935023,1.0
180.0,cex,0.21209324049171377,0.08725481659546973,0.41139838494229936
180.0,abs,0.45778652750910026,0.4392795492251197,0.9595729075194056
180.0,inel,0.33012023199918605,0.4629171795625317,1.402268430381065
180.0,pipro,0.0,0.010548454616878962,1.0
180.5,cex,0.2144640282079706,0.08732170982276964,0.40716249970877083
180.5,abs,0.45625459674595387,0.43919586450402215,0.9626113745185341
180.5,inel,0.3292813750460755,0.46290123645793657,1.4057923452037455
180.5,pipro,0.0,0.01058118921527174,1.0
181.0,cex,0.21682561312297685,0.08738863953322944,0.4030365152647592
181.0,abs,0.45472861255248415,0.43911212135784716,0.9656575575770822
181.0,inel,0.3284457743245391,0.4628852155088613,1.409320051265089
181.0,pipro,0.0,0.01061402360006216,1.0
181.5,cex,0.21917804871737068,0.08745560570140022,0.3990162619531937
181.5,abs,0.45320854037113245,0.43902831967181566,0.9687114883410965
181.5,inel,0.3276134109114969,0.4628691165607679,1.4128515535214448
181.5,pipro,0.0,0.010646958066016093,1.0
182.0,cex,0.22152138805819935,0.08752260830164406,0.39509777845311095
182.0,abs,0.4516943459115904,0.43894445933088466,0.971773198632862
182.0,inel,0.3267842660302102,0.4628529394587528,1.416386856936262
182.0,pipro,0.0,0.010679992908718473,1.0
182.5,cex,0.22385568380290888,0.08758964730813235,0.3912772989282221
182.5,abs,0.45018599514822133,0.4388605402197455,0.9748427204521389
182.5,inel,0.3259583210488698,0.4628366840475469,1.4199259664800992
182.5,pipro,0.0,0.010713128424575247,1.0
183.0,cex,0.2261809882032889,0.08765672269484628,0.38755124111519673
183.0,abs,0.4486834543175113,0.4387765622228242,0.977920085977415
183.0,inel,0.3251355574791998,0.462820350171514,1.4234688871306316
183.0,pipro,0.0,0.01074636491081541,1.0
183.5,cex,0.2284973531093712,0.08772383443557542,0.38391619527245047
183.5,abs,0.44718668991555016,0.4386925252242788,0.9810053275671612
183.5,inel,0.3243159569750787,0.46280393767465283,1.4270156238726666
183.5,pipro,0.0,0.010779702665492937,1.0
184.0,cex,0.2308048299732836,0.08779098250391737,0.380368913917787
184.0,abs,0.4456956686955411,0.4386084291080023,0.9840984777611106
184.0,inel,0.32349950133117533,0.46278744640059144,1.4305661816981388
184.0,pipro,0.0,0.01081314198748881,1.0
184.5,cex,0.23310346985305982,0.08785816687327687,0.37690630228996397
184.5,abs,0.44421035766533884,0.4385242737576194,0.9871995692815356
184.5,inel,0.32268617248160125,0.4627708761925908,1.4341205656061287
184.5,pipro,0.0,0.01084668317651299,1.0
185.0,cex,0.23539332341640543,0.0879253875168653,0.3735254094753031
185.0,abs,0.4427307240850165,0.4384400590564868,0.9903086350345413
185.0,inel,0.321875952498578,0.4627542268935414,1.4376787806028652
185.0,pipro,0.0,0.010880326533106423,1.0
185.5,cex,0.23767444094442036,0.08799264440769988,0.3702234201458657
185.5,abs,0.44125673546445976,0.4383557848876937,0.993425708111373
185.5,inel,0.3210688235911199,0.46273749834596334,1.4412408317017353
185.5,pipro,0.0,0.010914072358643022,1.0
186.0,cex,0.2399468723352797,0.0880599375186031,0.3669976468605777
186.0,abs,0.43978835956098866,0.43827145113405863,0.9965508217897258
186.0,inel,0.32026476810373156,0.46272069039200664,1.4448067239232965
186.0,pipro,0.0,0.0109479209553317,1.0
186.5,cex,0.2422106671078717,0.0881394575577909,0.36389585401099134
186.5,abs,0.438325564377007,0.4381109728038827,0.9995104287986732
186.5,inel,0.31946376851512137,0.462767809167075,1.4485768177031022
186.5,pipro,0.0,0.010981760471251377,1.0
187.0,cex,0.24311282089879033,0.08822763817934451,0.36290820802114065
187.0,abs,0.4382423207801923,0.437896748618639,0.9992114587177748
187.0,inel,0.31864485832101735,0.46285999118177634,1.4525889217878736
187.0,pipro,0.0,0.011015622020240104,1.0
187.5,cex,0.24333743463813054,0.08831587913751031,0.36293585189161587
187.5,abs,0.43884811843723454,0.4376824909875758,0.9973438932498796
187.5,inel,0.317814446924635,0.4629520453846242,1.4566740117210797
187.5,pipro,0.0,0.011049584490289721,1.0
188.0,cex,0.24356254703735392,0.08840418040485043,0.362962949271886
188.0,abs,0.43945526101195526,0.4374681999038117,0.9954783540341107
188.0,inel,0.31698219195069083,0.46304397152428206,1.460788597222876
188.0,pipro,0.0,0.011083648167055806,1.0
188.5,cex,0.24378815975890117,0.08849254195367516,0.36298949892066745
188.5,abs,0.44006375298806377,0.4372538753603809,0.9936148396485655
188.5,inel,0.3161480872530351,0.46313576934901135,1.4649330108973009
188.5,pipro,0.0,0.011117813336932503,1.0
189.0,cex,0.24401427447261084,0.0886036832523387,0.3631086068380148
189.0,abs,0.44067359886922175,0.437181580943859,0.9920757269454686
189.0,inel,0.31531212665816744,0.46305903043357133,1.468573490468946
189.0,pipro,0.0,0.011155705370230919,1.0
189.5,cex,0.2442408928557607,0.08874715138810628,0.3633591015429056
189.5,abs,0.44128480317915453,0.437310358987522,0.9909934714202724
189.5,inel,0.31447430396508474,0.46274361421217103,1.4714830699284995
189.5,pipro,0.0,0.011198875412200751,1.0
190.0,cex,0.244468016593109,0.08889079385948336,0.36360909332132646
190.0,abs,0.44189737046176353,0.4374388896909418,0.9899105967384173
190.0,inel,0.31363461294512757,0.4624281112687119,1.4744167007791857
190.0,pipro,0.0,0.011242205180862793,1.0
190.5,cex,0.2446956473769363,0.08903461068223889,0.36385857957288215
190.5,abs,0.4425113052812378,0.43756717242599324,0.9888271038587313
190.5,inel,0.31279304734182584,0.4621125216641744,1.4773746590318855
190.5,pipro,0.0,0.0112856952275934,1.0
191.0,cex,0.24492378690708774,0.08917860187127055,0.3641075576914079
191.0,abs,0.44312661222216854,0.4376952065636657,0.9877429937433327
191.0,inel,0.31194960087074375,0.4617968454596137,1.4803572249190315
191.0,pipro,0.0,0.011329346105449974,1.0
191.5,cex,0.24515243689101485,0.08932276744060125,0.36435602506497067
191.5,abs,0.44374329588966227,0.43782299147406334,0.9866582673576413
191.5,inel,0.3111042672193229,0.4614810827161607,1.4833646829756433
191.5,pipro,0.0,0.011373158369174765,1.0
192.0,cex,0.24538159904381868,0.0894671074033754,0.3646039790758676
192.0,abs,0.4443613609094563,0.43795052652640437,0.9855729256703797
192.0,inel,0.31025704004672505,0.46116523349502164,1.4863973221222302
192.0,pipro,0.0,0.011417132575198689,1.0
192.5,cex,0.2456112750882923,0.08961162177185425,0.3648514171006224
192.5,abs,0.444980811928034,0.4380778110890209,0.9844869696535824
192.5,inel,0.3094079129836737,0.46084929785747974,1.4894554357496248
192.5,pipro,0.0,0.011461269281645094,1.0
193.0,cex,0.24584146675496416,0.08975631055741269,0.365098336509987
193.0,abs,0.4456016536127416,0.43820484452935826,0.9834004002825992
193.0,inel,0.30855687963229417,0.4605332758648955,1.4925393218057912
193.0,pipro,0.0,0.011505569048333657,1.0
193.5,cex,0.24607217578214155,0.08990117377053491,0.3653447346689386
193.5,abs,0.4462238906519054,0.4383316262139757,0.982313218536104
193.5,inel,0.3077039335659531,0.46021716757870523,1.4956492828846548
193.5,pipro,0.0,0.01155003243678409,1.0
194.0,cex,0.24630340391595423,0.09004621142081022,0.36559060893667783
194.0,abs,0.4468475277549491,0.4384581555085438,0.981225425396096
194.0,inel,0.3068490683290967,0.4599009730604261,1.4987856263170423
194.0,pipro,0.0,0.011594660010220003,1.0
194.5,cex,0.24653515291039854,0.0901914235169296,0.36583595666663016
194.5,abs,0.44747256965251364,0.43858443177784623,0.9801370218479101
194.5,inel,0.3059922774370878,0.4595846923716514,1.5019486642637323
194.5,pipro,0.0,0.011639452333572688,1.0
195.0,cex,0.24676742452738193,0.09033681006668147,0.36608077520644333
195.0,abs,0.4480990210965762,0.4387104543857791,0.9790480088802211
195.0,inel,0.30513355437604184,0.45926832557405456,1.5051387138107382
195.0,pipro,0.0,0.01168440997348496,1.0
195.5,cex,0.24700022053676732,0.09048237107694755,0.3663250618979863
195.5,abs,0.4487268868605705,0.43883622269535,0.97795838748505
195.5,inel,0.3042728926026621,0.45895187272938753,1.5083560970668346
195.5,pipro,0.0,0.01172953349831491,1.0
196.0,cex,0.24723354271641831,0.09062810655369902,0.3665688140773488
196.0,abs,0.4493561717395086,0.43896173606867717,0.9768681586577672
196.0,inel,0.3034102855440731,0.458635333899484,1.5116011412634298
196.0,pipro,0.0,0.011774823478139702,1.0
196.5,cex,0.24746739285224414,0.09077401650199227,0.3668120290748401
196.5,abs,0.44998688055010244,0.4390869938669911,0.9757773233971035
196.5,inel,0.30254572659765333,0.4583187091462571,1.5148741788568103
196.5,pipro,0.0,0.011820280484759492,1.0
197.0,cex,0.24770177273824562,0.09092010092596522,0.3670547042149892
197.0,abs,0.4506190181308871,0.43921199545063283,0.9746858827051526
197.0,inel,0.3016792091308672,0.45800199853170087,1.518175547632855
197.0,pipro,0.0,0.011865905091701047,1.0
197.5,cex,0.24793668417656073,0.09106635982883288,0.36729683681654257
197.5,abs,0.4512525893423443,0.43933674017905333,0.9735938375873762
197.5,inel,0.300810726481095,0.45768520211789204,1.5215055908142825
197.5,pipro,0.0,0.011911697874221723,1.0
198.0,cex,0.24817212897751084,0.09121279321288356,0.3675384241924652
198.0,abs,0.4518875990670269,0.43946122741081534,0.9725011890526157
198.0,inel,0.29994027195546225,0.45736831996698796,1.524864657170485
198.0,pipro,0.0,0.011957659409313157,1.0
198.5,cex,0.24840810895964743,0.09135940107947475,0.3677794636499391
198.5,abs,0.4525240522096848,0.43958545650358943,0.9714079381130883
198.5,inel,0.2990678388306678,0.45705135214123066,1.5282531011300522
198.5,pipro,0.0,0.012003790275705091,1.0
199.0,cex,0.24864462594979866,0.09150618342902893,0.3680199524903628
199.0,abs,0.4531619536973906,0.43970942681415753,0.970314085784403
199.0,inel,0.29819342035281077,0.45673429870294424,1.5316712828960282
199.0,pipro,0.0,0.012050091053869193,1.0
199.5,cex,0.2488816817831166,0.09165314026102948,0.3682598880093511
199.5,abs,0.45380130847966726,0.43983313769841076,0.9692196330855614
199.5,inel,0.29731700973721625,0.45641715971453706,1.5351195685640102
199.5,pipro,0.0,0.012096562326022823,1.0
200.0,cex,0.2491192783031247,0.09180027157401673,0.36849926749673506
200.0,abs,0.45444212152861563,0.43995658851134906,0.9681245810389641
200.0,inel,0.2964386001682597,0.45609993523850134,1.5385983302431507
200.0,pipro,0.0,0.012143204676132882,1.0
200.5,cex,0.24935741736176564,0.0919094239269436,0.36858508120334826
200.5,abs,0.4550843978390438,0.4398787809729497,0.9665872595538375
200.5,inel,0.2955581847991905,0.45603416420413917,1.5429590099627253
200.5,pipro,0.0,0.012177630895967625,1.0
201.0,cex,0.24959610081944936,0.09201868300171825,0.36867035462337583
201.0,abs,0.4557281424285968,0.4398008769685318,0.9650509503863688
201.0,inel,0.29467575675195384,0.4559682883756588,1.5473559596539002
201.0,pipro,0.0,0.012212151654091199,1.0
201.5,cex,0.24983533054510146,0.09212804883106825,0.368755086120363
201.5,abs,0.4563733603378868,0.4397228763664544,0.9635156531505152
201.5,inel,0.29379130911701173,0.4559023076065375,1.551789632500531
201.5,pipro,0.0,0.012246767195939805,1.0
202.0,cex,0.25014347787752345,0.09223752144746789,0.3687384625420044
202.0,abs,0.45679962633177873,0.43964477903493165,0.9624455750224556
202.0,inel,0.29305689579069777,0.45583622175008043,1.5554529796003853
202.0,pipro,0.0,0.012281477767519977,1.0
202.5,cex,0.25074243095744425,0.0923471008831365,0.36829467007444605
202.5,abs,0.4562896519426828,0.43956658484203043,0.9633498874465971
202.5,inel,0.292967917099873,0.45577003065942356,1.555699460784476
202.5,pipro,0.0,0.012316283615409578,1.0
203.0,cex,0.25134140622884177,0.09245678717003823,0.3678533853903006
203.0,abs,0.4557796586588099,0.43948829365567105,0.9642560507174052
203.0,inel,0.29287893511234836,0.4557037341875319,1.5559457494364488
203.0,pipro,0.0,0.012351184986758794,1.0
203.5,cex,0.25194040369294934,0.09256658033988013,0.367414590843853
203.5,abs,0.45526964647911006,0.4394099053436278,0.9651640708794541
203.5,inel,0.29278994982794054,0.4556373321872009,1.5561918448872936
203.5,pipro,0.0,0.012386182129291113,1.0
204.0,cex,0.2525394233510005,0.09267648042411154,0.3669782689544752
204.0,abs,0.45475961540253307,0.43933141977352935,0.9660739540045847
204.0,inel,0.29270096124646644,0.45557082451105474,1.5564377464665895
204.0,pipro,0.0,0.012421275291304395,1.0
204.5,cex,0.25313846520422856,0.09278648745392282,0.3665444024046839
204.5,abs,0.45424956542802863,0.4392528368128567,0.9669857061920557
204.5,inel,0.29261196936774275,0.4555042110115487,1.556683453502511
204.5,pipro,0.0,0.012456464721671777,1.0
205.0,cex,0.2537375292538673,0.09289660146024452,0.3661129740382252
205.0,abs,0.4537394965545465,0.43917415632894613,0.9678993335687069
205.0,inel,0.29252297419158624,0.4554374915409667,1.5569289653218161
205.0,pipro,0.0,0.01249175066984273,1.0
205.5,cex,0.2543366155011503,0.0930068224737459,0.36568396685818627
205.5,abs,0.45322940878103607,0.4390953781889871,0.9688148422891123
205.5,inel,0.2924339757178136,0.45537066595142284,1.5571742812498512
205.5,pipro,0.0,0.012527133385844085,1.0
206.0,cex,0.2549357239473114,0.09311715052483424,0.3652573640251342
206.0,abs,0.452719302106447,0.43901650226002287,0.9697322385357401
206.0,inel,0.29234497394624154,0.4553037340948619,1.5574194006105484
206.0,pipro,0.0,0.01256261312028096,1.0
206.5,cex,0.2555348545935845,0.09322758564365335,0.3648331488552793
206.5,abs,0.4522091765297287,0.43893752840895095,0.9706515285191138
206.5,inel,0.29225596887668676,0.4552366958230578,1.5576643227264195
206.5,pipro,0.0,0.012598190124337823,1.0
207.0,cex,0.25613400744120346,0.09333812786008273,0.3644113048186655
207.0,abs,0.45169903204983053,0.43885845650252353,0.9715727184779744
207.0,inel,0.292166960508966,0.4551695509876142,1.5579090469185546
207.0,pipro,0.0,0.012633864649779464,1.0
207.5,cex,0.2567331824914025,0.09344877720373637,0.363991815537385
207.5,abs,0.4511888686657017,0.43877928640734587,0.9724958146794388
207.5,inel,0.2920779488428959,0.45510229943996583,1.5581535725066262
207.5,pipro,0.0,0.012669636948951972,1.0
208.0,cex,0.2573323797454156,0.09355953370396164,0.363574664783818
208.0,abs,0.4506786863762913,0.43870001798987834,0.9734208234191677
208.0,inel,0.29198893387829306,0.45503494103137626,1.5583978988088778
208.0,pipro,0.0,0.012705507274783806,1.0
208.5,cex,0.2579315992044771,0.09367039738983829,0.36315983647889694
208.5,abs,0.4501684851805487,0.43862065111643506,0.9743477510215266
208.5,inel,0.2918999156149742,0.45496747561293993,1.558642025142129
208.5,pipro,0.0,0.012741475880786727,1.0
209.0,cex,0.25853084086982137,0.09378136829017715,0.36274731469039356
209.0,abs,0.4496582650774227,0.43854118565318456,0.9752766038397538
209.0,inel,0.29181089405275595,0.45489990303558153,1.558885950821771
209.0,pipro,0.0,0.012777543021056829,1.0
209.5,cex,0.2591301047426828,0.09389244643351934,0.3623370836312319
209.5,abs,0.44914802606586235,0.43846162146615036,0.9762073882561271
209.5,inel,0.2917218691914549,0.4548322231500548,1.559129675161761
209.5,pipro,0.0,0.012813708950275548,1.0
210.0,cex,0.25972939082429586,0.09400363184813461,0.3619291276578208
210.0,abs,0.44863776814481654,0.43838195842120947,0.9771401106821292
210.0,inel,0.2916328410308876,0.45476443580694526,1.5593731974746285
210.0,pipro,0.0,0.012849973923710619,1.0
210.5,cex,0.2603286991158952,0.09411492456202082,0.36152343126841346
210.5,abs,0.44812749131323404,0.4383021963840941,0.9780747775586207
210.5,inel,0.2915438095708707,0.4546965408566679,1.559616517071465
210.5,pipro,0.0,0.012886338197217144,1.0
211.0,cex,0.2609280296187155,0.0942263246029024,0.3611199791014858
211.0,abs,0.44761719557006363,0.4382223352203913,0.9790113953560083
211.0,inel,0.2914547748112208,0.45462853814946774,1.5598596332619248
211.0,pipro,0.0,0.012922802027238509,1.0
211.5,cex,0.2615273823339916,0.0943530981493276,0.3607771289846471
211.5,abs,0.4471068809142539,0.4380514525937017,0.9797466138252325
211.5,inel,0.2913657367517545,0.4546339864462324,1.5603550078147435
211.5,pipro,0.0,0.012961462810738256,1.0
212.0,cex,0.26212675726295825,0.09449079488282519,0.3604774875692475
212.0,abs,0.4465965473447535,0.43781630972350705,0.9803396652449521
212.0,inel,0.29127669539228823,0.4546911766024081,1.561028341076292
212.0,pipro,0.0,0.01300171879125972,1.0
212.5,cex,0.26272615440685065,0.09462864909569003,0.36017978228825537
212.5,abs,0.4460861948605108,0.437581092053107,0.9809339475074692
212.5,inel,0.2911876507326386,0.4547481650430528,1.5617014110965561
212.5,pipro,0.0,0.013042093808150149,1.0
213.0,cex,0.2633255737669037,0.09476666083272421,0.3598840001640397
213.0,abs,0.4455758234604742,0.43734579957017483,0.9815294648924563
213.0,inel,0.29109860277262206,0.4548049514112285,1.5623742164316672
213.0,pipro,0.0,0.013082588185872518,1.0
213.5,cex,0.26392501534435264,0.09490483013822489,0.3595901283339856
213.5,abs,0.4450654331435922,0.43711043226247565,0.9821262216997427
213.5,inel,0.29100955151205526,0.45486153534965523,1.5630467556347967
213.5,pipro,0.0,0.013123202249644146,1.0
214.0,cex,0.26452447914043264,0.09506663673117541,0.359386915872938
214.0,abs,0.4445550239088128,0.4369619542395155,0.9829198428519957
214.0,inel,0.2909204969507545,0.45480285533759957,1.5633235200151132
214.0,pipro,0.0,0.013168553691709424,1.0
214.5,cex,0.26512396515637915,0.09526198763701824,0.35931111539022687
214.5,abs,0.4440445957550845,0.43693643340984295,0.9839922331828984
214.5,inel,0.2908314390885364,0.45458095891426636,1.563039265420959
214.5,pipro,0.0,0.013220620038872455,1.0
215.0,cex,0.26572347339342745,0.09545767151949446,0.3592368799807189
215.0,abs,0.4435341486813551,0.4369106007890796,0.9850664308216909
215.0,inel,0.29074237792521745,0.45435884496057805,1.562754106239871
215.0,pipro,0.0,0.013272882730847839,1.0
215.5,cex,0.2663230038528132,0.09565368863012849,0.3591642000365568
215.5,abs,0.4430236826865728,0.4368844557405174,0.9861424407182342
215.5,inel,0.29065331346061396,0.4541365131817531,1.5624680406173745
215.5,pipro,0.0,0.013325342447601023,1.0
216.0,cex,0.26692255653577196,0.09585003921898627,0.35909306602996216
216.0,abs,0.44251319776968545,0.43685799762680555,0.9872202678442525
216.0,inel,0.29056424569454253,0.4539139632831432,1.5621810666971154
216.0,pipro,0.0,0.013377999871064972,1.0
216.5,cex,0.2675221314435395,0.09604672353466502,0.35902346851230765
216.5,abs,0.442002693929641,0.43683122580995315,0.9882999171934662
216.5,inel,0.2904751746268195,0.4536911949702386,1.5618931826208786
216.5,pipro,0.0,0.01343085568514333,1.0
217.0,cex,0.2681217285773515,0.09624374182428312,0.3589553981132021
217.0,abs,0.44149217116538714,0.43680413965133336,0.9893813937817312
217.0,inel,0.2903861002572613,0.45346820794867004,1.5616043865285896
217.0,pipro,0.0,0.013483910575713522,1.0
217.5,cex,0.26872134793844393,0.09644109433347052,0.3588888455395896
217.5,abs,0.4409816294758718,0.4367767385116844,0.9904647026471713
217.5,inel,0.2902970225856843,0.45324500192421524,1.5613146765583346
217.5,pipro,0.0,0.013537165230629939,1.0
218.0,cex,0.2693209895280528,0.09663878130635799,0.3588238015748564
218.0,abs,0.4404710688600422,0.4367490217511161,0.9915498488503253
218.0,inel,0.29020794161190494,0.4530215766027991,1.5610240508463578
218.0,pipro,0.0,0.013590620339726956,1.0
218.5,cex,0.26992065334741405,0.0968368029855674,0.3587602570779534
218.5,abs,0.4399604893168463,0.43672098872910914,0.9926368374742757
218.5,inel,0.2901188573357396,0.45279793169050137,1.5607325075270844
218.5,pipro,0.0,0.013644276594822136,1.0
219.0,cex,0.27052033939776404,0.09703515961220133,0.35869820298252725
219.0,abs,0.43944989084523134,0.43669263880452286,0.9937256736248011
219.0,inel,0.2900297697570046,0.4525740668935565,1.560440044733119
219.0,pipro,0.0,0.013698134689719232,1.0
219.5,cex,0.2711200476803389,0.09723385142583305,0.3586376302960655
219.5,abs,0.4389392734441448,0.4366639713355948,0.9948163624305094
219.5,inel,0.2899406788755163,0.4523499819183609,1.5601466605952652
219.5,pipro,0.0,0.013752195320211278,1.0
220.0,cex,0.27171977819637505,0.09743287866449622,0.3585785300990506
220.0,abs,0.438428637112534,0.4366349856799464,0.9959089090429848
220.0,inel,0.28985158469109096,0.45212567647147367,1.5598523532425264
220.0,pipro,0.0,0.013806459184083682,1.0
220.5,cex,0.27231953094710887,0.09763224156467432,0.3585208935441244
220.5,abs,0.43791798184934616,0.4366056811945839,0.9970033186369275
220.5,inel,0.289762487203545,0.45190115025962463,1.5595571208021297
220.5,pipro,0.0,0.013860926981117183,1.0
221.0,cex,0.27291930593377683,0.09783194036129096,0.3584647118552677
221.0,abs,0.4374073076535284,0.43657605723590504,0.9980995964103054
221.0,inel,0.2896733864126947,0.4516764029897131,1.5592609613995205
221.0,pipro,0.0,0.013915599413090977,1.0
221.5,cex,0.27351910315761574,0.09803197528769875,0.35840997632698324
221.5,abs,0.436896614524028,0.43654611315969943,0.9991977475844934
221.5,inel,0.2895842823183563,0.45145143436881624,1.558963873158386
221.5,pipro,0.0,0.013970477183785631,1.0
222.0,cex,0.27411892261986215,0.0982323465756697,0.3583566783234977
222.0,abs,0.4363859024597917,0.4365158483211536,1.0002977774044244
222.0,inel,0.2894951749203462,0.45122624410419054,1.5586658542006588
222.0,pipro,0.0,0.01402556099898616,1.0
222.5,cex,0.2747187643217529,0.09843305445538426,0.3583048092779664
222.5,abs,0.43587517145976656,0.43648526207485433,1.001399691138737
222.5,inel,0.2894060642184805,0.45100083190327644,1.558366902646531
222.5,pipro,0.0,0.01408085156648495,1.0
223.0,cex,0.275318628264525,0.09863409915542094,0.35825436069169175
223.0,abs,0.43536442152289945,0.43645435377479214,1.0025034940799253
223.0,inel,0.28931695021257553,0.4507751974737022,1.5580670166144615
223.0,pipro,0.0,0.014136349596084742,1.0
223.5,cex,0.27591851444941534,0.09883548090274619,0.35820532413335343
223.5,abs,0.43485365264813713,0.4364231227743639,1.0036091915444867
223.5,inel,0.2892278329024476,0.45054934052328827,1.5577661942211907
223.5,pipro,0.0,0.014192055799601599,1.0
224.0,cex,0.276518422877661,0.09903719992270332,0.3581576912382434
224.0,abs,0.43434286483442625,0.43639156842637783,1.0047167888730775
224.0,inel,0.2891387122879127,0.45032326076005097,1.5574644335817514
224.0,pipro,0.0,0.014247970890867786,1.0
224.5,cex,0.2771183535504992,0.09923925643900254,0.3581114537075156
224.5,abs,0.43383205808071346,0.43635969008305653,1.0058262914306642
224.5,inel,0.28904958836878736,0.4500969578922061,1.557161732809474
224.5,pipro,0.0,0.01430409558573475,1.0
225.0,cex,0.2777183064691672,0.09944165067370987,0.35806660330744194
225.0,abs,0.4333212323859453,0.43632748709604013,1.0069377046066768
225.0,inel,0.2889604611448875,0.4498704316281739,1.5568580900160063
225.0,pipro,0.0,0.014360430602075973,1.0
225.5,cex,0.2783182816349023,0.09962444071043225,0.35795147959816564
225.5,abs,0.4328103877490682,0.43635378038804523,1.00818693991474
225.5,inel,0.2888713306160295,0.44961135656365314,1.5564416018884228
225.5,pipro,0.0,0.014410422337869277,1.0
226.0,cex,0.278918279048942,0.09980750079111102,0.35783779080896205
226.0,abs,0.43229952416902856,0.4363797868992015,1.0094385084924997
226.0,inel,0.2887821967820294,0.44935213375981503,1.5560243628833623
226.0,pipro,0.0,0.014460578549872526,1.0
226.5,cex,0.27951829871252387,0.0999908310561715,0.35772552822743475
226.5,abs,0.4317886416447727,0.436405506082148,1.0106924175211944
226.5,inel,0.28869305964270336,0.4490927631340191,1.5556063720057283
226.5,pipro,0.0,0.014510899727661465,1.0
227.0,cex,0.28011834062688545,0.10017443164493699,0.3576146832112226
227.0,abs,0.4312777401752469,0.43643093738911026,1.0119486742157604
227.0,inel,0.2886039191978676,0.4488332446039656,1.555187628260323
227.0,pipro,0.0,0.01456138636198719,1.0
227.5,cex,0.28071840479326465,0.1003583026956232,0.3575052471872379
227.5,abs,0.43076681975939723,0.4364560802719053,1.0132072858250452
227.5,inel,0.2885147754473382,0.44857357808769416,1.5547681306518426
227.5,pipro,0.0,0.014612038944777375,1.0
228.0,cex,0.28131849121289904,0.10054244434533183,0.3573972116509124
228.0,abs,0.43025588039616963,0.4364809341819436,1.0144682596320174
228.0,inel,0.2884256283909313,0.4483137635035871,1.5543478781848883
228.0,pipro,0.0,0.014662857969137506,1.0
228.5,cex,0.2819185998870267,0.10072685673004501,0.3572905681654538
228.5,abs,0.42974492208451043,0.43650549857023,1.0157316029539731
228.5,inel,0.28833647802846296,0.44805380077037293,1.5539268698639774
228.5,pipro,0.0,0.014713843929352063,1.0
229.0,cex,0.28251873081688555,0.10091153998461957,0.3571853083611131
229.0,abs,0.4292339448233652,0.4365297728873677,1.0169973231427558
229.0,inel,0.2882473243597492,0.447793689807127,1.553505104693547
229.0,pipro,0.0,0.01476499732088578,1.0
229.5,cex,0.28311888400371377,0.10109649424278071,0.35708142393445785
229.5,abs,0.42872294861168,0.43655375658355927,1.018265427584965
229.5,inel,0.2881581673846063,0.44753343053327527,1.553082581677964
229.5,pipro,0.0,0.014816318640384813,1.0
230.0,cex,0.2837190594487494,0.10128171963711591,0.3569789066476561
230.0,abs,0.4282119334484005,0.4365774491086115,1.0195359237021802
230.0,inel,0.2880690071028501,0.4472730228685947,1.5526592998215305
230.0,pipro,0.0,0.01486780838567788,1.0
230.5,cex,0.2843192571532309,0.10146721629906982,0.35687774832777197
230.5,abs,0.4277008993324723,0.4366008499119349,1.0208088189511713
230.5,inel,0.2879798435142968,0.4470124667332177,1.5522352581284937
230.5,pipro,0.0,0.014919467055777515,1.0
231.0,cex,0.2849194771183965,0.10165298435893734,0.3567779408660647
231.0,abs,0.4271898462628411,0.43662395844254853,1.0220841208241236
231.0,inel,0.2878906766187624,0.446751762047633,1.5518104556030534
231.0,pipro,0.0,0.014971295150881211,1.0
231.5,cex,0.2855197193454847,0.1018390239458579,0.35667947621729973
231.5,abs,0.42667877423845246,0.4366467741490814,1.0233618368488568
231.5,inel,0.2878015064160628,0.4464909087326881,1.5513848912493688
231.5,pipro,0.0,0.015023293172372538,1.0
232.0,cex,0.2861199838357341,0.10202533518781,0.3565823463990698
232.0,abs,0.4261676832582518,0.43666929647977554,1.0246419745890492
232.0,inel,0.2877123329060141,0.4462299067095922,1.5509585640715666
232.0,pipro,0.0,0.015075461622822367,1.0
232.5,cex,0.28672027059038324,0.10221191821160446,0.35648654349112036
232.5,abs,0.42565657332118445,0.43669152488248747,1.0259245416444596
232.5,inel,0.28762315608843236,0.44596875589991813,1.5505314730737498
232.5,pipro,0.0,0.015127801005989925,1.0
233.0,cex,0.28735165250030836,0.10239877314287837,0.35635352103210366
233.0,abs,0.42515187353613376,0.4367134588046929,1.0271940122770657
233.0,inel,0.2874964739635579,0.4457074562256047,1.5503058179492704
233.0,pipro,0.0,0.015180311826823988,1.0
233.5,cex,0.2880623387583901,0.10258590010608994,0.3561239575720206
233.5,abs,0.4246621274014546,0.43673509769348656,1.0284295902860647
233.5,inel,0.28727553384015525,0.44544600760895947,1.5505880422689
233.5,pipro,0.0,0.015232994591464018,1.0
234.0,cex,0.28877554613023676,0.10277329922451148,0.3558933593987944
234.0,abs,0.42417064392387993,0.4367564409955875,1.0296715419890448
234.0,inel,0.28705380994588336,0.4451844099726598,1.5508744163910868
234.0,pipro,0.0,0.01528584980724118,1.0
234.5,cex,0.2894912880549184,0.10296097062022361,0.3556617240954458
234.5,abs,0.42367741384231505,0.4367774881573402,1.0309199260735213
234.5,inel,0.2868312981027665,0.4449226632397567,1.5511649746128784
234.5,pipro,0.0,0.015338877982679541,1.0
235.0,cex,0.2902095780671936,0.10314891441410931,0.35542904924463503
235.0,abs,0.42318242782972504,0.4367982386247168,1.0321748019283785
235.0,inel,0.28660799410308135,0.44466076733367677,1.55145975158582
235.0,pipro,0.0,0.015392079627497116,1.0
235.5,cex,0.29093042979836153,0.10333713072584771,0.3551953324286798
235.5,abs,0.4226856764925469,0.4368186918433206,1.0334362296542663
235.5,inel,0.2863838937090916,0.44439872217822474,1.5517587823205043
235.5,pipro,0.0,0.015445455252606913,1.0
236.0,cex,0.29165385697712504,0.10352561967390801,0.35496057122957136
236.0,abs,0.4221871503700951,0.43683884725838984,1.034704270074186
236.0,inel,0.28615899265277994,0.444136527697584,1.5520621021911798
236.0,pipro,0.0,0.015499005370118108,1.0
236.5,cex,0.2923798734304618,0.1037002746167703,0.3546765151789214
236.5,abs,0.42168683993396133,0.43667298270636223,1.035538559312754
236.5,inel,0.28593328663557693,0.44407718295740817,1.5530796997531324
236.5,pipro,0.0,0.015549559719459361,1.0
237.0,cex,0.29310849308450526,0.10386518418477178,0.3543574704770725
237.0,abs,0.4211847355874072,0.4363759006949253,1.0360677009966461
237.0,inel,0.28570677132808747,0.44416089127073277,1.5546040060796693
237.0,pipro,0.0,0.015598023849570056,1.0
237.5,cex,0.2938397299654355,0.10403029033751306,0.3540375236178926
237.5,abs,0.42068082766475084,0.4360787455483136,1.0366023761269045
237.5,inel,0.2854794423698136,0.4442443349598092,1.556134239551756
237.5,pipro,0.0,0.015646629154364107,1.0
238.0,cex,0.29457359820037854,0.10419559310053104,0.3537166729709898
238.0,abs,0.4201751064307463,0.43578151736357323,1.0371426357582163
238.0,inel,0.2852512953688751,0.4443275135353957,1.5576704497022873
238.0,pipro,0.0,0.01569537600050014,1.0
238.5,cex,0.2953101120183168,0.10436109249854991,0.35339491690713537
238.5,abs,0.41966756207995687,0.43548421623804695,1.0376885315598365
238.5,inel,0.2850223259017262,0.4444104265080187,1.5592126865923073
238.5,pipro,0.0,0.015744264755384287,1.0
239.0,cex,0.2960492857510084,0.10452678855547869,0.35307225379827706
239.0,abs,0.4191581847361215,0.4351868422693757,1.0382401158248764
239.0,inel,0.28479252951287015,0.44449307338797484,1.560761000817922
239.0,pipro,0.0,0.01579329578717082,1.0
239.5,cex,0.2967911338339167,0.10469268129440802,0.3527486820175487
239.5,abs,0.4186469644515135,0.4348893955554975,1.0387974414797534
239.5,inel,0.28456190171456974,0.44457545368533186,1.5623154435173263
239.5,pipro,0.0,0.015842469464762653,1.0
240.0,cex,0.29753567080715027,0.10485877073760723,0.35242419993928104
240.0,abs,0.4181338912062941,0.434591876194651,1.0393605620938224
240.0,inel,0.2843304379865556,0.4446575669099298,1.5638760663779345
240.0,pipro,0.0,0.015891786157811887,1.0
240.5,cex,0.29828291131641266,0.1050250569065213,0.3520988059390126
240.5,abs,0.4176189549078567,0.4342942842853732,1.0399295318891733
240.5,inel,0.2840981337757306,0.44473941257138516,1.565442921643639
240.5,pipro,0.0,0.01594124623672032,1.0
241.0,cex,0.2990328701139628,0.10519153982176765,0.35177249839349994
241.0,abs,0.41710214539016577,0.43399661992650346,1.0405044057506208
241.0,inel,0.2838649844958715,0.44482099017908894,1.5670160621221614
241.0,pipro,0.0,0.01599085007263998,1.0
241.5,cex,0.29978556205958584,0.10535821950313343,0.351445275680729
241.5,abs,0.4165834524130876,0.4336988832171807,1.0410852392358623
241.5,inel,0.28363098552732663,0.44490229924221214,1.568595541192546
241.5,pipro,0.0,0.016040598037473677,1.0
242.0,cex,0.30054100212157464,0.10552509596957242,0.35111713617992624
242.0,abs,0.41606286566171374,0.43340107425684715,1.0416720885858402
242.0,inel,0.2833961322167117,0.44498333926970507,1.5701814128127491
242.0,pipro,0.0,0.016090490503875454,1.0
242.5,cex,0.3012992053777217,0.10569216923920165,0.35078807827156855
242.5,abs,0.41554037474567795,0.4331031931452473,1.0422650107352824
242.5,inel,0.2831604198766004,0.44506410977030003,1.5717737315273663
242.5,pipro,0.0,0.01614052784525114,1.0
243.0,cex,0.30206018701632287,0.1058594393292989,0.3504581003373954
243.0,abs,0.41501596919846406,0.43280523998242987,1.0428640633234496
243.0,inel,0.28292384378521307,0.4451446102525125,1.5733725524754725
243.0,pipro,0.0,0.01619071043575887,1.0
243.5,cex,0.30282396233719105,0.10602690625629921,0.35012720076041887
243.5,abs,0.41448963847670767,0.43250721486874705,1.0434693047050725
243.5,inel,0.28268639918610133,0.4452248402246443,1.5749779313985983
243.5,pipro,0.0,0.016241038650309524,1.0
244.0,cex,0.3035905467526816,0.10619457003579211,0.34979537792493565
244.0,abs,0.41396137195948934,0.4322091179048573,1.0440807939615044
244.0,inel,0.2824480812878291,0.4453047991947833,1.5765899246488235
244.0,pipro,0.0,0.01629151286456726,1.0
244.5,cex,0.3043599557887294,0.10636243068251837,0.3494626302165373
244.5,abs,0.41343115894762,0.4319109491917248,1.0446985909120752
244.5,inel,0.28220888526365057,0.4453844866708069,1.5782085891970101
244.5,pipro,0.0,0.016342133454949993,1.0
245.0,cex,0.3051322050858966,0.10653048821036704,0.34912895602212174
245.0,abs,0.4128989886629192,0.4316127088306195,1.045322756125658
245.0,inel,0.2819688062511842,0.4454639021603836,1.5798339826411658
245.0,pipro,0.0,0.01639290079862987,1.0
245.5,cex,0.3059073104004328,0.10669874263237249,0.3487943537299053
245.5,abs,0.412364850247484,0.43131439692312035,1.0459533509324659
245.5,inel,0.28172783935208323,0.44554304517097343,1.5814661632149378
245.5,pipro,0.0,0.016443815273533766,1.0
246.0,cex,0.3066852876053464,0.10686719396071122,0.34845882172943277
246.0,abs,0.411828732762951,0.4310160135711128,1.0465904374360542
246.0,inel,0.2814859796317025,0.44562191520983224,1.5831051897962587
246.0,pipro,0.0,0.016494877258343733,1.0
246.5,cex,0.30746615269148836,0.10703584220669848,0.34812235841158845
246.5,abs,0.4112906251897496,0.4307175588767932,1.0472340785255705
246.5,inel,0.28124322211876196,0.44570051178401077,1.5847511219161137
246.5,pipro,0.0,0.016546087132497472,1.0
247.0,cex,0.3082499217686475,0.10720468738078599,0.34778496216860977
247.0,abs,0.4107505164263471,0.43041903294266637,1.047884337888218
247.0,inel,0.2809995618050054,0.4457788344003588,1.5864040197674723
247.0,pipro,0.0,0.016597445276188776,1.0
247.5,cex,0.30903661106665875,0.10737372949255825,0.3474466313940968
247.5,abs,0.41020839528848463,0.4301204358715483,1.0485412800219758
247.5,inel,0.2807549936448566,0.4458568825655255,1.5880639442143492
247.5,pipro,0.0,0.016648952070368053,1.0
248.0,cex,0.30982623693652306,0.10754296855072937,0.3471073644830237
248.0,abs,0.4096642505084061,0.429821767766566,1.0492049702485482
248.0,inel,0.2805095125550708,0.44593465578596203,1.5897309568010258
248.0,pipro,0.0,0.01670060789674266,1.0
248.5,cex,0.31045558702346043,0.10771240456314043,0.3469494802649528
248.5,abs,0.4092256751680929,0.42952302873115883,1.0495994137091438
248.5,inel,0.28031873780844674,0.44601215356792323,1.5910893330031386
248.5,pipro,0.0,0.016752413137777453,1.0
249.0,cex,0.3110461413323223,0.107882037536756,0.3468361223664711
249.0,abs,0.4088126934206221,0.42922421886907913,1.049928795697779
249.0,inel,0.28014116524705557,0.44608937541746974,1.5923735271967794
249.0,pipro,0.0,0.01680436817669515,1.0
249.5,cex,0.31163595546706163,0.10805186747766134,0.34672464965000444
249.5,abs,0.40840022928583813,0.4289253382843927,1.0502573395574397
249.5,inel,0.2799638152471001,0.44616632084046903,1.593657096173933
249.5,pipro,0.0,0.01685647339747683,1.0
250.0,cex,0.3122250308183583,0.10822189439105914,0.346615049111866
250.0,abs,0.407988281791222,0.42862638708148,1.0505850442558031
250.0,inel,0.2797866873904197,0.44624298934259854,1.5949400362995205
250.0,pipro,0.0,0.016908729184862276,1.0
250.5,cex,0.3128133687734103,0.10838400210360284,0.34648136212526115
250.5,abs,0.40757684996668914,0.42812443502769765,1.0504140140998879
250.5,inel,0.2796097812599005,0.4464395897146741,1.5966522619596895
250.5,pipro,0.0,0.017051973154025443,1.0
251.0,cex,0.313400970715945,0.10854612135397053,0.34634902727328404
251.0,abs,0.40716593284458263,0.4276221596322629,1.0502405165500144
251.0,inel,0.2794330964394724,0.44663532502665965,1.5983622939360895
251.0,pipro,0.0,0.017196393987106914,1.0
251.5,cex,0.3139878380262298,0.10870825038310318,0.3462180289098393
251.5,abs,0.4067555294596645,0.4271195591510037,1.0500645429907023
251.5,inel,0.2792566325141057,0.44683018960553167,1.6000701060626072
251.5,pipro,0.0,0.01734200086036152,1.0
252.0,cex,0.3145739720810829,0.10887038741627175,0.346088351480681
252.0,abs,0.4063456388491094,0.4266166318270985,1.0498860847514015
252.0,inel,0.27908038906980775,0.4470241777421914,1.6017756719923986
252.0,pipro,0.0,0.017488803014438243,1.0
252.5,cex,0.31515937425388424,0.10903253066296428,0.34595997952175933
252.5,abs,0.40593626005249606,0.42611337589105663,1.049705133106245
252.5,inel,0.2789043656936197,0.4472172836912581,1.6034789651967387
252.5,pipro,0.0,0.017636809754720865,1.0
253.0,cex,0.3157440459145861,0.10919467831677089,0.34583289765758507
253.0,abs,0.40552739211180044,0.42560978956069384,1.049521679273781
253.0,inel,0.2787285619736135,0.4474095016708668,1.605179958963882
253.0,pipro,0.0,0.01778603045166855,1.0
253.5,cex,0.3163279884297238,0.10935682855526938,0.3457070905996178
253.5,abs,0.40511903407138783,0.4251058710411144,1.0493357144167277
253.5,inel,0.27855297749888835,0.4476008258624599,1.6068786263979038
253.5,pipro,0.0,0.017936474541156287,1.0
254.0,cex,0.3169112031624265,0.10951897953990947,0.34558254314467296
254.0,abs,0.4047111849780057,0.42460161852468936,1.0491472296417126
254.0,inel,0.2783776118595679,0.447791250410586,1.6085749404175562
254.0,pipro,0.0,0.01808815152481526,1.0
254.5,cex,0.31749369147242734,0.1096811294158973,0.3454592401733517
254.5,abs,0.40430384388077606,0.4240970301910385,1.0489562159990227
254.5,inel,0.27820246464679654,0.4479807694226914,1.6102688737551045
254.5,pipro,0.0,0.018241070970372822,1.0
255.0,cex,0.3180754547160747,0.1098432763120786,0.34533716664848774
255.0,abs,0.40389700983118837,0.42359210420701254,1.0487626644823538
255.0,inel,0.2780275354527369,0.44816937696891657,1.6119603989551705
255.0,pipro,0.0,0.01839524251199232,1.0
255.5,cex,0.31865649424634224,0.11000541834082182,0.34521630761361627
255.5,abs,0.40349068188309173,0.4230868387266745,1.0485665660285572
255.5,inel,0.27785282387056603,0.4483570670818908,1.613649488373571
255.5,pipro,0.0,0.018550675850612736,1.0
256.0,cex,0.3192368114128394,0.11016755359790087,0.3450966481914624
256.0,abs,0.403084859092688,0.42258123189128544,1.0483679115173967
256.0,inel,0.27767832949447263,0.4485438337565259,1.6153361141761495
256.0,pipro,0.0,0.018707380754287743,1.0
256.5,cex,0.319816407561822,0.11032968016237707,0.3449781735824477
256.5,abs,0.40267954051852417,0.422075281829286,1.0481666917712935
256.5,inel,0.27750405191965377,0.4487296709498125,1.6170202483376133
256.5,pipro,0.0,0.01886536705852458,1.0
257.0,cex,0.3203952840362029,0.11049179609648009,0.3448608690632136
257.0,abs,0.4022747252214853,0.4215689866562843,1.0479628975550874
257.0,inel,0.27732999074231185,0.44891457258061335,1.6187018626403578
257.0,pipro,0.0,0.019024644666622324,1.0
257.5,cex,0.3209734421755617,0.11065389944548998,0.3447447199851694
257.5,abs,0.4018704122647871,0.4210623444750416,1.047756519575791
257.5,inel,0.2771561455596513,0.4490985325294586,1.6203809286732946
257.5,pipro,0.0,0.01918522355000991,1.0
258.0,cex,0.32155088331615556,0.11081598823761699,0.34462971177305207
258.0,abs,0.40146660071396867,0.4205553533754579,1.047547548482344
258.0,inel,0.2769825159698757,0.4492815446383417,1.62205741783068
258.0,pipro,0.0,0.01934711374858332,1.0
258.5,cex,0.32212760879092955,0.1109780604838818,0.3445158299235067
258.5,abs,0.4010632896368857,0.42004801143456255,1.0473359748653766
258.5,inel,0.2768091015721847,0.4494636027105132,1.6237313013109314
258.5,pipro,0.0,0.019510325371042483,1.0
259.0,cex,0.3227036199295266,0.11114011417799495,0.3444030600036845
259.0,abs,0.4006604781037028,0.4195403167165013,1.0471217892569675
259.0,inel,0.27663590196677057,0.4496447005102764,1.6254025501154494
259.0,pipro,0.0,0.019674868595227255,1.0
259.5,cex,0.323278918058298,0.11130214729623623,0.3442913876498582
259.5,abs,0.4002581651868865,0.4190322672725286,1.0469049821304113
259.5,inel,0.27646291675481555,0.44982483176278204,1.6270711350474343
259.5,pipro,0.0,0.019840753668453025,1.0
260.0,cex,0.32385350450031325,0.11146415779733279,0.34418079856605344
260.0,abs,0.39985634996119823,0.41852386114099566,1.0466855438999754
260.0,inel,0.27629014553848846,0.4500039901538262,1.6287370267107069
260.0,pipro,0.0,0.020007990907845313,1.0
260.5,cex,0.3244273805753706,0.11162614362233793,0.34407127852269875
260.5,abs,0.3994550315036874,0.418015096347346,1.0464634649206748
260.5,inel,0.276117587920942,0.4501821693296423,1.630400195508511
260.5,pipro,0.0,0.02017659070067376,1.0
261.0,cex,0.32500054760000685,0.11178810269450787,0.343962813355289
261.0,abs,0.39905420889368376,0.41750597090410596,1.0462387354880351
261.0,inel,0.27594524350630933,0.4503593628967009,1.6320606116423373
261.0,pipro,0.0,0.020346563504685156,1.0
261.5,cex,0.32557300688750757,0.11195003291917999,0.3438553889630694
261.5,abs,0.398653881212791,0.4169964828108799,1.046011345837865
261.5,inel,0.2757731118997014,0.45053556442150433,1.633718245110727
261.5,pipro,0.0,0.020517919848435682,1.0
262.0,cex,0.32614475974791707,0.11211193218364895,0.3437489913077316
262.0,abs,0.3982540475448793,0.4164866300543468,1.0457812861460318
262.0,inel,0.2756011927072037,0.45071076743038213,1.6353730657080767
262.0,pipro,0.0,0.020690670331622064,1.0
262.5,cex,0.3267158074880483,0.11227379835704296,0.3436436064121265
262.5,abs,0.39785470697607855,0.4159764106082539,1.0455485465282304
262.5,inel,0.27542948553587315,0.4508849654092913,1.6370250430234567
262.5,pipro,0.0,0.02086482562541185,1.0
263.0,cex,0.3272861514114932,0.1124356292902003,0.3435392203589948
263.0,abs,0.3974558585947713,0.41546582243341734,1.0453131170397674
263.0,inel,0.27525798999373546,0.45105815180360986,1.638674146439402
263.0,pipro,0.0,0.02104039647277253,1.0
263.5,cex,0.327855792818632,0.11259742281554379,0.34343581928970845
263.5,abs,0.39705750149158586,0.41495486347771865,1.0450749876753356
263.5,inel,0.27508670568978216,0.45123032001793817,1.6403203451307269
263.5,pipro,0.0,0.02121739368879952,1.0
264.0,cex,0.32842473300664354,0.11275816836104395,0.34333031903161515
264.0,abs,0.3966596347593895,0.4145013321854442,1.0449798665217784
264.0,inel,0.274915632233967,0.45135752533100554,1.641803784176513
264.0,pipro,0.0,0.021382974122506292,1.0
264.5,cex,0.32899297326951527,0.1129175054479941,0.3432216327474284
264.5,abs,0.3962622574932812,0.4141293443912498,1.0450890453483865
264.5,inel,0.2747447692372036,0.4514216816342713,1.6430583296911905
264.5,pipro,0.0,0.021531468526484656,1.0
265.0,cex,0.32956051489805244,0.11307688684451538,0.34311418307953256
265.0,abs,0.3958653687905852,0.4137570286965466,1.0451963251057361
265.0,inel,0.2745741163113623,0.4514851249817938,1.6443105819552832
265.0,pipro,0.0,0.021680959477144258,1.0
265.5,cex,0.3301273591798884,0.11323631129068293,0.34300795781357757
265.5,abs,0.39546896775084417,0.4133843836210926,1.0453016983156453
265.5,inel,0.27440367306926744,0.4515478518312486,1.6455605232269062
265.5,pipro,0.0,0.02183145325697585,1.0
266.0,cex,0.3306935073994942,0.11339577751631935,0.34290294480844347
266.0,abs,0.3950730534758118,0.4130114076779671,1.0454051574622354
266.0,inel,0.27423343912469395,0.451609858622656,1.6468081356676163
266.0,pipro,0.0,0.021982956183057623,1.0
266.5,cex,0.33125896083818823,0.11355528424093281,0.34279913199510925
266.5,abs,0.39467762506944687,0.4126380993735689,1.0455066949917966
266.5,inel,0.2740634140923649,0.45167114177831863,1.648053401341984
266.5,pipro,0.0,0.02213547460717967,1.0
267.0,cex,0.3318237207741459,0.11371483017365622,0.34269650737554
267.0,abs,0.39428268163790575,0.41226445720761595,1.0456063033126675
267.0,inel,0.2738935975879483,0.4517316977027594,1.6492963022171652
267.0,pipro,0.0,0.022289014915968415,1.0
267.5,cex,0.3323877884824094,0.11387441401318481,0.34259505902158394
267.5,abs,0.3938882222895362,0.4118904796731454,1.0457039747951038
267.5,inel,0.27372398922805435,0.4517915227826595,1.6505368201624717
267.5,pipro,0.0,0.022443583531010215,1.0
268.0,cex,0.332951165234897,0.11403403444771491,0.34249477507388787
268.0,abs,0.3934942461348704,0.4115161652565143,1.0457997017711584
268.0,inel,0.2735545886302326,0.45185061338679616,1.6517749369489418
268.0,pipro,0.0,0.022599186908974542,1.0
268.5,cex,0.33351385230041286,0.11419369015488132,0.3423956437408221
268.5,abs,0.3931007522866183,0.4111415124373991,1.0458934765345524
268.5,inel,0.27338539541296886,0.4519089658659829,1.653010634248918
268.5,pipro,0.0,0.02275583154173666,1.0
269.0,cex,0.33407585094465675,0.11435337980169533,0.34229765329742196
269.0,abs,0.39270773985966073,0.4107665196887977,1.0459852913405538
269.0,inel,0.27321640919568246,0.4519665765530075,1.654243893635616
269.0,pipro,0.0,0.022913523956499572,1.0
269.5,cex,0.33463716243023295,0.11451310204448255,0.3422007920843427
269.5,abs,0.3923152079710433,0.4103911854770313,1.046075138405856
269.5,inel,0.27304762959872364,0.45202344176257064,1.6554746965826932
269.5,pipro,0.0,0.02307227071591559,1.0
270.0,cex,0.3351977880166602,0.1146728555288197,0.34210504850682416
270.0,abs,0.39192315573996955,0.4100155082617449,1.0461630099084502
270.0,inel,0.2728790562433702,0.4520795577912283,1.6567030244638348
270.0,pipro,0.0,0.02323207841820709,1.0
270.5,cex,0.3357577289603809,0.11483263888947205,0.3420104110336718
270.5,abs,0.391531582287794,0.40963948649591175,1.046248897987513
270.5,inel,0.2727106887518251,0.4521349209173296,1.657928858552317
270.5,pipro,0.0,0.023392953697286684,1.0
271.0,cex,0.33631698651477065,0.11499245075033065,0.3419168681962495
271.0,abs,0.391140486738016,0.40926311862583553,1.046332794743281
271.0,inel,0.27254252674721335,0.4521895274009568,1.659152180020582
271.0,pipro,0.0,0.023554903222876924,1.0
271.5,cex,0.3368755619301474,0.11515228972434864,0.34182440858748303
271.5,abs,0.39074986821627317,0.40888640309115315,1.0464146922369317
271.5,inel,0.2723745698535795,0.4522433734838692,1.6603729699398218
271.5,pipro,0.0,0.023717933700629006,1.0
272.0,cex,0.33743345645378087,0.11531215441347857,0.3417330208608795
272.0,abs,0.3903597258503347,0.40850933832483904,1.0464945824904668
272.0,inel,0.27220681769588445,0.4522964553894412,1.6615912092795446
272.0,pipro,0.0,0.023882051872241086,1.0
272.5,cex,0.33799067132990196,0.11547204340860823,0.3416426937295545
272.5,abs,0.389970058770095,0.40813192275321103,1.046572457486597
272.5,inel,0.2720392699000031,0.4523487693226049,1.6628068789071535
272.5,pipro,0.0,0.024047264515575754,1.0
273.0,cex,0.3385472077997118,0.11563195528949748,0.34155341596527533
273.0,abs,0.38958086610756704,0.40775415479593213,1.0466483091686214
273.0,inel,0.2718719260927211,0.45240031146979376,1.6640199595875302
273.0,pipro,0.0,0.02421357844477671,1.0
273.5,cex,0.33910306710139115,0.1157918886247139,0.34146517639751206
273.5,abs,0.38919214699687626,0.40737603286601937,1.0467221294403175
273.5,inel,0.27170478590173264,0.45245107799888196,1.6652304319825995
273.5,pipro,0.0,0.024381000510384773,1.0
274.0,cex,0.3396582504701093,0.1159518419715694,0.3413779639125045
274.0,abs,0.3888039005742538,0.40699755536984716,1.0467939101658235
274.0,inel,0.27153784895563693,0.4525010650591303,1.6664382766509231
274.0,pipro,0.0,0.024549537599453185,1.0
274.5,cex,0.34021275913803345,0.11611181387605561,0.34129176745233686
274.5,abs,0.38841612597803016,0.4066187207071549,1.0468636431695277
274.5,inel,0.2713711148839364,0.4525502687811278,1.6676434740472674
274.5,pipro,0.0,0.024719196635661862,1.0
275.0,cex,0.34076659433433787,0.11627180287277943,0.34120657601402427
275.0,abs,0.38802882234862907,0.40623952727105345,1.046931320235956
275.0,inel,0.27120458331703295,0.45259868527673597,1.6688460045221905
275.0,pipro,0.0,0.02488998457943115,1.0
275.5,cex,0.34131975728521285,0.11644730775158386,0.34116779139239345
275.5,abs,0.38764198882856105,0.405830979253041,1.0469221367877262
275.5,inel,0.27103825388622615,0.4526897960438984,1.670206288422756
275.5,pipro,0.0,0.025031916951476677,1.0
276.0,cex,0.3418722492138737,0.11662290220387993,0.3411300638529487
276.0,abs,0.3872556245624166,0.40542223256133897,1.0469111533743376
276.0,inel,0.27087212622370965,0.4527802444071575,1.6715645523202056
276.0,pipro,0.0,0.025174620827623628,1.0
276.5,cex,0.34242407134057,0.11679858529920231,0.34109338412437756
276.5,abs,0.38686972869686065,0.40501328676193404,1.046898365830246
276.5,inel,0.2707061999625694,0.4528700278795013,1.6729207825388548
276.5,pipro,0.0,0.025318100059362227,1.0
277.0,cex,0.34297522488259424,0.11697435610046211,0.34105774299150693
277.0,abs,0.38648430038062576,0.4046041414195044,1.0468837699772888
277.0,inel,0.27054047473677995,0.4529591439659158,1.6742749653508169
277.0,pipro,0.0,0.025462358514117645,1.0
277.5,cex,0.34352571105429114,0.1171502136639166,0.3410231312945367
277.5,abs,0.38609933876450614,0.4041947960974313,1.046867361624678
277.5,inel,0.27037495018120267,0.45304759016337,1.675627086975853
277.5,pipro,0.0,0.025607400075282033,1.0
278.0,cex,0.34407553106706634,0.11732615703913792,0.340989539928281
278.0,abs,0.38571484300135117,0.4037852503578089,1.0468491365689923
278.0,inel,0.2702096259315825,0.4531353639608071,1.6769771335812504
278.0,pipro,0.0,0.02575322864224604,1.0
278.5,cex,0.3446246861293953,0.11750218526898294,0.34095695984142216
278.5,abs,0.38533081224605936,0.40337550376145526,1.0468290905941702
278.5,inel,0.2700445016245453,0.45322246283913165,1.6783250912816832
278.5,pipro,0.0,0.025899848130430142,1.0
279.0,cex,0.34517317744683224,0.11767829738956223,0.34092538203577094
279.0,abs,0.38494724565557226,0.4029655558679236,1.0468072194715041
279.0,inel,0.2698795768975955,0.45330888427119875,1.6796709461390797
279.0,pipro,0.0,0.026047262471315495,1.0
279.5,cex,0.34503560023526014,0.11785449243020968,0.3415719779345998
279.5,abs,0.3847370288445132,0.40255540623551267,1.0463131335304887
279.5,inel,0.27022737092022664,0.453394625721803,1.6778264325254042
279.5,pipro,0.0,0.026195475612474536,1.0
280.0,cex,0.3448259819776786,0.11803076941345109,0.34229082372653546
280.0,abs,0.3845451594120031,0.4021450544212794,1.0457680836138668
280.0,inel,0.27062885861031827,0.4534796846476684,1.6756516174080283
280.0,pipro,0.0,0.026344491517601064,1.0
280.5,cex,0.3446165089791669,0.11820712735497377,0.3430106343573916
280.5,abs,0.3843534229391675,0.4017344999810491,1.0452216007573647
280.5,inel,0.2710300680816656,0.453564058497437,1.6734824357597515
280.5,pipro,0.0,0.026494314166540106,1.0
281.0,cex,0.3444071810887871,0.1183835652635954,0.3437314079495819
281.0,abs,0.38416181928784865,0.4013237424694277,1.0446736825991543
281.0,inel,0.27143099962336414,0.45364774471165936,1.6713188447197924
281.0,pipro,0.0,0.026644947555317437,1.0
281.5,cex,0.34419799815581054,0.118560082141233,0.34445314259952076
281.5,abs,0.3839703483200804,0.4009127814398147,1.0441243267712197
281.5,inel,0.27183165352410904,0.453730740722784,1.6691608016964887
281.5,pipro,0.0,0.026796395696168384,1.0
282.0,cex,0.34398896002971685,0.11873667698287185,0.3451758363774649
282.0,abs,0.38377900989808744,0.4005016164444126,1.0435735308993732
282.0,inel,0.27223203007219565,0.4538130439551489,1.6670082643647706
282.0,pipro,0.0,0.026948662617566697,1.0
282.5,cex,0.34378006656019433,0.11891334877653488,0.3458994873273541
282.5,abs,0.3835878038842852,0.40009024703424206,1.0430212926032838
282.5,inel,0.2726321295555205,0.4538946518249703,1.6648611906636497
282.5,pipro,0.0,0.027101752364252798,1.0
283.0,cex,0.3435713175971392,0.11909009650325071,0.3466240934666495
283.0,abs,0.38339673014127923,0.3996786727591528,1.0424676094964966
283.0,inel,0.2730319522615815,0.45397556174033504,1.662719538793754
283.0,pipro,0.0,0.02725566899726146,1.0
283.5,cex,0.3433627129906551,0.11926691913702345,0.347349652786176
283.5,abs,0.3832057885318656,0.39926689316783615,1.041912479186454
283.5,inel,0.27343149847747933,0.4540557711011909,1.660583267214872
283.5,pipro,0.0,0.027410416593949462,1.0
284.0,cex,0.343154252591053,0.11944381564480078,0.34807616324995827
284.0,abs,0.3830149789190297,0.3988549078078394,1.0413558992745249
284.0,inel,0.2738307684899174,0.45413527729933734,1.658452334643537
284.0,pipro,0.0,0.027565999248022537,1.0
284.5,cex,0.34294593624885084,0.11962078498644298,0.34880362279506033
284.5,abs,0.3828243011659462,0.39844271622557614,1.0407978673560216
284.5,inel,0.27422976258520293,0.454214077718419,1.6563267000506376
284.5,pipro,0.0,0.0277224210695619,1.0
285.0,cex,0.34273776381477306,0.11979782611469164,0.3495320293314232
285.0,abs,0.3826337551359792,0.3980303179663431,1.0402383810202325
285.0,inel,0.2746284810492477,0.45429216973391473,1.654206322659043
285.0,pipro,0.0,0.027879686185050573,1.0
285.5,cex,0.34252973513975016,0.11997493797513853,0.35026138074170243
285.5,abs,0.3824433406926813,0.39761771257432893,1.0396774378504376
285.5,inel,0.2750269241675686,0.45436955071313345,1.6520911619412755
285.5,pipro,0.0,0.02803779873739907,1.0
286.0,cex,0.3423218500749186,0.1201521195061937,0.35099167488110355
286.0,abs,0.38225305769979334,0.39720489959263394,1.03911503542395
286.0,inel,0.27542509222528805,0.45444621801520174,1.649981177617182
286.0,pipro,0.0,0.02819676288597062,1.0
286.5,cex,0.34211410847162016,0.12033494109103746,0.35173919493887157
286.5,abs,0.38206290602124454,0.39669265969686895,1.0382914788247224
286.5,inel,0.27582298550713524,0.45459984223613825,1.6481579350622257
286.5,pipro,0.0,0.02837255697595548,1.0
287.0,cex,0.341906510181402,0.12052170254071375,0.35249899885430586
287.0,abs,0.38187288552115156,0.3961102375886464,1.0372829614442638
287.0,inel,0.2762206042974465,0.4548073268720508,1.6465365718420275
287.0,pipro,0.0,0.028560732998589015,1.0
287.5,cex,0.34169905505601555,0.1207084535592465,0.3532595474677519
287.5,abs,0.3816829960638188,0.39552768663201204,1.0362727465225576
287.5,inel,0.2766179488801656,0.45501377426478345,1.6449177506623085
287.5,pipro,0.0,0.028750085543958057,1.0
288.0,cex,0.34149174294741713,0.12089519229430813,0.3540208359091235
288.0,abs,0.3814932375137375,0.39494500695207796,1.0352608332614444
288.0,inel,0.27701501953884544,0.4552191795035962,1.643301436367646
288.0,pipro,0.0,0.0289406212500178,1.0
288.5,cex,0.3412845737077669,0.12108191688191015,0.35478285926157754
288.5,abs,0.38130360973558564,0.39436219867257777,1.0342472208591142
288.5,inel,0.2774118165566476,0.4554235376610869,1.6416875939676825
288.5,pipro,0.0,0.029132346784425212,1.0
289.0,cex,0.3410775471894286,0.12126862544635456,0.3555456125612515
289.0,abs,0.3811141125942277,0.3937792619158968,1.033231908510178
289.0,inel,0.27780834021634365,0.4556268437931682,1.6400761886354749
289.0,pipro,0.0,0.029325268844580435,1.0
289.5,cex,0.34087066324496956,0.12145531610018524,0.35630909079699935
289.5,abs,0.38092474595471465,0.39319619680309936,1.0322148954057282
289.5,inel,0.27820459080031573,0.45582909293904805,1.6384671857058757
289.5,pipro,0.0,0.02951939415766725,1.0
290.0,cex,0.34066392172716004,0.12164198694413901,0.35707328891012674
290.0,abs,0.38073550968228265,0.39261300345396016,1.0311961807334153
290.0,inel,0.2786005685905574,0.4560302801212088,1.6368605506739264
290.0,pipro,0.0,0.0297147294806919,1.0
290.5,cex,0.3404573224889727,0.12182863606709753,0.357838201794128
290.5,abs,0.38054640364235387,0.3920296819869928,1.0301757636775124
290.5,inel,0.27899627386867343,0.4562304003453887,1.6352562491932825
290.5,pipro,0.0,0.029911281600520954,1.0
291.0,cex,0.3402508653835829,0.12201526154603856,0.35860382429441956
291.0,abs,0.3803574277005353,0.39144623251948046,1.0291536434189885
291.0,inel,0.27939170691588183,0.4564294486005634,1.6336542470746398
291.0,pipro,0.0,0.030109057333917676,1.0
291.5,cex,0.34004455026436753,0.12220186144598791,0.35937015120807586
291.5,abs,0.3801685817226191,0.3908626551675078,1.0281298191355839
291.5,inel,0.27978686801301345,0.45662741985892696,1.6320545102841937
291.5,pipro,0.0,0.030308063527577214,1.0
292.0,cex,0.3398383769849055,0.12238843381997062,0.36013717728356126
292.0,abs,0.37997986557458147,0.39027895004599206,1.0271042900018845
292.0,inel,0.280181757440513,0.4568243090758769,1.6304570049421148
292.0,pipro,0.0,0.03050830705816036,1.0
292.5,cex,0.33963234539897674,0.12257497670896297,0.3609048972204644
292.5,abs,0.37979127912258337,0.3896951172687144,1.0260770551893963
292.5,inel,0.28057637547843983,0.45702011118999664,1.628861697321039
292.5,pipro,0.0,0.030709794832325894,1.0
293.0,cex,0.3394264553605621,0.12276148814184447,0.3616733056692319
293.0,abs,0.37960282223296943,0.38911115694835313,1.0250481138666252
293.0,inel,0.28097072240646853,0.45721482112304085,1.6272685538445795
293.0,pipro,0.0,0.03091253378676168,1.0
293.5,cex,0.33922070672384297,0.12294796613534899,0.36244239723089783
293.5,abs,0.3794144947722678,0.38852706919651614,1.024017465199156
293.5,inel,0.2813647985038893,0.45740843377992063,1.625677541085858
293.5,pipro,0.0,0.031116530888214308,1.0
294.0,cex,0.339015099343201,0.12313440869401765,0.3632121664568187
294.0,abs,0.3792262966071899,0.387942854123774,1.0229851083497326
294.0,inel,0.281758604049609,0.4576009440486911,1.6240886257660536
294.0,pipro,0.0,0.03132179313351717,1.0
294.5,cex,0.3388096330732179,0.12332081381015016,0.36398260784840236
294.5,abs,0.37903822760463035,0.3873585118396948,1.0219510424783413
294.5,inel,0.2821521393221517,0.4577923468005376,1.622501774752967
294.5,pipro,0.0,0.03152832754961736,1.0
295.0,cex,0.3386043077686746,0.12350717946375761,0.3647537158568414
295.0,abs,0.3788502876316661,0.38677404245287794,1.0209152667422958
295.0,inel,0.2825454045996593,0.4579826368897637,1.6209169550596043
295.0,pipro,0.0,0.031736141193600825,1.0
295.5,cex,0.3383991232845514,0.12369350362251393,0.3655254848828409
295.5,abs,0.37866247655555657,0.38618944607098865,1.0198777802963208
295.5,inel,0.28293840015989197,0.4581718091537813,1.6193341338427827
295.5,pipro,0.0,0.03194524115271614,1.0
296.0,cex,0.33819407947602753,0.12387978424170865,0.36629790927635003
296.0,abs,0.3784747942437432,0.3856047228007949,1.0188385822926425
296.0,inel,0.2833311262802293,0.45835985841309973,1.617753278401745
296.0,pipro,0.0,0.03215563454439679,1.0
296.5,cex,0.3379891761984805,0.12406601926419943,0.3670709833362918
296.5,abs,0.3782872405638491,0.3850198727482007,1.0177976718810722
296.5,inel,0.2837235832376704,0.458546779471318,1.6161743561768047
296.5,pipro,0.0,0.03236732851628188,1.0
297.0,cex,0.33778441330748626,0.12425220662036479,0.36784470131029284
297.0,abs,0.3780998153836788,0.384434896018285,1.0167550482091023
297.0,inel,0.2841157713088349,0.45873256711511484,1.6145973347479918
297.0,pipro,0.0,0.032580330246235335,1.0
297.5,cex,0.3375797906588184,0.12443834422805589,0.36861905739441
297.5,abs,0.3779125185712179,0.3838497927153376,1.0157107104219962
297.5,inel,0.28450769076996374,0.45891721611424324,1.6130221818337305
297.5,pipro,0.0,0.03279464694236324,1.0
298.0,cex,0.33737530810844796,0.1246244299925503,0.3693940457328616
298.0,abs,0.37772534999463275,0.38326456294289624,1.0146646576628817
298.0,inel,0.28489934189691923,0.45910072122152334,1.6114488652895265
298.0,pipro,0.0,0.03301028584303008,1.0
298.5,cex,0.3371709655125434,0.12481046180650479,0.37016966041775506
298.5,abs,0.37753830952227024,0.3826792068037852,1.013616889072847
298.5,inel,0.28529072496518637,0.4592830771728372,1.60987735310667
298.5,pipro,0.0,0.03322725421687278,1.0
299.0,cex,0.33696676272746967,0.12499643754990777,0.37094589548881346
299.0,abs,0.3773513970226573,0.3820937244001534,1.0125674037910382
299.0,inel,0.2856818402498731,0.4594642786871252,1.6083076134109624
299.0,pipro,0.0,0.03344555936281357,1.0
299.5,cex,0.33676269960978855,0.12518235509003345,0.3717227449331055
299.5,abs,0.3771646123645008,0.3815081158335133,1.0115162009547567
299.5,inel,0.28607268802571073,0.45964432046638243,1.6067396144614545
299.5,pipro,0.0,0.03366520861007077,1.0
300.0,cex,0.3365587760162576,0.12536821228139433,0.3725002026847708
300.0,abs,0.37697795541668694,0.3809223812047812,1.0104632796995632
300.0,inel,0.2864632685670554,0.4598231971956563,1.6051733246491975
300.0,pipro,0.0,0.03388620931816819,1.0
300.5,cex,0.3363549918038305,0.1255981097438652,0.3734093823620633
300.5,abs,0.3767914260482817,0.38018062432103433,1.0089948922359988
300.5,inel,0.2868535821478878,0.46011174849284164,1.603995128970118
300.5,pipro,0.0,0.03410951744225887,1.0
301.0,cex,0.33615134682965625,0.12582798604394207,0.37431944637635217
301.0,abs,0.37660502412852925,0.37943897672575366,1.0075249994441318
301.0,inel,0.2872436290418145,0.4603988608861463,1.6028166139731
301.0,pipro,0.0,0.034334176344157925,1.0
301.5,cex,0.33594784095107905,0.12605783854871452,0.3752303875263516
301.5,abs,0.37641874952685295,0.3786974404907633,1.0060536064337247
301.5,inel,0.28763340952206806,0.46068452789339015,1.601637753621403
301.5,pipro,0.0,0.034560193067132004,1.0
302.0,cex,0.33574447402563773,0.12628766461115365,0.37614219855040776
302.0,abs,0.3762326021128542,0.37795601768723014,1.0045807183234454
302.0,inel,0.2880229238615081,0.4609687430216109,1.6004585219864704
302.0,pipro,0.0,0.03478757468000539,1.0
302.5,cex,0.33554124591106604,0.1265174615700758,0.3770548721262386
302.5,abs,0.37604658175631234,0.3772147103856805,1.003106340240915
302.5,inel,0.2884121723326216,0.46125149976711427,1.5992788932471254
302.5,pipro,0.0,0.03501632827712937,1.0
303.0,cex,0.3353381564652913,0.12674722675010822,0.37796840087068057
303.0,abs,0.37586068832718467,0.3764735206560139,1.0016304773227462
303.0,inel,0.288801155207524,0.4615327916155281,1.5980988416887887
303.0,pipro,0.0,0.03524646097834984,1.0
303.5,cex,0.3351352055464351,0.12697695746165444,0.37888277733943104
303.5,abs,0.37567492169560585,0.3757324505675171,1.0001531347145867
303.5,inel,0.28918987275795904,0.46181261204185564,1.596918341702703
303.5,pipro,0.0,0.03547797992897291,1.0
304.0,cex,0.3349323930128123,0.1272066510008596,0.37979799402679304
304.0,abs,0.37548928173188745,0.37499150218888144,0.9986743175711699
304.0,inel,0.2895783252553002,0.46209095451053017,1.5957373677851687
304.0,pipro,0.0,0.03571089229972888,1.0
304.5,cex,0.334729718722931,0.12743630464957684,0.38071404336542014
304.5,abs,0.37530376830651807,0.3742506775882177,0.9971940310563567
304.5,inel,0.289966512970551,0.4623678124754712,1.594555894536792
304.5,pipro,0.0,0.03594520528673418,1.0
305.0,cex,0.334527182535492,0.12766591567533292,0.3816309177260597
305.0,abs,0.37511838129016256,0.37350997883307246,0.9957122803431859
305.0,inel,0.2903544361743455,0.46264317938014304,1.5933738966617528
305.0,pipro,0.0,0.036180926111451454,1.0
305.5,cex,0.3343247843093888,0.1278954813312958,0.3825486094173011
305.5,abs,0.3749331205536621,0.37276940799044533,0.9942290706139227
305.5,inel,0.29074209513694915,0.462917048657611,1.5921913489670692
305.5,pipro,0.0,0.03641806202064772,1.0
306.0,cex,0.33447999698761216,0.12812499885624046,0.3830572829770317
306.0,abs,0.37469783175594695,0.3720289671268053,0.9928772883028584
306.0,inel,0.2908221712564409,0.4631894137306037,1.5926894835063072
306.0,pipro,0.0,0.036656620286350666,1.0
306.5,cex,0.3349031515718966,0.1283544654745166,0.38325845807085995
306.5,abs,0.3744250783503149,0.37128865830810875,0.9916233708061838
306.5,inel,0.29067177007778855,0.4634602680115718,1.5944454044764726
306.5,pipro,0.0,0.03689660820580281,1.0
307.0,cex,0.3353260614331681,0.1285838783960163,0.38345924514919816
307.0,abs,0.3741524826861742,0.3705484835998177,0.9903675660241993
307.0,inel,0.2905214558806577,0.46372960490275206,1.596197442619336
307.0,pipro,0.0,0.037138033101413975,1.0
307.5,cex,0.33574872678366147,0.12881323481614212,0.3836596375215519
307.5,abs,0.3738800446267243,0.3698084450669167,0.9891098773033671
307.5,inel,0.29037122858961417,0.46399741779622994,1.5979455679887766
307.5,pipro,0.0,0.03738090232071128,1.0
308.0,cex,0.33617114783536606,0.12904253191577433,0.38385962848593613
308.0,abs,0.3736077640353232,0.36906854477393314,0.9878503080011986
308.0,inel,0.2902210881293108,0.46426370007400475,1.5996897505502687
308.0,pipro,0.0,0.03762522323628769,1.0
308.5,cex,0.33659332480002596,0.1292717668612407,0.3840592113288122
308.5,abs,0.3733356407754863,0.36832878478495573,0.9865888614863279
308.5,inel,0.2900710344244878,0.4645284451080555,1.6014299601809536
308.5,pipro,0.0,0.03787100324574806,1.0
309.0,cex,0.33701525788914105,0.12950093680428484,0.38425837932501955
309.0,abs,0.37306367471088697,0.36758916716365275,0.9853255411385823
309.0,inel,0.28992106739997203,0.4647916462604091,1.6031661666697283
309.0,pipro,0.0,0.038118249771653206,1.0
309.5,cex,0.3374369473139666,0.12973003888203552,0.38445712573771246
309.5,abs,0.372791865705356,0.36684969397329453,0.9840603503490659
309.5,inel,0.2897711869806774,0.4650532968832076,1.6048983397173249
309.5,pipro,0.0,0.03836697026146221,1.0
310.0,cex,0.33785839328551415,0.12995907021697642,0.3846554438182977
310.0,abs,0.37252021362288146,0.3661103672767708,0.9827932925202293
310.0,inel,0.28962139309160434,0.4653133903187808,1.6066264489364113
310.0,pipro,0.0,0.03861717218747197,1.0
310.5,cex,0.33827959601455165,0.13018802791691667,0.38485332680637474
310.5,abs,0.37224871832760836,0.3653711891366132,0.9815243710659538
310.5,inel,0.28947168565784004,0.46557191989971497,1.6083504638516808
310.5,pipro,0.0,0.038868863046755214,1.0
311.0,cex,0.3387005557116036,0.1304169090749606,0.38505076792967485
311.0,abs,0.37197737968383837,0.36463216161501577,0.9802535894116313
311.0,inel,0.28932206460455795,0.46582887894892755,1.6100703538999594
311.0,pipro,0.0,0.03912205036109614,1.0
311.5,cex,0.3391212725869519,0.1306334818439546,0.38521169977757647
311.5,abs,0.37170619755602996,0.36390818293046073,0.979021026076936
311.5,inel,0.2891725298570181,0.46607998164173137,1.6117712905585655
311.5,pipro,0.0,0.03937835358385326,1.0
312.0,cex,0.3395417468506359,0.1308412995822741,0.3853467233289316
312.0,abs,0.37143517180879776,0.36319483468255986,0.9778148712032049
312.0,inel,0.2890230813405664,0.4663265265130223,1.6134577361436846
312.0,pipro,0.0,0.03963733922214366,1.0
312.5,cex,0.3399619787124525,0.13104898104256507,0.3854812868747574
312.5,abs,0.37116430230691244,0.3624815933685266,0.9766068318412631
312.5,inel,0.288873718980635,0.4665715395609582,1.6151401422302296
312.5,pipro,0.0,0.03989788602795002,1.0
313.0,cex,0.34038196838195717,0.13125652334386245,0.38561538370497317
313.0,abs,0.3708935889153008,0.36176846059297546,0.9753969100705885
313.0,inel,0.2887244427027421,0.4668150140246646,1.6168184780437056
313.0,pipro,0.0,0.04016000203849743,1.0
313.5,cex,0.3408017160684636,0.13146392359105408,0.3857490070990262
313.5,abs,0.3706230314990449,0.36105543796051304,0.9741851079793012
313.5,inel,0.28857525243249155,0.4670569431302441,1.618492712709334
313.5,pipro,0.0,0.04042369531818881,1.0
314.0,cex,0.3412212219810444,0.13165732630373408,0.3858415532872336
314.0,abs,0.37035262992338264,0.360420037343521,0.9731807154119131
314.0,inel,0.28842614809557293,0.46724815770453954,1.6199923647342547
314.0,pipro,0.0,0.0406744786482054,1.0
314.5,cex,0.3416404863285316,0.13183100575225057,0.38587641403097045
314.5,abs,0.37008238405370686,0.3598944219583566,0.9724710968845472
314.5,inel,0.2882771296177615,0.4673685187651847,1.6212473024998129
314.5,pipro,0.0,0.040906053524208105,1.0
315.0,cex,0.3420595093195167,0.1320046047526301,0.3859112264273437
315.0,abs,0.36981229375556546,0.3593687303489222,0.9717598263146272
315.0,inel,0.2881281969249179,0.46748781453084537,1.6224993579946845
315.0,pipro,0.0,0.04113885036760226,1.0
315.5,cex,0.3424782911623508,0.1321781215009517,0.38594598522536155
315.5,abs,0.369542358894661,0.35884296269247423,0.9710469018106889
315.5,inel,0.28797934994298824,0.46760604104537895,1.6237485123080933
315.5,pipro,0.0,0.04137287476119519,1.0
316.0,cex,0.3428968320651457,0.13235155418430347,0.3859806851734299
316.0,abs,0.36927257933685076,0.35831711916701686,0.9703323214804955
316.0,inel,0.2878305885980036,0.4677231943436663,1.6249947464649366
316.0,pipro,0.0,0.0416081323050133,1.0
316.5,cex,0.34331513223577365,0.13252490098076145,0.3860153210192588
316.5,abs,0.36900295494814617,0.3577911999513287,0.9696160834311124
316.5,inel,0.28768191281608024,0.46783927045164214,1.6262380414257724
316.5,pipro,0.0,0.0418446286162677,1.0
317.0,cex,0.3437331918818677,0.13269816005936724,0.38604988750976427
317.0,abs,0.36873348559471275,0.3572652052249965,0.968898185768999
317.0,inel,0.28753332252341957,0.46795426538631774,1.6274783780867794
317.0,pipro,0.0,0.04208236932931845,1.0
317.5,cex,0.34415101121082237,0.13287132958010722,0.3860843793909761
317.5,abs,0.36846417114287006,0.3567391351684435,0.9681786266000875
317.5,inel,0.28738481764630763,0.46806817515581145,1.6287157372797465
317.5,pipro,0.0,0.042321360095637826,1.0
318.0,cex,0.3445685904297937,0.1330444076938913,0.38611879140794547
318.0,abs,0.36819501145909106,0.35621298996296086,0.967457404029871
318.0,inel,0.2872363981111152,0.46818099575937583,1.6299500997720477
318.0,pipro,0.0,0.042561606583772116,1.0
318.5,cex,0.3449859297456999,0.1332173925425311,0.3861531183046505
318.5,abs,0.36792600641000234,0.35568676979073793,0.9667345161634878
318.5,inel,0.28708806384429775,0.4682927231874287,1.6311814462666316
318.5,pipro,0.0,0.04280311447930224,1.0
319.0,cex,0.34540302936522116,0.13339028225872018,0.3861873548239103
319.0,abs,0.36765715586238346,0.35516047483489416,0.966009961105811
319.0,inel,0.28693981477239533,0.46840335342158246,1.6324097574020062
319.0,pipro,0.0,0.04304588948480327,1.0
319.5,cex,0.34581988949480064,0.13356307496601302,0.38622149570729397
319.5,abs,0.36738845968316736,0.3546341052795094,0.9652837369615332
319.5,inel,0.286791650822032,0.4685128824346752,1.6336350137522306
319.5,pipro,0.0,0.04328993731980235,1.0
320.0,cex,0.34623651034064423,0.13373576877880408,0.3862555356950322
320.0,abs,0.3671199177394394,0.35410766130965765,0.9645558418352634
320.0,inel,0.2866435719199164,0.46862130619080244,1.6348571958269056
320.0,pipro,0.0,0.04353526372073573,1.0
320.5,cex,0.3466528921087214,0.13390836180230845,0.3862894695259329
320.5,abs,0.3668515298984375,0.3535811431114364,0.9638262738316098
320.5,inel,0.28649557799284114,0.4687286206453511,1.6360762840711751
320.5,pipro,0.0,0.04378187444090419,1.0
321.0,cex,0.34706903500476516,0.13408085213254128,0.38632329193729537
321.0,abs,0.366583296027552,0.3530545508720011,0.9630950310552773
321.0,inel,0.28634766896768277,0.46883482174503044,1.6372922588657188
321.0,pipro,0.0,0.04402977525042715,1.0
321.5,cex,0.34748493923427265,0.1342532378562986,0.3863569976648275
321.5,abs,0.3663152159943255,0.3525278847795967,0.9623621116111585
321.5,inel,0.28619984477140187,0.46893990542790903,1.6385051005267603
321.5,pipro,0.0,0.04427897193619578,1.0
322.0,cex,0.3479006050025052,0.13442551705113723,0.38639058144256244
322.0,abs,0.3660472896664522,0.35200114502359015,0.9616275136044277
322.0,inel,0.2860521053310427,0.4690438676234482,1.6397147893060693
322.0,pipro,0.0,0.04452947030182454,1.0
322.5,cex,0.3483160325144889,0.13459768778535552,0.38642403800277747
322.5,abs,0.365779516911778,0.35147433179450444,0.9608912351406385
322.5,inel,0.2859044505737331,0.46914670425253885,1.6409213053909724
322.5,pipro,0.0,0.04478127616760113,1.0
323.0,cex,0.34873122197501494,0.13476974811797493,0.38645736207591586
323.0,abs,0.36551189759830066,0.3509474452840514,0.9601532743258179
323.0,inel,0.28575688042668446,0.46924841122753796,1.642124628904364
323.0,pipro,0.0,0.04503439537043561,1.0
323.5,cex,0.3491461735886397,0.1349416960987205,0.386490548390507
323.5,abs,0.36524443159416864,0.3504204856851647,0.9594136292665643
323.5,inel,0.2856093948171916,0.4693489844523068,1.6433247399047233
323.5,pipro,0.0,0.0452888337638079,1.0
324.0,cex,0.3495608875596855,0.13511352976800245,0.386523591673089
324.0,abs,0.36497711876768174,0.3498934531920355,0.95867229807015
324.0,inel,0.2854619936726327,0.46944841982224833,1.6445216183861273
324.0,pipro,0.0,0.045544597217713555,1.0
324.5,cex,0.34997536409224056,0.13528524715689821,0.3865564866481345
324.5,abs,0.36470995898729053,0.349366348000145,0.9579292788446168
324.5,inel,0.2853146769204688,0.4695467132243479,1.64571524427828
324.5,pipro,0.0,0.0458016916186089,1.0
325.0,cex,0.3503896033901595,0.13545684628713406,0.3865892280379752
325.0,abs,0.36444295212159605,0.3488391703062988,0.9571845696988782
325.0,inel,0.2851674444882444,0.4696438605372133,1.6469055974465334
325.0,pipro,0.0,0.04606012286935393,1.0
325.5,cex,0.3508036056570636,0.1356595613243024,0.38671085227362123
325.5,abs,0.3641760980393499,0.3481635135047147,0.9560306548923894
325.5,inel,0.2850202963035865,0.4698900861686069,1.6486197378312604
325.5,pipro,0.0,0.04628683900237606,1.0
326.0,cex,0.3512173710963412,0.1358621915641062,0.38683220918147104
326.0,abs,0.36390939660945365,0.3474881725698589,0.9548755151897934
326.0,inel,0.28487323229420514,0.4701350976881756,1.65033089947405
326.0,pipro,0.0,0.046514538177859326,1.0
326.5,cex,0.3516308999111481,0.13606473525102805,0.38695329473436374
326.5,abs,0.36364284770095884,0.34681314954591813,0.9537191553156008
326.5,inel,0.284726252387893,0.4703788914371704,1.6520390638105122
326.5,pipro,0.0,0.0467432237658835,1.0
327.0,cex,0.3520441923044076,0.13626719062447545,0.3870741049085314
327.0,abs,0.363376451183067,0.34613844647459097,0.9525615800023551
327.0,inel,0.28457935651252536,0.47062146375906666,1.6537442122522787
327.0,pipro,0.0,0.04697289914186694,1.0
327.5,cex,0.3524572484788113,0.136469555918785,0.38719463568356477
327.5,abs,0.3631102069251288,0.3454640653950734,0.9514027939906027
327.5,inel,0.28443254459605993,0.4708628109996171,1.6554463261871744
327.5,pipro,0.0,0.047203567686524596,1.0
328.0,cex,0.35287006863681897,0.13667182936322736,0.38731488304238343
328.0,abs,0.3628441147966444,0.34479000834404944,0.950242802028873
328.0,inel,0.2842858165665367,0.471102929506897,1.6571453869793606
328.0,pipro,0.0,0.04743523278582611,1.0
328.5,cex,0.35328265298065914,0.13687400918201154,0.3874348429712026
328.5,abs,0.36257817466726316,0.3441162773556778,0.949081608873651
328.5,inel,0.28413917235207775,0.4713418156313576,1.658841375969507
328.5,pipro,0.0,0.04766789783095307,1.0
329.0,cex,0.3536950017123293,0.13707609359429088,0.38755451145950587
329.0,abs,0.3623123864067831,0.34344287446158217,0.9479192192893584
329.0,inel,0.28399261188088754,0.471579465725871,1.6605342744749336
329.0,pipro,0.0,0.047901566218255996,1.0
329.5,cex,0.3541071150335965,0.13727808081416698,0.3876738845000121
329.5,abs,0.36204674988515106,0.3427698016908371,0.9467556380483211
329.5,inel,0.2838461350812524,0.47181587614578535,1.6622240637897912
329.5,pipro,0.0,0.04813624134921056,1.0
330.0,cex,0.3545189931459974,0.1374799690506959,0.3877929580886493
330.0,abs,0.3617812649724622,0.3420970610699589,0.9455908699307533
330.0,inel,0.28369974188154046,0.4720510432489716,1.6639107251852125
330.0,pipro,0.0,0.04837192663037362,1.0
330.5,cex,0.35493063625083837,0.13768175650789297,0.387911728224525
330.5,abs,0.3615159315389601,0.3414246546228935,0.9444249197247303
330.5,inel,0.2835534322102015,0.47228496339587517,1.6655942399094812
330.5,pipro,0.0,0.04860862547333839,1.0
331.0,cex,0.35534204454919666,0.13788344138473888,0.3880301909098997
331.0,abs,0.3612507494550362,0.3407525843710043,0.9432577922261632
331.0,inel,0.2834072059957672,0.4725176329495673,1.6672745891881964
331.0,pipro,0.0,0.048846341294689434,1.0
331.5,cex,0.3557532182419197,0.1380850218751851,0.38814834215015975
331.5,abs,0.3609857185912298,0.340080852333063,0.9420894922387806
331.5,inel,0.2832610631668505,0.472749048275795,1.6689517542244399
331.5,pipro,0.0,0.04908507751595678,1.0
332.0,cex,0.35616415752962627,0.13828649616815974,0.3882661779537905
332.0,abs,0.36072083881822786,0.3394094605252372,0.9409200245741007
332.0,inel,0.2831150036521458,0.47297920574303315,1.6706257161989455
332.0,pipro,0.0,0.04932483756356998,1.0
332.5,cex,0.3565748626127062,0.13848786244757358,0.38838369433235165
332.5,abs,0.3604561100068648,0.33873841096107915,0.9397493940514089
332.5,inel,0.282969027380429,0.4732081017225362,1.6722964562702691
332.5,pipro,0.0,0.04956562486881103,1.0
333.0,cex,0.3569853336913212,0.13868911889232646,0.3885008873004527
333.0,abs,0.36019153202812204,0.33806770565151617,0.9385776054977368
333.0,inel,0.2828231342805568,0.47343573258838983,1.6739639555749632
333.0,pipro,0.0,0.04980744286776757,1.0
333.5,cex,0.35739557096540486,0.13889026367631369,0.38861775287572875
333.5,abs,0.3599271047531281,0.3373973466048396,0.9374046637478399
333.5,inel,0.2826773242814671,0.4736620947175621,1.675628195227743
333.5,pipro,0.0,0.05005029500128464,1.0
334.0,cex,0.357805574634663,0.13909129496843203,0.38873428707881663
334.0,abs,0.3596628280531582,0.3367273358266926,0.9362305736441696
334.0,inel,0.2825315973121788,0.47388718448995876,1.677289156321672
334.0,pipro,0.0,0.05029418471491662,1.0
334.5,cex,0.3582153448985743,0.13929221093258679,0.3888504859333321
334.5,abs,0.3593987017996342,0.33605767532006237,0.9350553400368583
334.5,inel,0.2823859533017915,0.4741109982884725,1.678946819928329
334.5,pipro,0.0,0.050539115458878375,1.0
335.0,cex,0.35862488195639,0.13949300972769857,0.3889663454658492
335.0,abs,0.35913472586412437,0.3353883670852672,0.9338789677836907
335.0,inel,0.28224039217948566,0.47433353249903853,1.680601167097992
335.0,pipro,0.0,0.05078509068799583,1.0
335.5,cex,0.359034186007135,0.13969368950771058,0.389081861705878
335.5,abs,0.35887090011834283,0.3347194131199473,0.9327014617500855
335.5,inel,0.2820949138745222,0.4745547835106861,1.6822521788598126
335.5,pipro,0.0,0.051032113861656056,1.0
336.0,cex,0.3594432572496075,0.13989424842159495,0.38919703068584327
336.0,abs,0.35860722443415,0.33405081541905385,0.9315228268090696
336.0,inel,0.2819495183162425,0.4747747477155945,1.6838998362220072
336.0,pipro,0.0,0.05128018844375676,1.0
336.5,cex,0.35985209588237993,0.14011683923896434,0.3893734143617784
336.5,abs,0.35834369868355187,0.3332653661582146,0.9300159801401069
336.5,inel,0.2818042054340683,0.4750685371457342,1.6858106727469777
336.5,pipro,0.0,0.05154925745708679,1.0
337.0,cex,0.36008351292351337,0.14035486599536226,0.3897842054911732
337.0,abs,0.35817864586542575,0.33239786409564587,0.9280225606205843
337.0,inel,0.2817378412110609,0.47541359371813624,1.6874325141221809
337.0,pipro,0.0,0.05183367619085576,1.0
337.5,cex,0.3602262519116471,0.14059266691621042,0.39028989744671266
337.5,abs,0.35806281587636474,0.3315311341261063,0.9259021585770595
337.5,inel,0.2817109322119881,0.47575676839522507,1.6888118776917647
337.5,pipro,0.0,0.05211943056245822,1.0
338.0,cex,0.3603689372359177,0.14083023897984015,0.39079461193306125
338.0,abs,0.3579470294345137,0.330665180809506,0.9237824415860982
338.0,inel,0.2816840333295686,0.4760980550323537,1.690184741409613
338.0,pipro,0.0,0.05240652517830004,1.0
338.5,cex,0.3605115689265825,0.14106757915944085,0.3912983419074937
338.5,abs,0.3578312865153193,0.32980000869144505,0.9216634238530336
338.5,inel,0.28165714455809826,0.4764374475003272,1.6915510815386081
338.5,pipro,0.0,0.05269496464878691,1.0
339.0,cex,0.3606541470138761,0.14131222659025994,0.391821992788074
339.0,abs,0.3577155870942466,0.3289108202160539,0.9194757849044929
339.0,inel,0.2816302658918772,0.4767961947108353,1.6929863457711103
339.0,pipro,0.0,0.052980758482850804,1.0
339.5,cex,0.36079667152801054,0.14156732937992922,0.39237426659280755
339.5,abs,0.35759993114677946,0.32798743180808954,0.9171909814307675
339.5,inel,0.28160339732521,0.47718307954655415,1.6945217425607928
339.5,pipro,0.0,0.05326215926542708,1.0
340.0,cex,0.36093914249917486,0.14182220323621686,0.39292552826004756
340.0,abs,0.3574843186484198,0.327065045735591,0.914907392223977
340.0,inel,0.28157653885240536,0.47756795665767127,1.6960502412738272
340.0,pipro,0.0,0.05354479437052094,1.0
340.5,cex,0.3610815599575356,0.1420768450285358,0.39347577053019406
340.5,abs,0.35736874957468806,0.32614366758867325,0.9126250350004682
340.5,inel,0.28154969046777634,0.4779508198802392,1.6975718179130486
340.5,pipro,0.0,0.05382866750255178,1.0
341.0,cex,0.3612239239332366,0.14233125162372964,0.39402498614692
341.0,abs,0.3572532239011231,0.32522330293383694,0.9103439274318458
341.0,inel,0.28152285216564027,0.47833166307602126,1.6990864485650499
341.0,pipro,0.0,0.054113782366412094,1.0
341.5,cex,0.36136623445639915,0.14258541988612689,0.3945731678573046
341.5,abs,0.35713774160328216,0.324303957313868,0.9080640871445989
341.5,inel,0.28149602394031875,0.47871048013261686,1.700594109400673
341.5,pipro,0.0,0.05440014266738825,1.0
342.0,cex,0.3615084915571217,0.1428393466775941,0.39512030841196477
342.0,abs,0.3570223026567407,0.3233856362477319,0.9057855317197123
342.0,inel,0.28146920578613754,0.4790872649635931,1.7020947766755248
342.0,pipro,0.0,0.05468775211108083,1.0
342.5,cex,0.36165069526548044,0.14309302885758884,0.39566640056518393
342.5,abs,0.35690690703709266,0.3224683452304746,0.9035082786922951
342.5,inel,0.2814423976974269,0.4794620115086122,1.703588426730475
342.5,pipro,0.0,0.05497661440332431,1.0
343.0,cex,0.36179284561152875,0.1433464632832147,0.3962114370750478
343.0,abs,0.3567915547199502,0.3215520897331197,0.901232345551199
343.0,inel,0.28141559966852103,0.4798347137335594,1.7050750359921623
343.0,pipro,0.0,0.05526673325010616,1.0
343.5,cex,0.36193494262529735,0.14359964680927365,0.39675541070357206
343.5,abs,0.35667624568094397,0.32063687520257167,0.8989577497386511
343.5,inel,0.2813888116937586,0.480205365630669,1.7065545809734846
343.5,pipro,0.0,0.055558112357485596,1.0
344.0,cex,0.3620769863367948,0.14385257628832024,0.3972983142168341
344.0,abs,0.35656097989572266,0.31972270706151623,0.8966845086498811
344.0,inel,0.28136203376748253,0.48057396121865215,1.7080270382741058
344.0,pipro,0.0,0.05585075543151144,1.0
344.5,cex,0.36221897677600684,0.14410524857071647,0.39784014038510723
344.5,abs,0.3564457573399533,0.3188095907083244,0.8944126396327557
344.5,inel,0.2813352658840398,0.48094049454281895,1.7094923845809364
344.5,pipro,0.0,0.05614466617814008,1.0
345.0,cex,0.3623609139728968,0.14435766050468393,0.39838088198298705
345.0,abs,0.35633057798932133,0.3178975315169572,0.8921421599874151
345.0,inel,0.2813085080377819,0.4813049596752068,1.7109505966686362
345.0,pipro,0.0,0.05643984830315205,1.0
345.5,cex,0.3625027979574057,0.14460980893635952,0.3989205317895264
345.5,abs,0.35621544181953,0.3169865348368709,0.8898730869659106
345.5,inel,0.2812817602230642,0.48166735071470085,1.7124016514000955
345.5,pipro,0.0,0.05673630551206873,1.0
346.0,cex,0.3626446287594519,0.1448616907098485,0.399459082588364
346.0,abs,0.3561003488063014,0.31607660599292364,0.8876054377718443
346.0,inel,0.2812550224342467,0.4820276617871597,1.7138455257269252
346.0,pipro,0.0,0.05703404151006821,1.0
346.5,cex,0.3627864064089314,0.14511330266727882,0.39999652716785555
346.5,abs,0.35598529892537517,0.31516775028528543,0.885339229560021
346.5,inel,0.2812282946656934,0.4823858870455352,1.715282196689936
346.5,pipro,0.0,0.05733306000190065,1.0
347.0,cex,0.3629281309357178,0.14536464164885565,0.40053285832120517
347.0,abs,0.35587029215250965,0.3142599729893457,0.8830744794360872
347.0,inel,0.2812015769117725,0.48274202066999544,1.7167116414196233
347.0,pipro,0.0,0.05763336469180321,1.0
347.5,cex,0.36306980236966246,0.14561570449291544,0.40106806884659507
347.5,abs,0.355755328463481,0.3133532793556249,0.8808112044561863
347.5,inel,0.28117486916685647,0.4830960568680456,1.7181338371366461
347.5,pipro,0.0,0.05793495928341412,1.0
348.0,cex,0.3632114207405942,0.14586648803598026,0.40160215154731654
348.0,abs,0.3556404078340838,0.31244767460968575,0.8785494216266093
348.0,inel,0.281148171425322,0.48344798987464743,1.719548761152302
348.0,pipro,0.0,0.05823784747968662,1.0
348.5,cex,0.3633529860783195,0.1461169891128123,0.4021350992319003
348.5,abs,0.35552553024013045,0.3115431639520477,0.8762891479034542
348.5,inel,0.28112148368155004,0.483797813952338,1.720956390868997
348.5,pipro,0.0,0.058542032982802104,1.0
349.0,cex,0.36349449841262255,0.1463672045564683,0.40266690471424643
349.0,abs,0.35541069565745176,0.3106397525580996,0.8740304001922812
349.0,inel,0.28109480592992575,0.4841455233913495,1.7223567037807248
349.0,pipro,0.0,0.05884751949408251,1.0
349.5,cex,0.3636359577732654,0.14661713119835457,0.40319756081375596
349.5,abs,0.3552959040618963,0.3097374455780165,0.8717731953477769
349.5,inel,0.2810681381648383,0.48449111250972615,1.7237496774735321
349.5,pipro,0.0,0.0591543107139028,1.0
350.0,cex,0.3637773641899876,0.1468667658682805,0.4037270603554579
350.0,abs,0.3551811554293312,0.30883624813667576,0.8695175501734171
350.0,inel,0.28104148038068133,0.48483457565344174,1.725135289625983
350.0,pipro,0.0,0.05946241034160206,1.0
350.5,cex,0.36287530397830414,0.1470945337868965,0.4053583480999057
350.5,abs,0.3540484169027701,0.3082337595547424,0.8705977624506384
350.5,inel,0.2802091176801896,0.48489927313608816,1.730490703337916
350.5,pipro,0.0028671614387361577,0.05977243352227295,20.847250773789906
351.0,cex,0.3619787362811251,0.14732219034184219,0.40699128312174315
351.0,abs,0.35292257545769673,0.307631476178573,0.8716684552684486
351.0,inel,0.2793818231161106,0.4849624498690789,1.7358410953869727
351.0,pipro,0.005716865145067679,0.060083883610505956,10.509935442913907
351.5,cex,0.3610876110860168,0.14754973294203536,0.40862585259644
351.5,abs,0.3518035682923051,0.3070293993593563,0.8727296338968711
351.5,inel,0.2785595505402119,0.48502410202861973,1.7411864037259182
351.5,pipro,0.008549270081466212,0.06039676566998861,7.0645523061578706
352.0,cex,0.36020187898589684,0.14777715898608865,0.41026204361325563
352.0,abs,0.3506913333649433,0.3064275304498148,0.8737813036598032
352.0,inel,0.2777422543628401,0.4850842257943342,1.746526566176079
352.0,pipro,0.01136453328631976,0.060711084769762315,5.342153807833381
352.5,cex,0.35932149116990264,0.14800446586231317,0.41189984317506434
352.5,abs,0.34958580938264655,0.3058258708042208,0.8748234699351672
352.5,inel,0.27692988954449455,0.4851428173493621,1.7518615204279486
352.5,pipro,0.01416280990295626,0.061026845984103954,4.308950441491527
353.0,cex,0.35844639941442463,0.148231650948721,0.413539238198178
353.0,abs,0.34848693578987827,0.3052244217784109,0.8758561381550536
353.0,inel,0.2761224115875537,0.4851998728804626,1.7571912040418134
353.0,pipro,0.01694425320814339,0.061344054392405534,3.620345708887521
353.5,cex,0.3575765560743014,0.14845871161302954,0.4151802155121743
353.5,abs,0.3473946527574725,0.3046231847298009,0.8768793138058697
353.5,inel,0.2753197765281505,0.48525538857811606,1.7625155544483757
353.5,pipro,0.0197090146400756,0.0616627150790535,3.128655399832661
354.0,cex,0.35671191407417213,0.14868564521266553,0.41682276185972555
354.0,abs,0.34630890117177576,0.30402216101740104,0.8778930024284888
354.0,inel,0.2745219409281931,0.48530936063662766,1.7678345089493972
354.0,pipro,0.02245724382585906,0.061982833133305854,2.7600374121571356
354.5,cex,0.35585242689998425,0.14891244909476958,0.4184668638964288
354.5,abs,0.3452296226239825,0.3034213520018313,0.8788972096183995
354.5,inel,0.2737288618675282,0.4853617852542306,1.7731480047183432
354.5,pipro,0.025189088608505043,0.06230441364916843,2.4734683583641637
355.0,cex,0.3549980485906521,0.14913912059620152,0.42011250819063994
355.0,abs,0.3441567593996611,0.3028207590453364,0.8798919410258562
355.0,inel,0.2729404969362448,0.48541265863319216,1.7784559788010426
355.0,pipro,0.027904695073441968,0.06262746172526995,2.2443342082915305
355.5,cex,0.3541487337298641,0.14936565704354599,0.42175968122330887
355.5,abs,0.3430902544684659,0.3022203835118008,0.8808772023560304
355.5,inel,0.272156804227114,0.48546197697991805,1.7837583681163507
355.5,pipro,0.03060420757455604,0.06295198246473509,2.056971490321239
356.0,cex,0.35330443743803525,0.14959205575311812,0.4234083693878159
356.0,abs,0.3420300514740312,0.3016202267667646,0.8818529993691658
356.0,inel,0.2713777423281634,0.48550973650505996,1.7890551094568306
356.0,pipro,0.03328776875977015,0.06327798097505727,1.9009378919842688
356.5,cex,0.35246511536440156,0.1498183140309707,0.42505855898981293
356.5,abs,0.3409760947240446,0.3010202901774375,0.8828193378807281
356.5,inel,0.2706032703153824,0.48555593342362274,1.7943461394894362
356.5,pipro,0.035955519596171444,0.06360546236796917,1.7690041218245085
357.0,cex,0.3516307236792541,0.15004442917290065,0.42671023624706417
357.0,abs,0.33992832918049515,0.30042057511271514,0.8837762237615618
357.0,inel,0.26983334774555623,0.4856005639550719,1.7996313947562066
357.0,pipro,0.038607599394694485,0.06393443175931227,1.6560064018924272
357.5,cex,0.35080121906630934,0.1502703984644569,0.428363387289291
357.5,abs,0.33888670045009245,0.2998210829431939,0.8847236629380452
357.5,inel,0.26906793464922585,0.48564362432344377,1.8049108116749766
357.5,pipro,0.041244145834372366,0.06426489426890535,1.5581579632411193
358.0,cex,0.3499765587152133,0.1504962191809484,0.43001799815801894
358.0,abs,0.33785115477485356,0.29922181504118645,0.8856616613922483
358.0,inel,0.26830699152377113,0.4856851107574541,1.8101843265400854
358.0,pipro,0.043865294986161985,0.06459685502041099,1.472618730611275
358.5,cex,0.34915670031417656,0.15072188858745256,0.43167405480642557
358.5,abs,0.33682163902285517,0.29862277278073684,0.8865902251620884
358.5,inel,0.26755047932661485,0.4857250194906091,1.8154518755231066
358.5,pipro,0.04647118133635348,0.06493031914120151,1.3972168831096148
359.0,cex,0.3483416020427372,0.15094740393882392,0.4333315430991919
359.0,abs,0.3357981006791456,0.29802395753763566,0.8875093603414896
359.0,inel,0.2667983594685454,0.4857633467613176,1.8207133946735807
359.0,pipro,0.04906193780957174,0.06526529176222275,1.3302632279944273
359.5,cex,0.3475312225646503,0.15117276247970446,0.43499044881235727
359.5,abs,0.3347804878368162,0.29742537068943553,0.8884190730805409
359.5,inel,0.2660505938071549,0.4858000888130032,1.8259688199197643
359.5,pipro,0.051637695791378606,0.06560177801785687,1.2704241932656046
360.0,cex,0.3467255210208997,0.15139796144453282,0.4366507576331739
360.0,abs,0.33376874918822547,0.29682701361546654,0.8893193695856588
360.0,inel,0.26530714464039135,0.48583524189421634,1.8312180870693784
360.0,pipro,0.05419858515048349,0.06593978304578425,1.2166329224776087
360.5,cex,0.345924457022831,0.15162299805755539,0.4383124551599666
360.5,abs,0.33276283401637663,0.2962288876968519,0.8902102561197482
360.5,inel,0.2645679747002219,0.4858688022587498,1.836461131810381
360.5,pipro,0.05674473426057053,0.06627931198684292,1.168025771034363
361.0,cex,0.34512799064540217,0.15184786953283694,0.43997552690199304
361.0,abs,0.33176269218644217,0.29563099431652295,0.8910917390023646
361.0,inel,0.2638330471464056,0.4859007661657524,1.8416978897117369
361.0,pipro,0.059276270021750004,0.06662036998488784,1.1238961216763992
361.5,cex,0.3443360824205512,0.15205814080532407,0.4415980449577442
361.5,abs,0.33076827413743487,0.2950439286319064,0.8919958523873275
361.5,inel,0.26310232556037255,0.485932563934606,1.8469337467832525
361.5,pipro,0.06179331788164133,0.06696536662816352,1.083699159129612
362.0,cex,0.3435486933306757,0.15225801120364132,0.443191938026347
362.0,abs,0.32977953087402095,0.29446454195022137,0.8929133387078222
362.0,inel,0.2623757739392082,0.48596380809631085,1.8521672210823377
362.0,pipro,0.06429600185609517,0.06731363874982647,1.0469335076306185
362.5,cex,0.3427657848022254,0.15245765435441172,0.4447866768335096
362.5,abs,0.3287964139584727,0.29388534854743575,0.8938216357327844
362.5,inel,0.2616533566897401,0.48599349239508716,1.8573944494484822
362.5,pipro,0.06678444454956177,0.06766350470306536,1.0131626482698561
363.0,cex,0.3419873186994024,0.15265706753064695,0.4463822463102159
363.0,abs,0.32781887550275934,0.29330634956262913,0.8947207481960882
363.0,inel,0.26093503862272566,0.48602161289956963,1.8626153676597133
363.0,pipro,0.06925876717511265,0.06801497000715426,0.982041303668984
363.5,cex,0.3412132573179692,0.15285624799607136,0.4479786313039647
363.5,abs,0.3268468681607703,0.29272754613717555,0.8956106808806501
363.5,inel,0.2602207849471382,0.48604816568165676,1.8678299113592853
363.5,pipro,0.0717190895741223,0.06836804018509635,0.9532753495767313
364.0,cex,0.3404435633791614,0.15304041459887543,0.449532407309549
364.0,abs,0.3258803451206719,0.2922199766325427,0.8967094242039515
364.0,inel,0.25951056126454985,0.486026213509142,1.872857162887016
364.0,pipro,0.07416553023561681,0.06871339525943979,0.9264869413209059
364.5,cex,0.33967820002370286,0.15320344193334606,0.45102524072093964
364.5,abs,0.32491926009739164,0.2918130120130912,0.8981093085267486
364.5,inel,0.25880433356360955,0.48593650819171785,1.8776212187045285
364.5,pipro,0.07659820631529599,0.06904703786184492,0.9014184689603735
365.0,cex,0.3389171308059217,0.15336627838017594,0.45251851983840846
365.0,abs,0.32396356732522996,0.2914059214835314,0.899502138124644
365.0,inel,0.25810206821461323,0.4858456645697338,1.8823780372257637
365.0,pipro,0.07901723365423514,0.06938213556655883,0.8780633332490766
365.5,cex,0.33816031968796517,0.15352892185011638,0.4540122329899144
365.5,abs,0.32301322155059564,0.29099870504613273,0.9008879068454841
365.5,inel,0.25740373196416627,0.48575367977010747,1.8871275721741683
365.5,pipro,0.08142272679727298,0.06971869333364344,0.8562559383110523
366.0,cex,0.3374077310341116,0.15369137024611132,0.4555063684375782
366.0,abs,0.32206817802486265,0.29059136270640995,0.9022666085439127
366.0,inel,0.2567092919299339,0.4856605509195988,1.8918697771647266
366.0,pipro,0.08381479901109187,0.07005671612787986,0.8358513884714883
366.5,cex,0.3366593296051764,0.15385362146330192,0.45700091437755985
366.5,abs,0.3211283924973465,0.2901838944731596,0.903638237081629
366.5,inel,0.25601871559548073,0.48556627514488965,1.8966046057043062
366.5,pipro,0.08619356230199633,0.07039620891864891,0.8167223518619843
367.0,cex,0.33591508055301245,0.15401567338903188,0.45849585893993794
367.0,abs,0.32019382120839734,0.2897763003584925,0.905002786327636
367.0,inel,0.255331970805195,0.4854708495726652,1.9013320111920264
367.0,pipro,0.08855912743339528,0.07073717667981048,0.7987564775072048
367.5,cex,0.3351749494151004,0.15417752390285072,0.45999119018858475
367.5,abs,0.3192644208826077,0.2893685803778701,0.9063602501585036
367.5,inel,0.25464902575929743,0.48537427132969785,1.9060519469196378
367.5,pipro,0.09091160394299443,0.07107962438958142,0.7818542551966354
368.0,cex,0.33579411499105877,0.15433917087652044,0.4596244067012016
368.0,abs,0.31820481595542155,0.2889607345501382,0.9080966725237111
368.0,inel,0.2529244193464183,0.4852765375429287,1.9186622580648056
368.0,pipro,0.09307664970710139,0.07142355703041257,0.7673627838472062
368.5,cex,0.3368277447654603,0.15450061217402086,0.4586932477358795
368.5,abs,0.31711358305959775,0.28855276289756276,0.9099350463437345
368.5,inel,0.25089228821289106,0.4851776453395523,1.933808523153417
368.5,pipro,0.0951663839620509,0.071768979588864,0.7541421308755727
369.0,cex,0.33785071707369235,0.15466184565155605,0.457781611331673
369.0,abs,0.3160336015595428,0.28814466544586437,0.9117532566915231
369.0,inel,0.24888110981248335,0.4850775918471006,1.94903338470556
369.0,pipro,0.09723457155428147,0.07211589705547905,0.7416693044738738
369.5,cex,0.33886319589956804,0.15482286915756038,0.4568890072188502
369.5,abs,0.3149646983327948,0.28773644222425326,0.9135514035297636
369.5,inel,0.24689056175063934,0.4849763741935292,1.9643374406647334
369.5,pipro,0.09928154401699779,0.07246431442465714,0.7298870615091428
370.0,cex,0.33986534187982925,0.15498368053270564,0.45601496073555303
370.0,abs,0.3139067037904919,0.2873280932654666,0.9153295861347248
370.0,inel,0.24492032821319398,0.4848739895073023,1.979721295674721
370.0,pipro,0.10130762611648486,0.07281423669452533,0.7187438842047542
370.5,cex,0.3408573123891091,0.15514427760990898,0.45515901220509086
370.5,abs,0.3128594517876749,0.2869196186058018,0.9170879031026449
370.5,inel,0.242970099799335,0.4847704349174809,1.995185561177465
370.5,pipro,0.10331313602388094,0.07316566886680836,0.7081932819258923
371.0,cex,0.34183926162232003,0.15530465821433967,0.4543207163427807
371.0,abs,0.31182277953630805,0.28651101828515313,0.9188264523560644
371.0,inel,0.2410395733596275,0.48466570755380967,2.010730855512657
371.0,pipro,0.10529838548174447,0.07351861594669742,0.6981931927099044
371.5,cex,0.3428113406745568,0.1554648201634283,0.4534996416907242
371.5,abs,0.31079652752092257,0.28610229234704826,0.9205453311500982
371.5,inel,0.2391284518389226,0.48455980454680614,2.0263578040190993
371.5,pipro,0.10726367996559809,0.07387308294271738,0.6887054683039978
372.0,cex,0.34377369761860294,0.15562476126687458,0.45269537007898514
372.0,abs,0.30978053941679146,0.2856934408386829,0.9222446360786377
372.0,inel,0.2372364441239797,0.4844527230278492,2.042067039137858
372.0,pipro,0.10920931884062586,0.07422907486659322,0.6796954294250209
372.5,cex,0.3447264775801223,0.1557844793266574,0.4519074961117529
372.5,abs,0.30877466201054743,0.28528446381095757,0.9239244630804989
372.5,inel,0.235363264895638,0.4843444601292704,2.057859200517263
372.5,pipro,0.11113559551369226,0.07458659673311456,0.6711314803178902
373.0,cex,0.34566982281061753,0.15594397213704306,0.45113562667713764
373.0,abs,0.3077787451231581,0.2848753613185146,0.9255849074455135
373.0,inel,0.23350863448537937,0.4842350129844434,2.073734935119766
373.0,pipro,0.113042797580845,0.07494565355999903,0.6629847735889589
373.5,cex,0.3466038727582317,0.15610323748459623,0.4503793804793511
373.5,abs,0.30679264153517927,0.2844661334197726,0.927226063820548
373.5,inel,0.2316722787361312,0.484124378727877,2.0896948973307348
373.5,pipro,0.11493120697045782,0.07530625036775411,0.6552289178265656
374.0,cex,0.34752876413646727,0.1562622731481899,0.4496383875920814
374.0,abs,0.305816206914206,0.2840567801769654,0.928848026215481
374.0,inel,0.22985392886716413,0.48401255449530667,2.105739749069177
374.0,pipro,0.11680110008216255,0.07566839217953804,0.647839721768972
374.5,cex,0.34844463099089323,0.1564210768990161,0.44891228903195307
374.5,abs,0.3048492997444479,0.28364730165617613,0.9304508880091075
374.5,inel,0.22805332134294465,0.48389953742378866,2.1218701599004763
374.5,pipro,0.11865274792171418,0.07603208402101895,0.640794969798627
375.0,cex,0.34935160476390953,0.15657964650059733,0.44820073635102736
375.0,abs,0.3038917812583557,0.2832376979273762,0.9320347419549978
375.0,inel,0.22627019774580723,0.4837853246517938,2.1380868071511565
375.0,pipro,0.12048641623192753,0.07639733092023264,0.6340742243770731
375.5,cex,0.3502498143576338,0.15676087311921263,0.4475687543381448
375.5,abs,0.3029435153702296,0.2827934283011857,0.9334856630140496
375.5,inel,0.22450430465231855,0.4837173305560634,2.1546015846118336
375.5,pipro,0.12230236561981805,0.07672836802353811,0.6273661808149436
376.0,cex,0.35113938619497354,0.15694194058642988,0.4469505465823374
376.0,abs,0.3020043686117439,0.28234919184517815,0.9349175746797411
376.0,inel,0.222755393513208,0.4836482091626832,2.1712076261534197
376.0,pipro,0.12410085168007458,0.07706065840570885,0.6209518900351074
376.5,cex,0.35202044427894524,0.15712284702653084,0.44634580059226564
376.5,abs,0.3010742100693217,0.2819049890866162,0.9363305778389592
376.5,inel,0.22102322053674592,0.48357795837186146,2.1879056743337286
376.5,pipro,0.12588212511498706,0.0773942055149914,0.6148148948414689
377.0,cex,0.3528931102502985,0.1573035905579473,0.445754212788047
377.0,abs,0.3001529113233002,0.28146082055538246,0.9377247727316423
377.0,inel,0.21930754657545404,0.4835065760873101,2.2046964805242433
377.0,pipro,0.12764643185094732,0.07772901279936005,0.6089399576019813
377.5,cex,0.35375750344350054,0.1574841692932711,0.4451754881813363
377.5,abs,0.29924034638882513,0.2810166867839938,0.9391002589565512
377.5,inel,0.2176081370160381,0.4834340602163084,2.2215808050444292
377.5,pipro,0.1293940131516363,0.07806508370642674,0.603312949378443
378.0,cex,0.354613740941137,0.15766458133926287,0.4446093400690694
378.0,abs,0.298336391658419,0.2805725883076167,0.9404571354769853
378.0,inel,0.21592476167243588,0.48336040866976965,2.238559417298519
378.0,pipro,0.131125105728008,0.07840242168335085,0.5979207509352213
378.5,cex,0.35546193762677986,0.1578448247968624,0.4440554897402063
378.5,abs,0.2974409258461671,0.28012852566408236,0.9417955006264387
378.5,inel,0.21425719468187823,0.4832856193623072,2.2556330959148103
378.5,pipro,0.1328399418451747,0.07874103017674808,0.5927511641680855
379.0,cex,0.3563022062363725,0.15802489776119946,0.4435136661948285
379.0,abs,0.29655382993346824,0.2796844993939018,0.9431154521142043
379.0,inel,0.2126052144038649,0.4832096902122997,2.2728026288875234
379.0,pipro,0.13453874942629443,0.07908091263259909,0.587792832695555
379.5,cex,0.3571346574081807,0.15820479832160364,0.442983605874986
379.5,abs,0.2956749871162998,0.2792405100402804,0.9444170870309191
379.5,inel,0.2109686033219597,0.48313261914195926,2.2900688137212977
379.5,pipro,0.1362217521535598,0.07942207249615682,0.5830351705256739
380.0,cex,0.3579593997313565,0.15838452456161495,0.44246505240672634
380.0,abs,0.2948042827539485,0.27879655814913323,0.9457005018540531
380.0,inel,0.20934714794831422,0.4830544040773979,2.307432457578354
380.0,pipro,0.13788916956638084,0.07976451321185381,0.578468297856088
380.5,cex,0.35877653979315866,0.15856407455899577,0.44195775635277296
380.5,abs,0.29394160431915756,0.2783526442691004,0.946965792453351
380.5,inel,0.20774063873083154,0.4829750429486958,2.324894377428405
380.5,pipro,0.13954121715685222,0.0801082382232081,0.5740829831888445
381.0,cex,0.359586182224873,0.1587434463857416,0.44146147497533383
381.0,abs,0.29308684134964746,0.2779087689515616,0.9482130540962134
381.0,inel,0.20614886996288548,0.4828945336899674,2.342455400201352
381.0,pipro,0.14117810646259402,0.08045325097272936,0.5698705910469619
381.5,cex,0.36038842974647517,0.1589226381080928,0.44097597200856625
381.5,abs,0.29223988540096435,0.2774649327506512,0.9494423814530267
381.5,inel,0.20457163969551362,0.48281287423943264,2.3601163629428594
381.5,pipro,0.14280004515704686,0.08079955490182346,0.5658230346703513
382.0,cex,0.3611833832100747,0.15910164778654673,0.440501017440242
382.0,abs,0.2914006300006146,0.2770211362232735,0.9506538686024434
382.0,inel,0.20300874965200538,0.48273006253948275,2.3778781129728226
382.0,pipro,0.14440723713730544,0.08114715345069692,0.5619327331464732
382.5,cex,0.3619711416421795,0.15928047347587007,0.44003638730217925
382.5,abs,0.2905689706034449,0.2765773799291177,0.9518476090366088
382.5,inel,0.20146000514480905,0.4826460965367517,2.3957415080468536
382.5,pipro,0.14599988260956656,0.08149605005826056,0.558192572498141
383.0,cex,0.3627518022848185,0.1594591132251113,0.43958186346903455
383.0,abs,0.2897448045482286,0.27613366443067183,0.9530236956663319
383.0,inel,0.1999252149946852,0.4825609741821846,2.4137074165207872
383.0,pipro,0.1475781781722677,0.08184624816203227,0.554595870308775
383.5,cex,0.36352546063555685,0.15963756507761323,0.4391372334650689
383.5,abs,0.28892803101541964,0.27568999029323954,0.9541822208262181
383.5,inel,0.19840419145203525,0.48247469343110794,2.4317767175183267
383.5,pipro,0.14914231689698826,0.08219775119803936,0.551136343515522
384.0,cex,0.36429221048643945,0.15981582707102648,0.43870229027852226
384.0,abs,0.28811855098603917,0.275246358084954,0.9553232762797391
384.0,inel,0.19689675012033786,0.48238725224329926,2.4499503011018593
384.0,pipro,0.15069248840718352,0.08255056260072025,0.5478080790441381
384.5,cex,0.3650521439618963,0.15999389723732338,0.4382768321832493
384.5,abs,0.28731626720165765,0.2748027683767928,0.9564469532242599
384.5,inel,0.19540270988162695,0.48229864858305865,2.4682290684465453
384.5,pipro,0.15222887895481907,0.08290468580282506,0.5446055069973342
385.0,cex,0.365805351555641,0.1601717736028107,0.4378606625672826
385.0,abs,0.28652108412544025,0.27435922174259314,0.9575533422960155
385.0,inel,0.19392189282394873,0.4822088804192801,2.4866139320177307
385.0,pipro,0.15375167149496996,0.08326012423531605,0.5415233761412469
385.5,cex,0.3665519221665939,0.1603494541881446,0.4374535897680207
385.5,abs,0.28573290790422157,0.27391571875906684,0.958642533575041
385.5,inel,0.19245412417073632,0.48211794572552147,2.5051058157517523
385.5,pipro,0.15526104575844832,0.08361688132726706,0.53855673146345
386.0,cex,0.3672919431338592,0.16052693700834447,0.43705542691373594
386.0,abs,0.28495164633157877,0.2734722600058147,0.9597146165900502
386.0,inel,0.1909992322120428,0.48202584248007835,2.523705655240251
386.0,pipro,0.15675717832251926,0.08397496050576238,0.5357008936011116
386.5,cex,0.36802550027078734,0.16073217997885197,0.4367419645122085
386.5,abs,0.28417720881187236,0.27290236497385983,0.9603246020849034
386.5,inel,0.1895570482375768,0.48201641705120185,2.542856736443153
386.5,pipro,0.1582402426797636,0.08434903799608638,0.533044164794328
387.0,cex,0.3687526778981463,0.160956899249087,0.43649011626580003
387.0,abs,0.2834095063252246,0.272243666613451,0.9606017460156742
387.0,inel,0.18812740647148485,0.4820645372271125,2.5624365225073187
387.0,pipro,0.15971040930514435,0.08473489691034945,0.5305533764455771
387.5,cex,0.36947355887643296,0.16118134051855654,0.4362459414110934
387.5,abs,0.28264845139340866,0.2715855603332799,0.9608598914814831
387.5,inel,0.18671014400882782,0.4821108909315372,2.5821354993371037
387.5,pipro,0.16116784572133064,0.08512220821662625,0.528158751738904
388.0,cex,0.37013741251110677,0.16140550100093368,0.43606913417889187
388.0,abs,0.28185526521300214,0.2709280482758579,0.9612311058695804
388.0,inel,0.18527966573025592,0.4821554754185318,2.6023118808973353
388.0,pipro,0.1627276565456352,0.08551097530467651,0.5254852009787032
388.5,cex,0.37079538729138245,0.16162937790500104,0.4358991062043274
388.5,abs,0.28106910321054945,0.27027113257944957,0.9615825058401702
388.5,inel,0.1838618552644069,0.48219828795783864,2.6226118912180123
388.5,pipro,0.16427365423366114,0.08590120155771061,0.522915265740212
389.0,cex,0.3714475609646099,0.16186341415868302,0.4357638363227932
389.0,abs,0.28028987249189385,0.269608220884783,0.9618906972551433
389.0,inel,0.18245654508053377,0.48223990920290283,2.643039793338457
389.0,pipro,0.1658060214629624,0.08628845575363121,0.5204181066060153
389.5,cex,0.37209400991322006,0.16211200495828462,0.43567485807173423
389.5,abs,0.2795174817937127,0.2689366124363303,0.9621459477615386
389.5,inel,0.18106357058903044,0.482280560608009,2.663597978539077
389.5,pipro,0.1673249377040368,0.08667082199737602,0.5179791081152456
390.0,cex,0.3727348091845465,0.1623603682733565,0.4355921804796329
390.0,abs,0.2787518414478849,0.26826567030945886,0.9623816973406918
390.0,inel,0.17968277007717134,0.482319405493311,2.6842830021273674
390.0,pipro,0.16883057929039724,0.08705455592387373,0.5156326317765897
390.5,cex,0.3733700325198692,0.16260850125822496,0.43551567371591776
390.5,abs,0.27799286334678996,0.26759539683147976,0.9625980811516748
390.5,inel,0.17831398464652806,0.48235644154782786,2.7050959716031437
390.5,pipro,0.17032311948681267,0.08743966036246732,0.5133751696535677
391.0,cex,0.37399975238270317,0.16285640106221705,0.4354452109250885
391.0,abs,0.2772404609095077,0.26692579432360414,0.9627952335958988
391.0,inel,0.176957058152013,0.4823916664793137,2.7260380089779774
391.0,pipro,0.17180272855577622,0.08782613813486512,0.5112033951565101
391.5,cex,0.3746240399863543,0.16310406482970335,0.43538066813769993
391.5,abs,0.27649454904889326,0.26625686510092184,0.9629732883227254
391.5,inel,0.1756118371425001,0.4824250780143437,2.747110251018445
391.5,pipro,0.17326957382225236,0.08821399205503101,0.5091141514870051
392.0,cex,0.375242965320767,0.1633514897001406,0.43532192418451787
392.0,abs,0.27575504413950036,0.26558861147237695,0.9631323782350093
392.0,inel,0.1742781708029761,0.4824566738984076,2.768313849494275
392.0,pipro,0.17472381973675652,0.08860322492907483,0.5071044409546835
392.5,cex,0.3758565971786806,0.1635986728081151,0.43526886061372233
392.5,abs,0.27502186398632794,0.26492103574074694,0.9632726354945979
392.5,inel,0.1729559108981759,0.482486451895996,2.789649971431445
392.5,pipro,0.1761656279368156,0.08899383955514201,0.5051714150904679
393.0,cex,0.3764650031811193,0.1638456112833868,0.43522136161102815
393.0,abs,0.27429492779436465,0.26425414020261817,0.9633941915277634
393.0,inel,0.1716449117176578,0.48251440979069227,2.8111197993704002
393.0,pipro,0.17759515730685824,0.08938583872330293,0.5033123654878572
393.5,cex,0.37706824980223297,0.16409230225093263,0.43517931392260356
393.5,abs,0.2735741561389088,0.2635879271483644,0.9634971770305897
393.5,inel,0.17034503002227638,0.48254054538526125,2.8327245316294722
393.5,pipro,0.17901256403658186,0.08977922521544182,0.5015247153104578
394.0,cex,0.3776664023935084,0.1643387428309913,0.4351426067806769
394.0,abs,0.27285947093663965,0.26292239886212404,0.9635817219743013
394.0,inel,0.16905612499201125,0.482564856501739,2.8544653825736432
394.0,pipro,0.1804180016778408,0.09017400180514555,0.49980601140989606
394.5,cex,0.37825952520737016,0.16458493013910844,0.43511113183172156
394.5,abs,0.2721507954174189,0.2622575576217776,0.9636479556105385
394.5,inel,0.16777805817511168,0.48258734098152223,2.876343582888776
394.5,pipro,0.1818116212000992,0.09057017125759168,0.49815391700353123
395.0,cex,0.37884768142018893,0.16483086128618105,0.43508478306711146
395.0,abs,0.27144805409680045,0.26159340569892575,0.9636960064765818
395.0,inel,0.16651069343851924,0.4826079966854569,2.898360379861431
395.0,pipro,0.18319357104449133,0.09096773632943626,0.49656620486612696
395.5,cex,0.3794309331547132,0.16507653337850325,0.4350634567561554
395.5,abs,0.2707511727492274,0.26092994535886616,0.9637260024005223
395.5,inel,0.1652538969195302,0.48262682149392916,2.9205170376644283
395.5,pipro,0.18456399717652916,0.09136669976870132,0.4950407509938799
396.0,cex,0.38000934150194304,0.16532194351781254,0.4350470513814125
396.0,abs,0.27006007838189766,0.260267178860572,0.9637380705063807
396.0,inel,0.16400753697866247,0.48264381330695344,2.942814837648259
396.0,pipro,0.18592304313749683,0.09176706431466203,0.4935755287030073
396.5,cex,0.38058296654246104,0.16556708880133536,0.43503546757619616
396.5,abs,0.269374699209277,0.25960510845667,0.9637323372191796
396.5,inel,0.1627714841536915,0.4826589700442615,2.9652550786385103
396.5,pipro,0.18727085009457056,0.09216883269773303,0.4921686031285081
397.0,cex,0.3811518673672357,0.1658119663218344,0.4350286080641876
397.0,abs,0.26869496462824255,0.2589437363934176,0.9637089282699569
397.0,inel,0.16154561111482238,0.4826722896453926,2.9878390772394416
397.0,pipro,0.1886075568896993,0.09257200763935533,0.490818126091803
397.5,cex,0.3817161020979141,0.16605657316765515,0.4350263776010684
397.5,abs,0.26802080519383753,0.25828306491068226,0.9636679687007403
397.5,inel,0.16032979262096453,0.48268377006978097,3.0105681681438528
397.5,pipro,0.18993330008728387,0.0929765918518816,0.4895223313086973
398.0,cex,0.3822757279066155,0.16630090642277337,0.4350286829181012
398.0,abs,0.26735215259562006,0.2576230962419176,0.9636095828694597
398.0,inel,0.1591239054770779,0.48269340929684684,3.033443704449422
398.0,pipro,0.19124821402068648,0.09338258803846224,0.4882795299116438
398.5,cex,0.38283080103524375,0.16654496316684259,0.4350354326675776
398.5,abs,0.26668893963458956,0.256963832614144,0.9635338944548257
398.5,inel,0.15792782849256057,0.48270120532608296,3.056467057981623
398.5,pipro,0.19255243083760618,0.09378999889293053,0.48708810626249965
399.0,cex,0.3833813768143288,0.16678874047524264,0.435046537370067
399.0,abs,0.2660311002006736,0.2563052762479246,0.9634410264611446
399.0,inel,0.15674144244064717,0.4827071561771455,3.0796396196234497
399.0,pipro,0.19384608054435043,0.09419882709968724,0.4859465140340318
399.5,cex,0.3839275096814134,0.1670322354191279,0.435061909363392
399.5,abs,0.2653785692507601,0.2556474293573453,0.9633311012230995
399.5,inel,0.15556463001879078,0.4827112598899413,3.102962799652043
399.5,pipro,0.19512929104903579,0.09460907533358552,0.48485327254025823
400.0,cex,0.38446925319899505,0.16727544506547612,0.43508146275327003
400.0,abs,0.2647312827872587,0.25499029414999225,0.9632042404104753
400.0,inel,0.15439727580999985,0.4827135145247169,3.1264380280824424
400.0,pipro,0.1964021882037464,0.09502074625981478,0.48380696329737866
400.5,cex,0.3824583806819095,0.1674369710510369,0.43779135066279057
400.5,abs,0.2646826950474187,0.25457561968487696,0.9618143703700348
400.5,inel,0.1544268459789449,0.48256304360852076,3.124864984125332
400.5,pipro,0.19843207829172688,0.09542436565556543,0.48089183199137975
401.0,cex,0.38044716791640354,0.1675982186480183,0.44052954728485455
401.0,abs,0.2646340990863208,0.2541609608718541,0.9604240789428633
401.0,inel,0.15445642115129182,0.4824113693359573,3.1232846503897034
401.0,pipro,0.20046231184598393,0.09582945114417031,0.4780422327853652
401.5,cex,0.37843561481611254,0.16775918569496215,0.4432965057384433
401.5,abs,0.2645854949018781,0.25374631823399907,0.9590333677517024
401.5,inel,0.15448600132831053,0.482258489832311,3.121697019054982
401.5,pipro,0.20249288895369882,0.09623600623872777,0.47525622621114705
402.0,cex,0.3764237212946428,0.1679198700253703,0.4460926889725217
402.0,abs,0.26453688249200313,0.25333169229806907,0.9576422384342841
402.0,inel,0.15451558651127156,0.4821044032296923,3.1201020823522154
402.0,pipro,0.20452380970208256,0.09664403444686837,0.47253194915371405
402.5,cex,0.3744114872655711,0.1680802694677298,0.44891857003444446
402.5,abs,0.2644882618546077,0.2529170835945215,0.9562506926434147
402.5,inel,0.15454517670144574,0.4819491076671263,3.118499832564608
402.5,pipro,0.2065550741783754,0.09705353927062253,0.46986761112830233
403.0,cex,0.3723989126424453,0.1682403818455409,0.45177463234720844
403.0,abs,0.2644396329876029,0.25250249265753155,0.9548587320470567
403.0,inel,0.15457477190010438,0.4817926012906401,3.116890262028035
403.0,pipro,0.2085866824698474,0.09746452420628732,0.46726149077315354
403.5,cex,0.3703859973387837,0.16840020497734348,0.45466136999588463
403.5,abs,0.26439099588889914,0.2520879200250102,0.9534663583284096
403.5,inel,0.1546043721085192,0.48163488225335394,3.1152733631315868
403.5,pipro,0.210618634663798,0.09787699274429236,0.4647119325435256
404.0,cex,0.36837274126807545,0.16855973667674504,0.45757928802359255
404.0,abs,0.26434235055640615,0.2516733662386218,0.9520735731859924
404.0,inel,0.1546339773279623,0.48147594871556815,3.113649128318084
404.0,pipro,0.21265093084755618,0.09829094836906495,0.46221734359360567
404.5,cex,0.3663591443437804,0.16871897475244887,0.46052890273738617
404.5,abs,0.26429369698803273,0.25125883184380116,0.9506803783337224
404.5,inel,0.15466358755970636,0.48131579884485537,3.1120175500846194
404.5,pipro,0.21468357110848058,0.09870639455889467,0.4597761908339874
405.0,cex,0.364345206479329,0.168877917008282,0.46351074202444115
405.0,abs,0.2642450351816873,0.2508443173897729,0.9492867755010026
405.0,inel,0.1546932028050243,0.48115443081614795,3.1103786209830835
405.0,pipro,0.21671655553395935,0.09912333478579706,0.45738699815328365
405.5,cex,0.3623309275881227,0.1690365612432244,0.4665253456789523
405.5,abs,0.26419636513527733,0.25042982342956716,0.9478927664327961
405.5,inel,0.15472282306518967,0.4809918428118319,3.108732333620714
405.5,pipro,0.21874988421141037,0.09954177251537648,0.45504834379329107
406.0,cex,0.3603163075835331,0.1691949052514382,0.46957326574016717
406.0,abs,0.2641476868467097,0.2500153505200384,0.946498352889713
406.0,inel,0.15475244834147625,0.48082803302183474,3.10707868066062
406.0,pipro,0.2207835572282809,0.09996171120668855,0.45275885786789977
406.5,cex,0.3583013463789029,0.1693529468222972,0.4726550668419952
406.5,abs,0.2640990003138906,0.24960089922188214,0.9451035366480866
406.5,inel,0.1547820786351584,0.48066299964371945,3.105417654822333
406.5,pipro,0.22281757467204813,0.10038315431210108,0.4505172200166394
407.0,cex,0.3562860438875452,0.1695106837404171,0.4757713265746662
407.0,abs,0.26405030553472536,0.24918647009965314,0.9437083195000603
407.0,inel,0.15481171394751087,0.48049674088277433,3.103749248882339
407.0,pipro,0.22485193663021852,0.10080610527715543,0.44832215718442603
407.5,cex,0.35427040002274396,0.16966811378568541,0.47892263585891687
407.5,abs,0.2640016025071188,0.24877206372178218,0.9423127032536632
407.5,inel,0.15484135427980877,0.48032925495210654,3.102073455674633
407.5,pipro,0.22688664319032842,0.10123056754042582,0.446172441519647
408.0,cex,0.35225441469775354,0.16982523473329347,0.4821095993332245
408.0,abs,0.2639528912289748,0.24835768066059397,0.9409166897328953
408.0,inel,0.15487099963332782,0.48016054007273357,3.100390268091253
408.0,pipro,0.2289216944399438,0.10165654453337901,0.4440668883833025
408.5,cex,0.3502380878257989,0.16998204435376624,0.48533283575460745
408.5,abs,0.2639041716981968,0.24794332149232393,0.939520280777805
408.5,inel,0.15490065000934397,0.4799905944736775,3.09869967908284
408.5,pipro,0.2309570904666603,0.10208403968023225,0.44200435446240843
409.0,cex,0.34822141932007583,0.17013854041299534,0.48859297841356664
409.0,abs,0.26385544391268734,0.24752898679713606,0.9381234782445729
409.0,inel,0.1549303054091337,0.47981941639205705,3.0970016816591777
409.0,pipro,0.23299283135810317,0.10251305639781151,0.43998373598135276
409.5,cex,0.3462044090937504,0.17029472067227014,0.49189067556373955
409.5,abs,0.2638067078703482,0.24711467715913932,0.9367262840055892
409.5,inel,0.15495996583397392,0.4796470040731826,3.09529626888975
409.5,pipro,0.2350289172019274,0.102943598095408,0.43800396700531535
410.0,cex,0.34418705705995956,0.17045058288831091,0.49522659086688825
410.0,abs,0.26375796356908066,0.24670039316640568,0.9353286999495375
410.0,inel,0.154989631285142,0.47947335577064865,3.093583433904285
410.0,pipro,0.23706534808581775,0.1033756681746347,0.4360640178302763
410.5,cex,0.3421693631318105,0.17060612481330154,0.49860140385385887
410.5,abs,0.2637092110067851,0.24628613541098635,0.9339307279814716
410.5,inel,0.15501930176391568,0.4792984697464307,3.091863169893328
410.5,pipro,0.23910212409748863,0.10380927002928146,0.43416289345449527
411.0,cex,0.3401513272223813,0.1707613441949231,0.5020158104021866
411.0,abs,0.2636604501813614,0.24587190448892954,0.9325323700228993
411.0,inel,0.15504897727157316,0.47912234427097733,3.0901354701087738
411.0,pipro,0.2411392453246842,0.10424440704517009,0.43229963212669603
411.5,cex,0.33813294924472015,0.1709075429807603,0.5054448061406396
411.5,abs,0.2636116810907084,0.24550291333771473,0.9313051391422883
411.5,inel,0.15507865780939306,0.47887676318412853,3.0879604579291318
411.5,pipro,0.24317671185517833,0.10471278049739638,0.4306036531975032
412.0,cex,0.3361142291118462,0.17104721090317174,0.5088960718954081
412.0,abs,0.2635629037327246,0.24516561259225822,0.930197721758587
412.0,inel,0.1551083433786545,0.4785817522433852,3.0854674985152735
412.0,pipro,0.24521452377677472,0.10520542426118491,0.42903422946087894
412.5,cex,0.3340951667367488,0.1711864662145697,0.5123883349963472
412.5,abs,0.2635141181053075,0.24482802192186326,0.9290888233321268
412.5,inel,0.15513803398063694,0.47828545133469336,3.082967078172391
412.5,pipro,0.24725268117730675,0.10570006052887371,0.42749813682738347
413.0,cex,0.3335010881607514,0.1713253059706731,0.5137173821996416
413.0,abs,0.26290309874849105,0.24449014130308394,0.9299629501019231
413.0,inel,0.1548366073025471,0.477987858194345,3.087046832926066
413.0,pipro,0.24875920578821034,0.10619669453189785,0.42690558604818846
413.5,cex,0.3329094395788519,0.1714637272203583,0.5150461562077333
413.5,abs,0.26229457867963196,0.24415197071979172,0.9308311744330799
413.5,inel,0.15453641356750264,0.4776889705698587,3.0911094643800614
413.5,pipro,0.25025956817401346,0.10669533148999122,0.4263386701594664
414.0,cex,0.3323202061121611,0.17160364491290261,0.5163804118940177
414.0,abs,0.26168854259555385,0.2438050586427903,0.9316611886199279
414.0,inel,0.15423744522617547,0.4773941217572674,3.0951895050985283
414.0,pipro,0.2517538060661095,0.10719717468703972,0.4258016049969477
414.5,cex,0.33173337300301436,0.1717458511672273,0.5177225601768644
414.5,abs,0.2610849753177616,0.24344591162641693,0.9324393766057335
414.5,inel,0.15393969479074482,0.47710549532551655,3.099301294406627
414.5,pipro,0.2532419568884793,0.10770274188083931,0.4252958048664448
415.0,cex,0.3311489256137387,0.1718876242333767,0.519064417662859
415.0,abs,0.26048386179117344,0.2430865143855055,0.9332114193714803
415.0,inel,0.15364315483427213,0.47681551483024404,3.103395757165773
415.0,pipro,0.25472405776081575,0.10821034655087364,0.4248140026588398
415.5,cex,0.3305668494254365,0.1720289610506332,0.5204059673546803
415.5,abs,0.25988518708286995,0.24272686706109622,0.9339773066161619
415.5,inel,0.1533478179900835,0.47652417798430236,3.107472830263014
415.5,pipro,0.25620014550161013,0.10871999390396825,0.42435570710198905
416.0,cex,0.3299871300367825,0.1721698585515613,0.5217471921779803
416.0,abs,0.25928893638085676,0.24236696980207298,0.9347370280622852
416.0,inel,0.15305367695115968,0.47623148251311254,3.1115324505734074
416.0,pipro,0.257670256631201,0.10923168913325322,0.42392044220142433
416.5,cex,0.3294097531628366,0.1723103136620738,0.5230880749814834
416.5,abs,0.2586950949928437,0.24200682276522006,0.9354905734564264
416.5,inel,0.15276072446953345,0.4759374261548387,3.1155745549619955
416.5,pipro,0.2591344273747862,0.1097454374178674,0.4235077466536028
417.0,cex,0.3288347046338704,0.17245032330149523,0.5244285985370798
417.0,abs,0.2581036483450374,0.24164642611527995,0.9362379325697978
417.0,inel,0.15246895335569433,0.475642006660567,3.119599080285829
417.0,pipro,0.26059269366539795,0.11026124392265793,0.4231171732858858
417.5,cex,0.3282619703942077,0.17258988438262746,0.5257687455399277
417.5,abs,0.25751458198094923,0.2412857800250092,0.9369790951988085
417.5,inel,0.15217835647800015,0.47534522179448335,3.1236059633959985
417.5,pipro,0.2620450911468428,0.11077911379788,0.42274828852185004
418.0,cex,0.32769153650107985,0.17272899381181714,0.5271084986085625
418.0,abs,0.2569278815602177,0.24092488467523718,0.9377140511656389
418.0,inel,0.1518889267620965,0.4750470693340522,3.12759514113967
418.0,pipro,0.2634916551766059,0.11129905217889338,0.42240067187059466
418.5,cex,0.327123389123494,0.1728676484890233,0.5284478402850099
418.5,abs,0.2563435328574443,0.2405637402549225,0.9384427903188135
418.5,inel,0.1516006571903422,0.4747475470701958,3.131566550362157
418.5,pipro,0.26493242082871954,0.1118210641858585,0.4220739154388036
419.0,cex,0.32655751454111487,0.17300584530788465,0.5297867530349009
419.0,abs,0.2557615217610443,0.24020234696120976,0.9391653025337747
419.0,inel,0.1513135408012423,0.4744466528074758,3.1355201279090057
419.0,pipro,0.2663674228965986,0.11234515492342989,0.42176762346438007
419.5,cex,0.3259938991431612,0.17314358115579068,0.5311252192475975
419.5,abs,0.2551818342721101,0.2398407049994883,0.9398815777134709
419.5,inel,0.15102757068888764,0.47414438436427325,3.139455810628092
419.5,pipro,0.26779669589584104,0.11287132948044777,0.4214814118705514
420.0,cex,0.32543252942731365,0.17328085291395068,0.5324632212363192
420.0,abs,0.25460445650328956,0.2394788145834483,0.9405916057889355
420.0,inel,0.15074274000240126,0.47384073957297207,3.1433735353717465
420.0,pipro,0.26922027406699545,0.11339959292962899,0.4212149078394056
420.5,cex,0.32487339199863685,0.17341765745746598,0.5338007412382779
420.5,abs,0.2540293746776766,0.23911667593513805,0.9412953767198756
420.5,inel,0.15045904194539128,0.47353571628014157,3.1472732389988907
420.5,pipro,0.2706381913782952,0.11392995032725435,0.4209677494038684
421.0,cex,0.3243164735685141,0.17355399165540172,0.5351377614148152
421.0,abs,0.2534565751277155,0.23875428928502224,0.9419928804952687
421.0,inel,0.15017646977541008,0.4732293123467194,3.1511548583771947
421.0,pipro,0.2720504815283603,0.1144624067128566,0.4207395850572104
421.5,cex,0.3237617609535944,0.17368985237086004,0.5364742638515468
421.5,abs,0.25288604429411804,0.23839165487203828,0.9426841071339543
421.5,inel,0.14989501680342054,0.47292152564819767,3.1550183303852553
421.5,pipro,0.27345717794886715,0.11499696710890392,0.4205300733791922
422.0,cex,0.32320924107475224,0.17382523646105447,0.5378102305585128
422.0,abs,0.2523177687247935,0.23802877294365443,0.9433690466852365
422.0,inel,0.14961467639326798,0.4726123540748067,3.158863591914785
422.0,pipro,0.2748583138071862,0.11553363652048437,0.42033888267804587
422.5,cex,0.32265890095606,0.1739601407773852,0.5391456434703323
422.5,abs,0.2517517350737919,0.2376656437559259,0.9440476892294817
422.5,inel,0.14933544196115858,0.4723017955317021,3.1626905798728306
422.5,pipro,0.2762539220089896,0.11607241993498685,0.4201656906474968
423.0,cex,0.32211072772377136,0.17409456216551436,0.5404804844463627
423.0,abs,0.25118793010025847,0.237302267573554,0.9447200248787344
423.0,inel,0.14905730697514413,0.4719898479391504,3.1664992311839932
423.0,pipro,0.27764403520082603,0.11661332232178116,0.4200101840381054
423.5,cex,0.3215647086053184,0.1742284974654443,0.5418147352708678
423.5,abs,0.2506263406674018,0.2369386446699414,0.9453860437773183
423.5,inel,0.14878026495461255,0.47167650923271864,3.170289482792694
423.5,pipro,0.2790286857726673,0.1171563486318956,0.4198720583422245
424.0,cex,0.3210208309283186,0.17436194351159395,0.5431483776531859
424.0,abs,0.25006695374147314,0.23657477532725096,0.9460457361024568
424.0,inel,0.14850430946978457,0.4713617773634609,3.1740612716654297
424.0,pipro,0.28040790586042363,0.1177015037976941,0.4197510174919299
424.5,cex,0.3204790821195954,0.17449489713287966,0.5444813932279118
424.5,abs,0.2495097563907584,0.23621065983646192,0.9466990920648862
424.5,inel,0.14822943414121648,0.47104565029810797,3.1778145347930575
424.5,pipro,0.2817817273484298,0.11824879273255046,0.4196467735692918
425.0,cex,0.31993944970420857,0.1746273551527935,0.5458137635550744
425.0,abs,0.24895473578458116,0.23584629849742778,0.9473461019094811
425.0,inel,0.14795563263930814,0.47072812601925706,3.18154920919311
425.0,pipro,0.28315018187190216,0.11879822033052159,0.41955904652841153
425.5,cex,0.31940192130449707,0.17479266332469567,0.5472498806857824
425.5,abs,0.24840187919231832,0.2354604426795732,0.9479012133288832
425.5,inel,0.14768289868381754,0.4704520479079066,3.1855553493375246
425.5,pipro,0.28451330081936715,0.11929484608782454,0.41929444333276666
426.0,cex,0.31886648463913253,0.17495759859906304,0.548686070902265
426.0,abs,0.24785117398242634,0.23507450685566694,0.9484502456798316
426.0,inel,0.14741122604338044,0.47017470906708503,3.1895447971426623
426.0,pipro,0.2858711153350607,0.11979318547818499,0.4190461332120914
426.5,cex,0.318333127522184,0.17512215828194116,0.5501223188583703
426.5,abs,0.24730260762147946,0.23468849168995742,0.9489931948035536
426.5,inel,0.14714060853503574,0.4698961083128994,3.193517499970188
426.5,pipro,0.28722365632130076,0.12029324171520199,0.4188138374669139
427.0,cex,0.3178018378621933,0.17528633967463683,0.5515586091438694
427.0,abs,0.24675616767321873,0.23430239785275922,0.9495300565822041
427.0,inel,0.14687104002375653,0.4696162444751377,3.197473405234802
427.0,pipro,0.2885709544408314,0.12079501799746623,0.41859728478748903
427.5,cex,0.31727260366126125,0.175450140073772,0.5529949262845676
427.5,abs,0.24621184179761246,0.23391622602047385,0.9500608269392433
427.5,inel,0.14660251442198638,0.4693351163973867,3.201412460405926
427.5,pipro,0.2899130401191398,0.12129851750836747,0.41839621101044583
428.0,cex,0.31674541301414505,0.17561355677133858,0.5544312547424203
428.0,abs,0.24566961774992682,0.23352997687561222,0.9505855018398253
428.0,inel,0.14633502568918114,0.469052722937146,3.205334613009359
428.0,pipro,0.291249943546747,0.1218037434159032,0.41821035888493874
428.5,cex,0.31622025410736465,0.17577658705475294,0.5558675789156516
428.5,abs,0.24512948337980803,0.23314365110681579,0.9511040772911793
428.5,inel,0.14606856783135594,0.4687690629659465,3.209239810628976
428.5,pipro,0.2925816946814713,0.12231069887248477,0.4180394778478617
429.0,cex,0.3156971152183211,0.17593922820691213,0.557303883138878
429.0,abs,0.2445914266303748,0.23275724940887724,0.9516165493429934
429.0,inel,0.14580313490063754,0.4684841353694655,3.2131280009084153
429.0,pipro,0.29390832325066657,0.12281938701474515,0.4178833238077296
429.5,cex,0.31517598471442404,0.17610147750624988,0.5587401516832339
429.5,abs,0.2440554355373211,0.2323707724827622,0.9521229140878034
429.5,inel,0.1455387209948217,0.4681979390476442,3.216999131552783
429.5,pipro,0.29522985875343316,0.12332981096334372,0.4177416589368251
430.0,cex,0.31465685105222935,0.17626333222679316,0.5601763687565015
430.0,abs,0.24352149822802924,0.23198422103562918,0.9526231676613752
430.0,inel,0.14527532025693574,0.4679104729148055,3.220853150330374
430.0,pipro,0.29654633046280565,0.1238419738227722,0.4176142514712557
430.5,cex,0.314139702776587,0.1764247896382198,0.5616125185032449
430.5,abs,0.24298960292069346,0.23159759578085198,0.9531173062431005
430.5,inel,0.14501292687480602,0.46762173589976924,3.224690005074382
430.5,pipro,0.2978577674279135,0.12435587868115901,0.4175008755185651
431.0,cex,0.31362452851979844,0.1765858470059167,0.5630485850049487
431.0,abs,0.24245973792345327,0.2312108974380382,0.9536053260563763
431.0,inel,0.14475153508063052,0.4673317269459723,3.2285096436846485
431.0,pipro,0.29916419847611786,0.12487152861007281,0.4174013108725683
431.5,cex,0.31311131700078343,0.17674650159103802,0.5644845522801585
431.5,abs,0.24193189163353634,0.2308241267330517,0.954087223369005
431.5,inel,0.1444911391505561,0.4670404450115837,3.232312014129388
431.5,pipro,0.300465652215124,0.1253889266643266,0.4173153428351007
432.0,cex,0.31260005702425714,0.17690675065056513,0.5659204042846272
432.0,abs,0.24140605253641245,0.230437284398031,0.9545629944935743
432.0,inel,0.14423173340426088,0.4667478890696241,3.2360970644469527
432.0,pipro,0.3017621570350696,0.1259080758817798,0.4172427620443715
432.5,cex,0.31209073747991534,0.17706659143736495,0.5673561249114614
432.5,abs,0.24088220920495532,0.23005037117141106,0.9550326357878595
432.5,inel,0.1439733122045409,0.46645405810808327,3.239864742747589
432.5,pipro,0.30305374111058836,0.12642897928314073,0.4171833643096493
433.0,cex,0.3115833473416303,0.17722602120025216,0.5687916979912784
433.0,abs,0.24036035029861547,0.22966338779794238,0.9554961436552095
433.0,inel,0.14371586995690214,0.4661589511300377,3.2436149972152037
433.0,pipro,0.3043404324028521,0.12695163987176783,0.41713695045199695
433.5,cex,0.3110778756666547,0.17738503718404897,0.5702271072923601
433.5,abs,0.2398404645626014,0.22927633502871028,0.9559535145449414
433.5,inel,0.1434594011091565,0.46586256715376995,3.2473477761091503
433.5,pipro,0.30562225866158743,0.12747606063347078,0.41710332615080825
434.0,cex,0.3105743115948348,0.17754363662964742,0.5716623365208167
434.0,abs,0.23932254082707088,0.2288892136211563,0.9564047449527394
434.0,inel,0.1432039001510228,0.46556490521288546,3.2510630277660093
434.0,pipro,0.30689924742707153,0.12800224453631087,0.4170823017958949
434.5,cex,0.3100726443478333,0.1777018167740708,0.5730973693207467
434.5,abs,0.2388065680063306,0.22850202433909533,0.9568498314210433
434.5,inel,0.14294936161373206,0.4652659643564333,3.254760700601399
434.5,pipro,0.308171426032104,0.12853019453040057,0.4170736923448926
435.0,cex,0.30957286322835964,0.1778595748505374,0.5745321892744114
435.0,abs,0.23829253509804554,0.22811476795273722,0.9572887705394519
435.0,inel,0.14269578006963743,0.46496574364902254,3.258440743111766
435.0,pipro,0.3094388216039573,0.12905991354770283,0.4170773171857643
435.5,cex,0.30907495761941023,0.17801690808852327,0.5759667799024026
435.5,abs,0.23778043118245681,0.22772744523870356,0.9577215589451125
435.5,inel,0.14244315013182832,0.4646642421709435,3.2621031038762194
435.5,pipro,0.3107014610663047,0.1295914045018297,0.41709300000418886
436.0,cex,0.30857891698351575,0.17817381371382643,0.5774011246638229
436.0,abs,0.23727024542160832,0.22734005698004897,0.9581481933231271
436.0,inel,0.1421914664537489,0.4643614590182841,3.265747731558339
436.0,pipro,0.31195937114112704,0.13012467028784053,0.41712056865563285
436.5,cex,0.3080847308619991,0.17832697687110713,0.5788244564154834
436.5,abs,0.2367619670585823,0.2269669615547789,0.9586293118548901
436.5,inel,0.14194072372882097,0.4640487744976218,3.269313853747788
436.5,pipro,0.3132125783505976,0.1306572870764922,0.41715210725106855
437.0,cex,0.30759238887423906,0.1784773760513667,0.5802398970422452
437.0,abs,0.23625558541674346,0.22660389152719723,0.9591472350906706
437.0,inel,0.14169091669007108,0.46372877693120507,3.272819371657722
437.0,pipro,0.31446110901894647,0.13118995549023094,0.41718976282795805
437.5,cex,0.3071018807169442,0.17862734835003563,0.5816550127697735
437.5,abs,0.23575108989899085,0.22624070096497367,0.9596591942031234
437.5,inel,0.1414420401097616,0.4634075635112239,3.2763071230562795
437.5,pipro,0.31570498927430335,0.13172438717376678,0.4172388516144633
438.0,cex,0.30657783437367103,0.17877689107480527,0.5831370406801942
438.0,abs,0.2352259950185785,0.22587739053802866,0.9602569244959025
438.0,inel,0.1411776498791467,0.46308513343536023,3.2801589616471043
438.0,pipro,0.3170185207286038,0.13226058495180582,0.417201445038073
438.5,cex,0.3060558528980152,0.17892600153003915,0.584618787178239
438.5,abs,0.23470296913726996,0.22551396092292078,0.9608483512239897
438.5,inel,0.14091430140911754,0.46276148591676336,3.2839923364004373
438.5,pipro,0.31832687655559744,0.1327985516302767,0.41717668664110663
439.0,cex,0.30553592410986624,0.17907847667094154,0.5861126713418732
439.0,abs,0.23418200005058432,0.2251188161979702,0.9612985462133877
439.0,inel,0.14065198855460276,0.4624909665394389,3.2881935854031275
439.0,pipro,0.3196300872849467,0.13331174059164932,0.41708132586655833
439.5,cex,0.3050180359247225,0.17923595239639678,0.5876241116464066
439.5,abs,0.23366307564984043,0.22467904001876787,0.961551325103091
439.5,inel,0.14039070521876706,0.46229622862367065,3.292926179858466
439.5,pipro,0.32092818320666994,0.13378877896116462,0.416880741430577
440.0,cex,0.304502176352754,0.17939306670230826,0.5891355813972519
440.0,abs,0.23314618392121872,0.22423949808713423,0.9617978485245373
440.0,inel,0.14013044535253882,0.4621002850115764,3.2976437336585134
440.0,pipro,0.3222211943734885,0.13426715019898106,0.4166924849870403
440.5,cex,0.30398833349787774,0.1795498175889624,0.5906470670204714
440.5,abs,0.23263131294483377,0.2238001913863229,0.9620381218387178
440.5,inel,0.13987120295414326,0.4619031352302239,3.3023461976062274
440.5,pipro,0.32350915060314533,0.1347468557944908,0.4165163660541623
441.0,cex,0.303476495556843,0.1797062030554976,0.5921585549014537
441.0,abs,0.23211845089381847,0.22336112090120924,0.9622721504521189
441.0,inel,0.13961297206864098,0.46170477881879096,3.3070335225855154
441.0,pipro,0.32479208148069755,0.13522789722450224,0.4163521986373884
441.5,cex,0.3029666508183277,0.17986222109994404,0.593670031385063
441.5,abs,0.23160758603341816,0.22292228761828403,0.9624999398168204
441.5,inel,0.13935574678747234,0.46150521532862654,3.3117056595624694
441.5,pipro,0.32607001636078176,0.13571027595314542,0.4161998010972837
442.0,cex,0.3024587876620452,0.1800178697192637,0.5951814827757894
442.0,abs,0.23109870672009572,0.22248369252564879,0.9627214954306025
442.0,inel,0.13909952124800634,0.4613044443233089,3.3163625595865995
442.0,pipro,0.32734298436985276,0.13619399343177857,0.41605899602203783
442.5,cex,0.30195289455786123,0.18017314690939107,0.596692895337904
442.5,abs,0.23059180140064683,0.22204533661301018,0.962936822837047
442.5,inel,0.13884428963309556,0.4611024653787044,3.3210041737920633
442.5,pipro,0.32861101440839635,0.1366790510988943,0.4159296101043959
443.0,cex,0.30144896006492156,0.18032805066527324,0.5982042552956125
443.0,abs,0.23008685861132586,0.22160722087167437,0.9631459276256376
443.0,inel,0.13859004617063583,0.4608992780830266,3.3256304533989036
443.0,pipro,0.32987413515311687,0.13716545038002576,0.415811474022836
443.5,cex,0.30094697283078925,0.1804825789809112,0.5997155488332142
443.5,abs,0.22958386697698138,0.22116934629454144,0.963348815431863
443.5,inel,0.138336785133131,0.46069488203689485,3.330241349714297
443.5,pipro,0.33113237505909837,0.1376531926876525,0.41570442232682636
444.0,cex,0.3004469215905926,0.1806367298494005,0.6012267620952602
444.0,abs,0.22908281521020232,0.22073171387609972,0.9635454919373163
444.0,inel,0.13808450083726295,0.460489276853393,3.334836814133793
444.0,pipro,0.33238576236194206,0.13814227942110677,0.41560829332599586
444.5,cex,0.299948795166182,0.18079050126297275,0.6027378811867158
444.5,abs,0.22858369211047336,0.22029432461241982,0.9637359628697951
444.5,inel,0.13783318764346655,0.4602824621581283,3.339416798142564
444.5,pipro,0.33363432507987806,0.1386327119664791,0.41552292898306536
445.0,cex,0.29945258246529727,0.1809438912130373,0.6042488921731253
445.0,abs,0.22808648656334046,0.21985717950114825,0.963920234003399
445.0,inel,0.13758283995550918,0.4600744375892897,3.3439812533166644
445.0,pipro,0.3348780910158531,0.13912449169652477,0.4154481748103928
445.5,cex,0.2989582724807444,0.18109689769022275,0.6057597810807761
445.5,abs,0.22759118753958577,0.2194202795415021,0.9640983111586319
445.5,inel,0.13733345222007554,0.4598652027977062,3.3485301313242797
445.5,pipro,0.3361170877595943,0.13961761997056896,0.4153838797699854
446.0,cex,0.2984658542895814,0.18124951868441921,0.607270533896869
446.0,abs,0.22709778409441217,0.21898362573426233,0.9642702002024973
446.0,inel,0.13708501892635686,0.4596547574469054,3.353063383926989
446.0,pipro,0.3373513426896495,0.14011209813441308,0.41532989617685
446.5,cex,0.2979753170523139,0.1814017521848206,0.6087811365696874
446.5,abs,0.22660626536663717,0.21854721908176716,0.9644359070485943
446.5,inel,0.13683753460564527,0.4594431012131718,3.357580962981025
446.5,pipro,0.3385808829754037,0.14060792752024048,0.41528607960554875
447.0,cex,0.2974866500120997,0.18155359617996691,0.6102915750087696
447.0,abs,0.22611662057789567,0.2181110605879062,0.9645954376572172
447.0,inel,0.13659099383093215,0.4592302337856048,3.3620828204385487
447.0,pipro,0.3398057355790725,0.14110510944652213,0.4152522887998372
447.5,cex,0.2969998424939625,0.1817050486577873,0.6118018350850845
447.5,abs,0.22562883903185246,0.2176751512581136,0.9647487980354496
447.5,inel,0.1363453912165117,0.459016154866177,3.3665689083489108
447.5,pipro,0.3410259272576734,0.14160364521792218,0.4152283855852663
448.0,cex,0.2965148839040146,0.18185610760564283,0.6133119026312076
448.0,abs,0.22514291011342305,0.21723949209936147,0.9648959942372604
448.0,inel,0.13610072141758864,0.45880086416979166,3.371039178859927
448.0,pipro,0.34224148456497366,0.14210353612520404,0.41521423478463804
448.5,cex,0.29603176372868845,0.18200677101036994,0.6148217634415007
448.5,abs,0.2246588232880038,0.21680408412015253,0.9650370323635952
448.5,inel,0.1358569791298906,0.45858436142434167,3.3754935842191576
448.5,pipro,0.3434524338534172,0.14260478344513583,0.41520970413620195
449.0,cex,0.2955504715339767,0.18215703685832377,0.6163314032722931
449.0,abs,0.22417656810071046,0.21636892833051427,0.965171918562476
449.0,inel,0.1356141590892846,0.4583666463707658,3.3799320767751837
449.0,pipro,0.34465880127602827,0.14310738844039617,0.4152146642144942
449.5,cex,0.29507099696468114,0.18230690313542203,0.6178408078420647
449.5,abs,0.22369613417562584,0.21593402574199053,0.9653006590290862
449.5,inel,0.13537225607139836,0.45814771876310806,3.3843546089788936
449.5,pipro,0.3458606127882948,0.14361135235947947,0.4152289883537147
450.0,cex,0.29459332974367025,0.18245636782718883,0.6193499628316318
450.0,abs,0.22321751121505518,0.21549937736763594,0.9654232600058723
450.0,inel,0.13513126489124536,0.457927578368573,3.388761133384761
450.0,pipro,0.3470578941500293,0.14411667643660225,0.4152525525735548
450.5,cex,0.2933266571751335,0.18250943774839493,0.6222054262167721
450.5,abs,0.22350233678594014,0.21502561289474745,0.9620732202933909
450.5,inel,0.1353608790214736,0.4578474628628652,3.3824208750168685
450.5,pipro,0.3478101270174528,0.14461748649399245,0.41579435232124706
451.0,cex,0.292055523797062,0.18256200986353227,0.6250935010234132
451.0,abs,0.22378816542001118,0.21455228679164584,0.9587293697545122
451.0,inel,0.1355913017781195,0.4577660744417456,3.376072568363052
451.0,pipro,0.34856500900480736,0.14511962890307625,0.4163344717744597
451.5,cex,0.2907799060036052,0.18261408305128507,0.6280147949735596
451.5,abs,0.22407500242530926,0.2140793999519373,0.9553917109664931
451.5,inel,0.13582253744029749,0.4576834120790671,3.36971625405134
451.5,pipro,0.349322554130788,0.14562310491771052,0.4168728963981769
452.0,cex,0.28949978002206106,0.18266565619323938,0.6309699308901703
452.0,abs,0.2243628531473938,0.21360695326837822,0.9520602464796187
452.0,inel,0.13605459031736772,0.45759947475953,3.363351972852299
452.0,pipro,0.3500827765131775,0.14612791577885248,0.4174096116189597
452.5,cex,0.2882151219113984,0.1827167281739152,0.6339595471679832
452.5,abs,0.2246517229696748,0.21313494763287058,0.9487349788171495
452.5,inel,0.1362874647492039,0.4575142614787404,3.3569797656788016
452.5,pipro,0.3508456903697229,0.1466340627144738,0.41794460282510554
453.0,cex,0.2869259075607652,0.1827672978807983,0.6369842982620585
453.0,abs,0.22494161731374857,0.21266338393645756,0.945415910475271
453.0,inel,0.13652116510646387,0.4574277712432714,3.3505996735858035
453.0,pipro,0.35161131001902246,0.14714154693947273,0.4184778553668033
453.5,cex,0.2856321126879796,0.1828173642043737,0.6400448551948384
453.5,abs,0.2252325416397366,0.21219226306931888,0.9421030439230408
453.5,inel,0.1367556957908629,0.45734000307071937,3.3442117377700895
453.5,pipro,0.3523796498814208,0.1476503696555881,0.4190093545562971
454.0,cex,0.2843337128380059,0.18286692603815688,0.6431419060825266
454.0,abs,0.22552450144662892,0.2117215859207665,0.9387963816023381
454.0,inel,0.13699106123545024,0.4572509559897644,3.3378159995700365
454.0,pipro,0.353150724479915,0.14816053205131216,0.41953908566804765
454.5,cex,0.2830306833814131,0.18291598227872766,0.6462761566816749
454.5,abs,0.22581750227262976,0.211251353379239,0.9354959259278095
454.5,inel,0.13722726590488818,0.4571606290402295,3.3314125004653685
454.5,pipro,0.3539245484410689,0.1486720353018039,0.4200670339388987
455.0,cex,0.28172299951281815,0.1829645318257616,0.6494483309568656
455.0,abs,0.22611154969550867,0.21078156633229833,0.9322016792868195
455.0,inel,0.13746431429573464,0.4570690212731384,3.3250012820768915
455.0,pipro,0.35470113649593854,0.14918488056880166,0.4205931845682425
455.5,cex,0.2804106362493115,0.18301257358206352,0.6526591716704643
455.5,abs,0.22640664933295365,0.21031222566662325,0.9289136440393941
455.5,inel,0.1377022109367282,0.4569761317507762,3.318582386166254
455.5,pipro,0.3554805034810067,0.14969906900053698,0.4211175227181915
456.0,cex,0.27909356842886623,0.1830601064536002,0.6559094409954399
456.0,abs,0.22670280684292948,0.20984333226800572,0.9256318225181711
456.0,inel,0.1379409603890768,0.45688195954674704,3.3121558546356646
456.0,pipro,0.3562626643391274,0.15021460173164697,0.4216400335137484
456.5,cex,0.2777717707087301,0.18310712934953283,0.6591999211523115
456.5,abs,0.22700002792403895,0.20937488702134557,0.9223562170283465
456.5,inel,0.1381805672467491,0.4567865037460339,3.305721729527641
456.5,pipro,0.3570476341204819,0.15073147988308766,0.4221607020429799
457.0,cex,0.27644521756379964,0.18315364118225055,0.6625314150713469
457.0,abs,0.2272983183158886,0.20890689081064526,0.9190868298476199
457.0,inel,0.13842103613676907,0.45668976344505685,3.299280053024725
457.0,pipro,0.35783542798354273,0.15124970456204737,0.4226795133571948
457.5,cex,0.27511388328497755,0.1831996408674032,0.6659047470811762
457.5,abs,0.22759768379945802,0.20843934451900462,0.9158236632261412
457.5,inel,0.13866237171951393,0.4565917377517333,3.2928308674492204
457.5,pipro,0.3586260611960504,0.15176927686185893,0.4231964524711189
458.0,cex,0.2737777419775116,0.1832451273239342,0.6693207636250654
458.0,abs,0.2278981301974736,0.20797224902861655,0.9125667193864588
458.0,inel,0.13890457868901537,0.45649242578553567,3.286374215262893
458.0,pipro,0.3594195491359995,0.15229019786191358,0.42371150436307803
458.5,cex,0.2724367675593156,0.18329009947411432,0.6727803340061577
458.5,abs,0.22819966337478556,0.20750560522076114,0.9093160005234654
458.5,inel,0.1391476617732635,0.4563918266775512,3.2799101390667027
458.5,pipro,0.36021590729263536,0.15281246862757333,0.42422465397517883
459.0,cex,0.2710909337592726,0.1833345562435748,0.6762843511630491
459.0,abs,0.22850228923875,0.20703941397579986,0.9060715088043398
459.0,inel,0.13939162573451483,0.4562899395705404,3.2734386816004992
459.0,pipro,0.36101515126746253,0.15333609021008496,0.42473588621349584
459.5,cex,0.2697402141155192,0.18337849656133973,0.6798337324771526
459.5,abs,0.22880601373961446,0.20657367617317168,0.9028332463684998
459.5,inel,0.13963647536960322,0.45618676361899685,3.266959885742733
459.5,pipro,0.36181729677526314,0.15386106364649177,0.4252451859482551
460.0,cex,0.2683845819737108,0.18342191935986094,0.6834294206133933
460.0,abs,0.2291108428709081,0.20610839269138648,0.8996012153275421
460.0,inel,0.1398822155102541,0.45608229798920474,3.2604737945101503
460.0,pipro,0.362622359645127,0.15438738995954782,0.4257525380140262
460.5,cex,0.2670240104852688,0.18346482357505078,0.6870723843958302
460.5,abs,0.22941678266983573,0.20564356440801954,0.8963754177651888
460.5,inel,0.1401288510234024,0.4559765418592992,3.2539804510574935
460.5,pipro,0.36343035582149297,0.1549150701576305,0.4262579272099124
461.0,cex,0.26565847260560815,0.18350720814631521,0.6907636197199204
461.0,abs,0.2297238392176764,0.20517919219970657,0.8931558557372342
461.0,inel,0.14037638681151396,0.4558694944193244,3.247479898677183
461.0,pipro,0.3642413013652014,0.15544410523465385,0.4267613382997444
461.5,cex,0.2642879410923449,0.183547574177706,0.6944984830525152
461.5,abs,0.23003201864018646,0.20465182358012132,0.8896666854897076
461.5,inel,0.14062482781291014,0.45577265974144,3.241053993309121
461.5,pipro,0.36505521245455846,0.15602794250073265,0.4274091621692836
462.0,cex,0.26291238850348486,0.18358618370915727,0.6982789390570079
462.0,abs,0.23034132710800698,0.20408035989909878,0.8859910744692617
462.0,inel,0.14087417900209648,0.4556822081867936,3.234675164850559
462.0,pipro,0.36587210538641174,0.15665124820495036,0.4281584900808573
462.5,cex,0.26153178719559206,0.1836240463343858,0.7021098593918096
462.5,abs,0.23065177083707525,0.20350965516259426,0.882324269282748
462.5,inel,0.14112444539009442,0.4555899012823199,3.228284795188984
462.5,pipro,0.36669199657723833,0.15727639722070005,0.4289059992820761
463.0,cex,0.26024171070662006,0.18366116058908968,0.7057329898823851
463.0,abs,0.23092615788511972,0.20293971083121226,0.8788078089108032
463.0,inel,0.141358582599045,0.45549573768560725,3.2222715402968714
463.0,pipro,0.3674735488092153,0.15790339089409086,0.4297000189694498
463.5,cex,0.2589471946217386,0.18369752501708203,0.7094014873782326
463.5,abs,0.23120148919315692,0.20237052836114208,0.8752994155330546
463.5,inel,0.1415935255544796,0.4553997160784282,3.2162467478303474
463.5,pipro,0.3682577906306249,0.15853223054334767,0.4304925369586027
464.0,cex,0.2576482159841871,0.18373313817036002,0.7131162832566885
464.0,abs,0.23147776964387234,0.2018021092041448,0.8717990911810519
464.0,inel,0.14182927842284254,0.4553018351668651,3.2102104743806956
464.0,pipro,0.36904473594909804,0.15916291745863015,0.43128353273838144
464.5,cex,0.25634475167865506,0.18376799860917392,0.7168783343750261
464.5,abs,0.23175500415367356,0.20123445480754,0.86830683782821
464.5,inel,0.14206584539935346,0.455202093681433,3.2041627767873377
464.5,pipro,0.3698343987683179,0.15979545290185304,0.43207298573099095
465.0,cex,0.25503677842991124,0.18380210490209545,0.7206886239453014
465.0,abs,0.23203319767298183,0.2006675666141921,0.864822657389762
465.0,inel,0.14230323070825632,0.455100490377205,3.198103712137299
465.0,pipro,0.37062679318885067,0.1604298381065075,0.432860875292309
465.5,cex,0.2537242728014178,0.18383545562608664,0.7245481624454946
465.5,abs,0.2323123551865266,0.20010144606249788,0.8613465517227177
465.5,inel,0.14254143860307053,0.45499702403393427,3.192033337764651
465.5,pipro,0.371421933408985,0.16106607427748115,0.4336471807122009
466.0,cex,0.25240721119393095,0.18386804936656928,0.728457988568713
466.0,abs,0.23259248171364358,0.19953609458637253,0.8578785226258153
466.0,inel,0.14278047336684538,0.4548916934561796,3.1859517112499542
466.0,pipro,0.37221983372558,0.16170416259087858,0.4344318812148398
466.5,cex,0.2510855698440863,0.18389988471749402,0.7324191702123233
466.5,abs,0.23287358230857524,0.1989715136152352,0.8544185718394747
466.5,inel,0.14302033931241645,0.4547844974734275,3.1798588904196854
466.5,pipro,0.37302050853492197,0.1623441041938433,0.43521495595903603
467.0,cex,0.24975932482296956,0.1839309602814089,0.7364328055089832
467.0,abs,0.23315566206077495,0.19840770457399676,0.8509667010457559
467.0,inel,0.1432610407826652,0.4546754349402156,3.173754933345647
467.0,pipro,0.37382397233359027,0.16298590020437875,0.4359963840385672
467.5,cex,0.2484284520346726,0.18396127466952908,0.7405000239016666
467.5,abs,0.2334387260952141,0.19784466888304464,0.8475229118683097
467.5,inel,0.14350258215078082,0.4545645047362564,3.167639898344387
467.5,pipro,0.3746302397193325,0.1636295517111698,0.4367761444825134
468.0,cex,0.24709292721483397,0.1839908265018056,0.7446219872648783
468.0,abs,0.23372277957269255,0.19728240795823,0.8440872058723362
468.0,inel,0.1437449678205254,0.45445170576655913,3.1615138439765804
468.0,pipro,0.37543932539194813,0.1642750597734053,0.4375542162556007
468.5,cex,0.2457527259291644,0.18401961440699527,0.7487998910744004
468.5,abs,0.23400782769015205,0.19672092321085263,0.8406595845645355
468.5,inel,0.14398820222650136,0.45433703696155214,3.1553768290464173
468.5,pipro,0.37625124415418226,0.16492242542059998,0.4383305782585457
469.0,cex,0.2444078235719565,0.18404763702272942,0.7530349656280281
469.0,abs,0.23429387568099355,0.19616021604764758,0.8372400493930646
469.0,inel,0.14423228983442188,0.4542204972772062,3.1492289126009827
469.0,pipro,0.37706601091262804,0.16557164965241683,0.43910520932840674
469.5,cex,0.24305819536457904,0.1840748929955835,0.7573284773199168
469.5,abs,0.23458092881539716,0.19560028787077008,0.83382860174749
469.5,inel,0.14447723514138436,0.45410208569515537,3.1430701539296098
469.5,pipro,0.37788364067863944,0.16622273343849106,0.4398780882389416
470.0,cex,0.2417038163539551,0.18410138098114648,0.7616817299713023
470.0,abs,0.234868992400646,0.195041140077782,0.8304252429587446
470.0,inel,0.14472304267614644,0.45398180122281956,3.136900612563239
470.0,pipro,0.37870414856925255,0.166875677718252,0.4406491937009661
470.5,cex,0.24034466141102415,0.18412709964409013,0.7660960662205272
470.5,abs,0.23515807178145315,0.19448277406163633,0.8270299742990797
470.5,inel,0.14496971699940517,0.4538596428935254,3.1307203482737544
470.5,pipro,0.37952754980811754,0.16753048340074822,0.4414185043627233
471.0,cex,0.23898070522918807,0.18415204765823892,0.7705728689754798
471.0,abs,0.23544817234029225,0.1939251912106634,0.8236427969820218
471.0,inel,0.14521726270407923,0.45373560976662725,3.1245294210733086
471.0,pipro,0.38035385972644054,0.1681871513644704,0.4421859988102515
471.5,cex,0.23761192232274025,0.18417622370663878,0.7751135629317388
471.5,abs,0.2357392994977317,0.1933683929085557,0.8202637121623257
471.5,inel,0.14546568441559365,0.45360970092762903,3.118327891213654
471.5,pipro,0.38118309376393433,0.16884568245717652,0.4429516555677629
472.0,cex,0.23623828702527855,0.1841996264816274,0.7797196161599209
472.0,abs,0.23603145871277217,0.19281238053435296,0.8168927209359295
472.0,inel,0.14571498679216818,0.45348191548830347,3.112115819185436
472.0,pipro,0.38201526746978115,0.1695060774957162,0.4437154530980225
472.5,cex,0.2348597734881005,0.18422225468490316,0.7843925417659361
472.5,abs,0.2363246554831877,0.19225715546242725,0.8135298243399092
472.5,inel,0.14596517452510843,0.4533522525868131,3.1058932657174947
472.5,pipro,0.3828503965036033,0.1701683372658564,0.44447736980273655
473.0,cex,0.23347635567858258,0.18424410702759475,0.7891338996280897
473.0,abs,0.23661889534587074,0.19170271906246802,0.8101750233524342
473.0,inel,0.14621625233910002,0.4532207113878302,3.0996602917761518
473.0,pipro,0.38368849663644666,0.170832462522107,0.4452373840229423
473.5,cex,0.23208800737854088,0.18426518223033103,0.7939452982152166
473.5,abs,0.23691418387718063,0.19114907269946624,0.8068283188927193
473.5,inel,0.14646822499250609,0.4530872910826563,3.093416958564481
473.5,pipro,0.38452958375177243,0.17149845398754646,0.44599547403940404
474.0,cex,0.23069470218257515,0.1842854790233102,0.7988283964902843
474.0,abs,0.2372105266932959,0.1905962177337,0.8034897118209834
474.0,inel,0.1467210972776678,0.4529519908893407,3.0871633275215684
474.0,pipro,0.38537367384646115,0.17216631235364915,0.4467516180730158
474.5,cex,0.22929641349639462,0.18430499614636983,0.8037849059041989
474.5,abs,0.2375079294505702,0.19004415552071818,0.8001592029384008
474.5,inel,0.1469748740212083,0.45281481005280005,3.080899460321765
474.5,pipro,0.3862207830318269,0.17283603828011201,0.4475057942852063
475.0,cex,0.227893114535126,0.18432373234905575,0.8088165924848302
475.0,abs,0.23780639784589241,0.18949288741132547,0.7968367929870586
475.0,inel,0.1472295600843397,0.4526757478449364,3.0746254188739233
475.0,pipro,0.38707092753464195,0.17350763239468234,0.4482579807783518
475.5,cex,0.22648477832160308,0.18434373697589254,0.8139343329913711
475.5,abs,0.2381059376170501,0.18904034741288236,0.7939337813445007
475.5,inel,0.14748516036317355,0.4525350365001206,3.068342844702339
475.5,pipro,0.3879241236981732,0.1740808791111045,0.44874981594738156
476.0,cex,0.2250713776846383,0.18436318688958755,0.8191320850575253
476.0,abs,0.23840655454309764,0.18858831850734845,0.7910366343273362
476.0,inel,0.14774167978903457,0.4523930024040736,3.06205400568114
476.0,pipro,0.3887803879832295,0.17465549219899043,0.4492394616534114
476.5,cex,0.2236528852572749,0.18438208124377514,0.8244118157996249
476.5,abs,0.23870825444472735,0.18813680151613582,0.7881453532211167
476.5,inel,0.14799912332877774,0.4522496451856918,3.0557589464974484
476.5,pipro,0.38963973696922005,0.17523147205439726,0.4497269026445314
477.0,cex,0.2222292734750209,0.18440041919695582,0.8297755570788152
477.0,abs,0.23901104318464558,0.18768579725909793,0.7852599392828186
477.0,inel,0.14825749598510893,0.452104964487846,3.0494577119611925
477.0,pipro,0.3905021873552246,0.17580881905610019,0.45021212364214946
477.5,cex,0.22080051457406358,0.18441819991252892,0.8352254081847673
477.5,abs,0.23931492666795234,0.1872353065545218,0.782380393740794
477.5,inel,0.1485168027969089,0.4519589599674371,3.0431503470046675
477.5,pipro,0.39136775596107526,0.1763875335655121,0.45069510934123885
478.0,cex,0.21936658058946443,0.1844354225588264,0.8407635386540019
478.0,abs,0.23961991084252504,0.18678533021912094,0.7795067177947234
478.0,inel,0.14877704883956094,0.4518116312954485,3.0368368966820665
478.0,pipro,0.39223645972844967,0.17696761592660415,0.4511758444105913
478.5,cex,0.21792744335333492,0.18445208630914617,0.8463921912307586
478.5,abs,0.23992600169940678,0.18633586906802607,0.7766389126155591
478.5,inel,0.14903823922528198,0.45166297815700146,3.0305174061690336
478.5,pipro,0.39310831572197635,0.17754906646582633,0.4516543134930702
479.0,cex,0.21648307449299165,0.1844681903417857,0.8521136849789039
479.0,abs,0.24023320527319858,0.18588692391477812,0.7737769793454795
479.0,inel,0.14930037910345723,0.45151300025140767,3.0241919207621915
479.0,pipro,0.39398334113035266,0.17813188549202852,0.45213050120586723
479.5,cex,0.21503344542909208,0.18448373384007494,0.8579304185539314
479.5,abs,0.24054152764245576,0.18543849557132003,0.7709209190978381
479.5,inel,0.1495634736609788,0.45136169729222414,3.0178604858786766
479.5,pipro,0.39486155326747335,0.17871607329638092,0.45260439214075954
480.0,cex,0.21357852737374944,0.18449871599241055,0.8638448736447603
480.0,abs,0.24085097493008917,0.18499058484798825,0.7680707329571106
480.0,inel,0.14982752812258762,0.4512090690073051,3.011523147055658
480.0,pipro,0.3957429695735738,0.17930163015229614,0.4530759708643709
480.5,cex,0.21211829132862697,0.18451313599228872,0.869859618595689
480.5,abs,0.2411615533037704,0.1845431925535043,0.7652264219788432
480.5,inel,0.1500925477512194,0.45105511513885715,3.005179949949864
480.5,pipro,0.3966276076163832,0.17988855631534978,0.4535452219184332
481.0,cex,0.21065270808301145,0.18452699303833878,0.8759773122196114
481.0,abs,0.2414732689763413,0.18409631949496782,0.7623879871896087
481.0,inel,0.15035853784835435,0.45089983544349027,2.998830940337089
481.0,pipro,0.3975154850922929,0.1804768520232031,0.4540121298200522
481.5,cex,0.2091817482118654,0.18454028633435685,0.882200707814379
481.5,abs,0.24178612820622866,0.1836499664778464,0.759555429586946
481.5,inel,0.15062550375437037,0.45074322969227276,2.992476164111714
481.5,pipro,0.3984066198275355,0.18106651749552408,0.4544766790619723
482.0,cex,0.20770538207385753,0.18455301508933877,0.8885326573950498
482.0,abs,0.24210013729786292,0.1832041343059686,0.756728750139316
482.0,inel,0.150893450848901,0.45058529767078215,2.9861156672861915
482.0,pipro,0.39930102977937854,0.1816575529339105,0.45493885411284757
482.5,cex,0.20622357980937217,0.1845651785175142,0.8949761161556867
482.5,abs,0.24241530260210137,0.18275882378151484,0.7539079497860487
482.5,inel,0.15116238455119616,0.4504260391791592,2.979749495990568
482.5,pipro,0.4001987330373302,0.1822499585218118,0.4553986394175108
483.0,cex,0.20473631133849574,0.1845767758383794,0.9015341471753583
483.0,abs,0.2427316305166567,0.18231403570500865,0.7510930294372901
483.0,inel,0.1514323103204881,0.45026545403215995,2.9733776964719603
483.0,pipro,0.4010997478243594,0.18284373442445198,0.4558560193972468
483.5,cex,0.20324354635898173,0.18458780627673121,0.9082099263840853
483.5,abs,0.24304912748652974,0.1818697708753092,0.7482839899739561
483.5,inel,0.15170323365636032,0.4501035420592069,2.967000315094047
483.5,pipro,0.4020040924981283,0.18343888078875273,0.4563109784500684
484.0,cex,0.20174525434419233,0.18459826906270022,0.9150067478056357
484.0,abs,0.24336780000444702,0.18142603008960112,0.7454808322476759
484.0,inel,0.15197516009912124,0.449940303104442,2.9606173983365567
484.0,pipro,0.40291178555223933,0.1840353977432567,0.45676350095099333
484.5,cex,0.200241404541018,0.1846081634317837,0.9219280290953417
484.5,abs,0.24368765461130376,0.18098281414338693,0.7426835570807444
484.5,inel,0.15224809523018212,0.4497757370267787,2.9542289927947407
484.5,pipro,0.40382284561749615,0.18463328539805066,0.45721357125232237
485.0,cex,0.19873196596777276,0.18461748862488,0.9289773173925043
485.0,abs,0.24400869789661098,0.1805401238304777,0.7398921652660695
485.0,inel,0.15252204467243854,0.4496098436999524,2.9478351451788463
485.0,pipro,0.4047372914631778,0.18523254384468993,0.4576611736839229
485.5,cex,0.19721690741206727,0.18462624388832088,0.9361582955084105
485.5,abs,0.2443309364989483,0.18009795994298422,0.7371066575671208
485.5,inel,0.15279701409065669,0.4494426230125728,2.9414359023135885
485.5,pipro,0.40565514199832775,0.18583317315612202,0.4581062925535111
486.0,cex,0.19569619742865682,0.18463442847390538,0.9434747884726573
486.0,abs,0.24465437710642124,0.17965632327130848,0.7343270347178807
486.0,inel,0.15307300919186398,0.4492740748681751,2.9350313111376045
486.0,pipro,0.40657641627305796,0.18643517338661103,0.4585489121469372
486.5,cex,0.1941698043372663,0.18466258962630533,0.9510365952965206
486.5,abs,0.24497902645712438,0.17912387313468464,0.7311804431798347
486.5,inel,0.15335003572574368,0.44915417798387747,2.928947331888202
486.5,pipro,0.4075011334798657,0.18705935925513256,0.45904009556423725
487.0,cex,0.19263769622038976,0.18470452961709433,0.9588182024653192
487.0,abs,0.24530489133960875,0.17852803475487794,0.727780166876972
487.0,inel,0.15362809948503428,0.4490678028207941,2.923083760888028
487.0,pipro,0.4084293129549672,0.18769963280723365,0.45956454851204354
487.5,cex,0.191099840921066,0.18474570325912998,0.9667496444198476
487.5,abs,0.24563197859335534,0.17793343110965415,0.7243903343881116
487.5,inel,0.15390720630593327,0.448979558694811,2.9172094632290286
487.5,pipro,0.40936097417964534,0.1883413069364049,0.4600861313510373
488.0,cex,0.1895568228916883,0.18478610987782243,0.9748322801517315
488.0,abs,0.24596109550968265,0.1773400629210529,0.7210085910276474
488.0,inel,0.15418460963727282,0.4488894463307603,2.9113764816527126
488.0,pipro,0.4102974719613562,0.18898438087036445,0.4606033275490518
488.5,cex,0.1880079848618124,0.1848257488089839,0.9830739313802684
488.5,abs,0.24629145379881348,0.1767479308956298,0.717637287731505
488.5,inel,0.1544630592866047,0.44879746647949925,2.9055326791550846
488.5,pipro,0.41123750205276954,0.18962885381588704,0.4611176093360135
489.0,cex,0.18645329384114936,0.1848773331367943,0.9915476918005122
489.0,abs,0.2466230604973876,0.17614889329605926,0.7142434001946267
489.0,inel,0.1547425611849134,0.44872584284281053,2.899821738807817
489.0,pipro,0.4121810844765496,0.19024793072433585,0.4615639530521923
489.5,cex,0.18489271658960083,0.18494620920031013,1.0002893170250078
489.5,abs,0.24695592269532793,0.17553968793567287,0.7108138408659994
489.5,inel,0.1550231213080941,0.44868391395328666,2.894303186307086
489.5,pipro,0.4131282394069772,0.1908301889107304,0.46191514088859337
490.0,cex,0.18332621961488937,0.18501438594295005,1.00920853728183
490.0,abs,0.24729004753634545,0.17493190402034714,0.7073956504239683
490.0,inel,0.15530474567737867,0.44864023098051575,2.888773482250798
490.0,pipro,0.41407898717138647,0.19141347905618702,0.4622632033655003
490.5,cex,0.18175376917016314,0.18508186291856457,1.018311002647134
490.5,abs,0.24762544221845068,0.1743255417093879,0.7039888153156778
490.5,inel,0.15558744035976638,0.44859479527631685,2.883232696926093
490.5,pipro,0.41503334825161975,0.19199780009573064,0.46260812752648806
491.0,cex,0.18017533125157212,0.18514863969020032,1.0276026046633662
491.0,abs,0.24796211399447024,0.173720601142184,0.7005933218735911
491.0,inel,0.1558712114684594,0.4485476082145493,2.8776809007179183
491.0,pipro,0.4159913432854983,0.1925831509530664,0.4629499004283245
491.5,cex,0.17859087159581682,0.18521471583009672,1.0370894893736273
491.5,abs,0.24830007017256975,0.17311708243827414,0.6972091563162143
491.5,inel,0.1561560651633037,0.448498671191052,2.8721181641073277
491.5,pipro,0.41695299306830974,0.1931695305405772,0.46328850914119735
492.0,cex,0.17700035567766959,0.18528009091968287,1.0467780712095929
492.0,abs,0.24863931811678283,0.17251498569741405,0.6938363047488164
492.0,inel,0.15644200765123467,0.4484479856235824,2.86654455766979
492.0,pipro,0.41791831855431294,0.19375693775932065,0.4636239407489382
492.5,cex,0.17540374870746658,0.18534476454957427,1.0566750477989328
492.5,abs,0.24897986524754567,0.17191431099964416,0.690474753164157
492.5,inel,0.15672904518672795,0.4483955529517564,2.860960152073505
492.5,pipro,0.41888734085825985,0.19434537149902514,0.46395618234924496
493.0,cex,0.17380101562857098,0.18540873631956842,1.066787415764038
493.0,abs,0.24932171904223824,0.1713150584053574,0.6871244874432078
493.0,inel,0.15701718407225543,0.44834137463698637,2.8553650180777077
493.0,pipro,0.41986008125693536,0.1949348306380878,0.4642852210539075
493.5,cex,0.17219212111480772,0.18547200583864154,1.077122487590356
493.5,abs,0.24966488703573164,0.17071722795536698,0.6837854933558767
493.5,inel,0.15730643065874664,0.44828545216241994,2.8497592265309857
493.5,pipro,0.42083656119071405,0.1955253140435715,0.4646110439890313
494.0,cex,0.17057702956786755,0.18553457272494384,1.0876879096497873
494.0,abs,0.2500093768209415,0.17012081967097534,0.6804577565617352
494.0,inel,0.15759679134605512,0.4482277870328785,2.8441428483695987
494.0,pipro,0.42181680226513596,0.1961168205712023,0.4649336382952609
494.5,cex,0.16895570511468158,0.18559643660579594,1.0984916814724852
494.5,abs,0.25035519604938805,0.16952583355404338,0.6771412626107456
494.5,inel,0.15788827258343083,0.44816838077479404,2.8385159546157825
494.5,pipro,0.4228008262524995,0.19670934906536666,0.46525299112800345
495.0,cex,0.16732811160476552,0.18565759711768415,1.1095421763691058
495.0,abs,0.25070235243176286,0.16893226958705831,0.6738359969439814
495.0,inel,0.15818088086999726,0.4481072349361471,2.832878616376078
495.0,pipro,0.4237886550934743,0.19730289835911038,0.4655690896576541
495.5,cex,0.16569421260753267,0.18571805390625531,1.1208481635152314
495.5,abs,0.25105085373850156,0.16834012773320461,0.670541944894361
495.5,inel,0.15847462275523472,0.44804435108640434,2.8272309048396496
495.5,pipro,0.42478031089873103,0.19789746727413576,0.46588192106981896
496.0,cex,0.16405397140957564,0.18577780662631288,1.1324188316203678
496.0,abs,0.2514007078003639,0.16774940793643378,0.6672590916873742
496.0,inel,0.15876950483946878,0.44797973081645376,2.821572891276598
496.0,pipro,0.42577581595059166,0.1984930546207996,0.4661914725655375
496.5,cex,0.16240735101191683,0.18583685494181146,1.1442638143157415
496.5,abs,0.25175192250902007,0.16716011012153317,0.6639874224418046
496.5,inel,0.1590655337743649,0.44791337573854306,2.8159046470362967
496.5,pipro,0.42677519270469816,0.1990896591981123,0.4664977313615085
497.0,cex,0.1607543141272262,0.18589519852585157,1.1563932174083245
497.0,abs,0.2521045058176442,0.16657223419419828,0.6607269221704656
497.0,inel,0.15936271626342838,0.4478452874862141,2.8102262435457033
497.0,pipro,0.42777846379170126,0.1996872797937361,0.4668006846903123
497.5,cex,0.15909482317700668,0.18595283706067414,1.1688176481631058
497.5,abs,0.25245846574151465,0.1659857800411024,0.6574775757809236
497.5,inel,0.15966105906251052,0.44777546771423987,2.804537752307698
497.5,pipro,0.4287856520189682,0.20028591518398353,0.4671003198006343
498.0,cex,0.15742884028874668,0.1860097702376557,1.1815482467919318
498.0,abs,0.2528138103586215,0.16540074752996806,0.6542393680762287
498.0,inel,0.15996056898032035,0.44770391809855925,2.7988392448994066
498.0,pipro,0.42979678037231156,0.200885564133817,0.4673966239574895
498.5,cex,0.1557563272930389,0.18606599775730207,1.1945967203453556
498.5,abs,0.25317054781028087,0.16481713650963845,0.6510122837556441
498.5,inel,0.1602612528789428,0.44763064033621264,2.793130792970533
498.5,pipro,0.4308118720177375,0.20148622539684688,0.46768958444244363
499.0,cex,0.15407724572066528,0.18612151932924245,1.20797537922421
499.0,abs,0.25352868630175684,0.16423494681014944,0.6477963074153765
499.0,inel,0.16056311767436268,0.44755563614527627,2.7874124682416905
499.0,pipro,0.43183095030321517,0.20208789771533192,0.46797918855383924
499.5,cex,0.15239155679964755,0.18617633467222405,1.2216971765502342
499.5,abs,0.2538882341028905,0.163654178242801,0.6445914235493034
499.5,inel,0.1608661703369949,0.4474789072647971,2.781684342502738
499.5,pipro,0.43285403876046696,0.20269057982017785,0.4682654236070162
500.0,cex,0.15069922145226305,0.18623044351410484,1.2357757506603775
500.0,abs,0.2542491995487366,0.16307483060023004,0.6413976165497052
500.0,inel,0.1611704178922211,0.4474004554547278,2.775946487611121
500.0,pipro,0.4338811611067792,0.20329427043093737,0.4685482769345363
500.5,cex,0.14897920434229292,0.18618598361954342,1.2497447844584042
500.5,abs,0.25455526537311296,0.16272711207388527,0.6392604444279277
500.5,inel,0.1614423856607589,0.44729728950377645,2.7706310686196645
500.5,pipro,0.43502314462383523,0.2037896148027949,0.46845694837457874
501.0,cex,0.14725248091140325,0.1861411652620131,1.2640952743879939
501.0,abs,0.2548625245435489,0.16237981301151164,0.637127068023551
501.0,inel,0.16171541382754798,0.44719326065559,2.765310059636451
501.0,pipro,0.4361695807174999,0.20428576107088528,0.46836315530036454
501.5,cex,0.14551901186121508,0.18609598845612355,1.278843128989961
501.5,abs,0.25517098405293476,0.16203293367649477,0.634997487186401
501.5,inel,0.16198950860641748,0.44708836892419485,2.759983487637314
501.5,pipro,0.43732049547943275,0.20478270894318681,0.468266891353181
502.0,cex,0.14377875758570233,0.18605045321903468,1.2940051530778838
502.0,abs,0.25548065094890443,0.16168647433076438,0.6328717017520882
502.0,inel,0.16226467625984142,0.4469826143297462,2.7546513796630245
502.0,pipro,0.43847591520555174,0.20528045812045478,0.46816815018043123
502.5,cex,0.14203167816817555,0.18600455957046172,1.309599111757443
502.5,abs,0.2557915323343725,0.1613404352347924,0.6307497115420031
502.5,inel,0.16254092309941578,0.4468759968985388,2.7493137628190634
502.5,pipro,0.43963586639803626,0.20577900829620704,0.468066925435741
503.0,cex,0.14027773337822957,0.18595830753267986,1.325643800012666
503.0,abs,0.25610363536807695,0.1609948166475924,0.6286315163633177
503.0,inel,0.16281825548634093,0.4467685166630197,2.7439706642754182
503.0,pipro,0.4408003757673525,0.20627835915670803,0.46796321077906367
503.5,cex,0.13851688266865592,0.18591169713053007,1.3421591184321304
503.5,abs,0.2564169672651292,0.1606496188267173,0.6265171160089782
503.5,inel,0.16309667983190995,0.4466601736617997,2.738622111266366
503.5,pipro,0.4419694702343049,0.20677851038095293,0.4678569998767828
504.0,cex,0.13674908517231796,0.18586472839142268,1.3591661557166101
504.0,abs,0.2567315352975696,0.16030484202825843,0.6244065102577058
504.0,inel,0.16337620259800273,0.44655096793966637,2.7332681310902585
504.0,pipro,0.44314317693210975,0.20727946164065256,0.4677482864018193
504.5,cex,0.13497429969898916,0.18581740134534294,1.3766872786874296
504.5,abs,0.25704734679493013,0.15996048650684333,0.622299698873991
504.5,inel,0.16365683029758582,0.44644089954759514,2.727908751109307
504.5,pipro,0.4443215232084949,0.20778121260021853,0.4676370640337371
505.0,cex,0.13319248473215425,0.18576971602485595,1.3947462306032716
505.0,abs,0.257364409144804,0.15961655251563556,0.6201966816080952
505.0,inel,0.16393856949521843,0.446329968542761,2.722543998749355
505.0,pipro,0.4455045366278233,0.2082837629167474,0.4675233264588475
505.5,cex,0.13140359842577173,0.18572167246511143,1.4133682386941884
505.5,abs,0.2576827297934213,0.15927304030633188,0.6180974581960447
505.5,inel,0.1642214268075641,0.44621817498855104,2.7171739014996676
505.5,pipro,0.44669224497324295,0.2087871122400056,0.4674070673703145
506.0,cex,0.12960759860099785,0.18567327070384754,1.4325801319369407
506.0,abs,0.25800231624623193,0.1589299501291618,0.6160020283596308
506.0,inel,0.16450540890390875,0.4461055189545752,2.7117984869127025
506.0,pipro,0.44788467624886136,0.20929126021241545,0.4672882804682638
506.5,cex,0.12780444274287175,0.1856245107813974,1.4524104702279652
506.5,abs,0.25832317606849614,0.1585872822328853,0.6139103918064045
506.5,inel,0.16479052250668505,0.4459920005166788,2.706417782603889
506.5,pipro,0.44908185868194717,0.20979620646903852,0.4671669594598839
507.0,cex,0.1259940879969606,0.18557539274069176,1.4728896862618543
507.0,abs,0.2586453168858805,0.15824503686479208,0.6118225482296784
507.0,inel,0.16507677439200247,0.44587761975695317,2.701031816251401
507.0,pipro,0.4502838207251564,0.21030195063756296,0.4670430980595387
507.5,cex,0.12417649116596453,0.18552591662726556,1.4940502415977128
507.5,abs,0.2589687463850628,0.15790321427069928,0.6097384973085195
507.5,inel,0.16536417139018464,0.4457623767637481,2.6956406155959294
507.5,pipro,0.4514905910587881,0.21080849233828708,0.4669166899888683
508.0,cex,0.12235160870628084,0.1854760824892611,1.5159267985966398
508.0,abs,0.259293472314343,0.15756181469495079,0.6076582387077514
508.0,inel,0.1656527203863121,0.44564627163168286,2.690244208440459
508.0,pipro,0.45270219859306404,0.21131583118410532,0.46678772897689863
508.5,cex,0.12051939672452672,0.18542589037743348,1.5385564101458677
508.5,abs,0.25961950248426235,0.15722083838041526,0.6055817720779497
508.5,inel,0.16594242832077244,0.4455293044616565,2.6848426226500255
508.5,pipro,0.45391867247043854,0.21182396678049475,0.4666562087601492
509.0,cex,0.11867981097402001,0.18537534034515477,1.561978729353849
509.0,abs,0.2599468447682292,0.1568802855684848,0.6035090970554406
509.0,inel,0.1662333021898166,0.4454114753608612,2.679435886151499
509.0,pipro,0.4551400420679342,0.2123328987254992,0.4665221230827377
509.5,cex,0.11683280685121734,0.18532443244841904,1.586236241712685
509.5,abs,0.26027550710315317,0.1565401564990734,0.6014402132622988
509.5,inel,0.1665253490461223,0.4452927844427916,2.674024026933338
509.5,pipro,0.4563663369995071,0.21284262660971606,0.4663854656964892
510.0,cex,0.1149783393921093,0.18527316674584612,1.6113745225873475
510.0,abs,0.2606054974900865,0.15620045141061534,0.5993751203063444
510.0,inel,0.16681857599936367,0.4451732318272567,2.6686070730453593
510.0,pipro,0.45759758711844045,0.21335315001628186,0.46624623036104307
510.5,cex,0.11311636326857137,0.18522154329868679,1.6374425233148329
510.5,abs,0.26093682399487317,0.1558611705400642,0.5973138177811443
510.5,inel,0.16711299021678855,0.44505281764039073,2.6631850525985006
510.5,pipro,0.4588338225197669,0.21386446852085828,0.4661044108439605
511.0,cex,0.11124683278467096,0.1851695621708272,1.6644928896918878
511.0,abs,0.2612694947488063,0.15552231412289066,0.5952563052660063
511.0,inel,0.16740859892380228,0.4449315420146644,2.6577579937645828
511.0,pipro,0.4600750735427205,0.2143765816916178,0.46596000092083184
511.5,cex,0.10936970187292913,0.18511722342879242,1.6925823172113088
511.5,abs,0.2616035179492932,0.1551838823930813,0.5932025823259789
511.5,inel,0.16770540940455886,0.4448094050888955,2.652325924776067
511.5,pipro,0.46132137077321883,0.2148894890892308,0.46581299437538615
512.0,cex,0.10748492409053662,0.18506452714175206,1.7217719480907727
512.0,abs,0.2619389018605289,0.15484587558313748,0.5911526485118509
512.0,inel,0.16800342900255916,0.44468640700825934,2.6468888739258145
512.0,pipro,0.46257274504637536,0.21540319026685112,0.46566338499959786
512.5,cex,0.10559245261552361,0.18501147338152354,1.7521278159450973
512.5,abs,0.2622756548141775,0.15450829392407317,0.5891065033601477
512.5,inel,0.1683026651212566,0.4445625479243004,2.6414468695668454
512.5,pipro,0.46382922744904237,0.21591768477010298,0.46551116659379627
513.0,cex,0.10369114584628963,0.18495806222257735,1.7837401709954745
513.0,abs,0.2626110135115137,0.15417113764541374,0.5870703424959531
513.0,inel,0.1686090499172843,0.4444378279949418,2.635907314660588
513.0,pipro,0.46508879072491227,0.2164329721370671,0.4653583927484537
513.5,cex,0.1017820864822947,0.18490429374204054,1.816668336566329
513.5,abs,0.2629477396368327,0.15383440697519463,0.5850379516008059
513.5,inel,0.16891668399996207,0.4443122473844975,2.6303633061172174
513.5,pipro,0.46635348988091047,0.21694905189826735,0.4652030200388726
514.0,cex,0.09986522700976182,0.1848573636179872,1.8510683763820757
514.0,abs,0.2632858415707697,0.15352957979951856,0.5831288871576131
514.0,inel,0.16922557502586552,0.44417086401688705,2.624726575454077
514.0,pipro,0.4676233563936031,0.2174421925656071,0.46499429421695504
514.5,cex,0.09794051952585187,0.18482033431727282,1.887067122086162
514.5,abs,0.2636253277625837,0.15326962160104013,0.5813918673970205
514.5,inel,0.16953573071426514,0.4440076377465843,2.6189620080436793
514.5,pipro,0.4688984219972993,0.2179024063351028,0.4647113236315345
515.0,cex,0.09600791573467332,0.18478303865907572,1.924664620048003
515.0,abs,0.26396620673086185,0.15300987686727865,0.5796570658125435
515.0,inel,0.16984715884776996,0.4438438138596397,2.6131953979721647
515.0,pipro,0.47017871868669486,0.21836327061400596,0.46442610423529834
515.5,cex,0.09406736694324253,0.1847454765700425,1.9639698927845242
515.5,abs,0.26430848706423166,0.15275034580904448,0.5779244832646007
515.5,inel,0.17015986727297788,0.44367939249127974,2.6074267663802884
515.5,pipro,0.47146427871954794,0.21882478512963324,0.4641386315076521
516.0,cex,0.0921188240573941,0.18470764797834452,2.0051021044652444
516.0,abs,0.26465217742208236,0.15249102863699052,0.5761941206090632
516.0,inel,0.17047386390113506,0.443514373780404,2.601656134441914
516.0,pipro,0.47275513461938845,0.21928694960426104,0.46384890093432257
516.5,cex,0.09016223757764082,0.18466955281368166,2.0481917682517405
516.5,abs,0.26499728653529514,0.15223192556161005,0.5744659786972355
516.5,inel,0.17078915670880296,0.44334875786959194,2.5958835233638724
516.5,pipro,0.47405131917826104,0.21974976375511632,0.4635569080074265
517.0,cex,0.08819755759498198,0.18463119100728737,2.093382130320942
517.0,abs,0.26534382320698263,0.1519730367932352,0.5727400583758377
517.0,inel,0.17110575373853382,0.44318254490511005,2.590108954385812
517.0,pipro,0.4753528654595017,0.2202132272943674,0.46326264822553964
517.5,cex,0.08622473378665976,0.18459256249193137,2.140830761491902
517.5,abs,0.2656917963132371,0.15171436254203519,0.5710163604869896
517.5,inel,0.17142366309955442,0.4430157350369193,2.584332448780059
517.5,pipro,0.4766598068005488,0.22067733992911406,0.46296611709376456
518.0,cex,0.08424371541186255,0.1845536672019252,2.190711393718252
518.0,abs,0.26604121480388854,0.1514559030180142,0.5692948858681894
518.0,inel,0.17174289296845868,0.4428483284186823,2.578554027851466
518.0,pipro,0.4779721768157902,0.22114210136137832,0.46266731012379864
518.5,cex,0.08225445130737487,0.1845145050731259,2.243216046553124
518.5,abs,0.26639208770327216,0.15119765843100982,0.5675756353522982
518.5,inel,0.17206345158990843,0.442680325207769,2.5727737129372588
518.5,pipro,0.4792900093994446,0.22160751128809525,0.4623662228340035
519.0,cex,0.08025688988317244,0.18447507604294047,2.2985574984462436
519.0,abs,0.2667444241110048,0.15093962899069102,0.5658586097675204
519.0,inel,0.17238534727734325,0.44251172556526464,2.5669915254068947
519.0,pipro,0.48061333872847956,0.2220735694011039,0.4620628507494741
519.5,cex,0.07825097911796257,0.18443538005032933,2.35697216992384
519.5,abs,0.26709823320277204,0.15068181490655622,0.5641438099373859
519.5,inel,0.17270858841369927,0.44234252965597765,2.561207486661914
519.5,pipro,0.4819421992655662,0.22254027538713675,0.4617571894021043
520.0,cex,0.07623666655466797,0.1843954170358117,2.4187235010280124
520.0,abs,0.2674535242311245,0.15042421638793185,0.5624312366807334
520.0,inel,0.17303318345213675,0.44217273764844356,2.555421618135774
520.0,pipro,0.48327662576207076,0.22300762892781295,0.461449234330661
520.5,cex,0.0742138992958542,0.18435518694146835,2.4841059247747537
520.5,abs,0.26781030652628435,0.1501668336439699,0.56072089081169
520.5,inel,0.17335914091677723,0.44200234971493496,2.5496339412937132
520.5,pipro,0.4846166532610843,0.2234756296996268,0.46113898108084755
521.0,cex,0.07218262399909886,0.18431468971094714,2.5534495630589453
521.0,abs,0.2681685894969622,0.14990966688364663,0.5590127731396551
521.0,inel,0.17368646940344915,0.44183136603146567,2.5438444776325886
521.0,pipro,0.48596231710048965,0.22394427737394054,0.4608264252053771
521.5,cex,0.0701427868723028,0.18427392528946573,2.627125803041478
521.5,abs,0.26852838263118445,0.14965271631575996,0.5573068844692795
521.5,inel,0.17401517758044413,0.44165978677780027,2.5380532486807295
521.5,pipro,0.48731365291606865,0.224413571616974,0.4605115622640381
522.0,cex,0.06809433366894144,0.18423289362381673,2.705553952837156
522.0,abs,0.26888969549712993,0.14939598214892852,0.5556032256004513
522.0,inel,0.17434527418928175,0.4414876121374578,2.5322602759977717
522.0,pipro,0.48867069664464685,0.224883512089797,0.460194387823767
522.5,cex,0.06603720968325619,0.18419159466237162,2.789209228340149
522.5,abs,0.2692525377439793,0.14913946459158844,0.5539017973282717
522.5,inel,0.17467676804548454,0.44131484229772017,2.52646558117451
522.5,pipro,0.49003348452727996,0.22535409844831977,0.4598748974587152
523.0,cex,0.06397135974538419,0.18415002835508415,2.8786323924961024
523.0,abs,0.26961691910277286,0.14888316385199282,0.5522026004430434
523.0,inel,0.17500966803936283,0.4411414774496389,2.5206691858327406
523.0,pipro,0.4914020531124801,0.22582533034328411,0.45955308675031836
523.5,cex,0.06189672821642656,0.18410819465349557,2.974441460132552
523.5,abs,0.2699828493872815,0.148627080138209,0.5505056357302472
523.5,inel,0.1753439831368094,0.44096751778804055,2.5148711116250992
523.5,pipro,0.4927764392594825,0.22629720742025494,0.4592289512873668
524.0,cex,0.05981325898345311,0.1840660935107372,3.0773460038627505
524.0,abs,0.27035033849488704,0.14837121365811665,0.548810903970526
524.0,inel,0.17567972238010454,0.440792963511534,2.5090713802349063
524.0,pipro,0.49415668014155517,0.22676972931961215,0.45890248666607547
524.5,cex,0.05772089545444322,0.1840237248815361,3.188164761351955
524.5,abs,0.27071939640747494,0.14811556461940611,0.5471184059396655
524.5,inel,0.1760168948887312,0.440617814822517,2.503270013376005
524.5,pipro,0.49554281324935057,0.22724289567654077,0.458573688490151
525.0,cex,0.05561958055316198,0.18398108872221744,3.307847468327556
525.0,abs,0.2710900331923379,0.14786013322957625,0.5454281424085767
525.0,inel,0.17635550986020077,0.4404420719271823,2.4974670327926036
525.0,pipro,0.4969348763942994,0.22771670612102393,0.45824255237086475
525.5,cex,0.053509256713970145,0.18397344709942093,3.43816114065717
525.5,abs,0.2714622590030913,0.14748340721091238,0.5432924921222029
525.5,inel,0.17669557657088927,0.44034862233235983,2.4921315568740026
525.5,pipro,0.49833290771204936,0.22819452335730692,0.4579158225873457
526.0,cex,0.05138986587656736,0.18396544106596574,3.5797999844527695
526.0,abs,0.2718360840806005,0.14710734938154194,0.5411619648623397
526.0,inel,0.17703710437688464,0.4402543197211188,2.4867912366205753
526.0,pipro,0.4997369456659474,0.22867288983137357,0.45758651989727317
526.5,cex,0.049261349480667606,0.1839570707352731,3.734308391357939
526.5,abs,0.2722115187539203,0.14673195957942745,0.5390365560249248
526.5,inel,0.17738010271484467,0.44015916480750733,2.4814461039923112
526.5,pipro,0.5011470290505675,0.22915180487779208,0.4572546410420201
527.0,cex,0.047123648460605204,0.18394833622312592,3.903524922882499
527.0,abs,0.2725885734412453,0.14635723763874076,0.5369162609829172
527.0,inel,0.17772458110286612,0.44006315831088777,2.476096190971925
527.0,pipro,0.5025631969952834,0.22963126782724555,0.4569201827753429
527.5,cex,0.04497670323987155,0.18393923764766656,4.089655852868416
527.5,abs,0.27296725865087496,0.14598318338987396,0.5348010750863949
527.5,inel,0.17807054914136528,0.43996630095592576,2.4707415295644912
527.5,pipro,0.5039854889678882,0.23011127800653375,0.45658314186342663
528.0,cex,0.0428204537255803,0.18392977512939596,4.295371933892402
528.0,abs,0.27334758498218864,0.14560979665945042,0.5326909936626598
528.0,inel,0.1784180165139698,0.4398685934725812,2.4653821517970993
528.0,pipro,0.5054139447782612,0.23059183473857242,0.4562435150849257
528.5,cex,0.040654839302860686,0.18391994879117055,4.5239374191359545
528.5,abs,0.2737295631266354,0.14523707727033486,0.5305860120163342
528.5,inel,0.1787669929884221,0.43977003659609953,2.460018089718505
528.5,pipro,0.5068486045820819,0.23107293734239504,0.4559012992310089
529.0,cex,0.038479798829177445,0.18390975875820073,4.779384621386079
529.0,abs,0.27411320386873506,0.14486502504164425,0.5284861254294629
529.0,inel,0.17911748841749478,0.43967063106700255,2.4546493753987844
529.0,pipro,0.5082895088845927,0.23155458513315244,0.4555564911054007
529.5,cex,0.03629527062857657,0.18389920515804897,5.066753931661237
529.5,abs,0.27449851808709397,0.14449363978875923,0.5263913291616158
529.5,inel,0.1794695127399178,0.4395703776310775,2.4492760409289716
529.5,pipro,0.5097366985444117,0.23203677742211432,0.4552090875244245
530.0,cex,0.034101192485855567,0.18388828812062794,5.392429845287692
530.0,abs,0.27488551675543266,0.14412292132333365,0.5243016184499845
530.0,inel,0.17982307598131791,0.4394692770393692,2.443898118420721
530.0,pipro,0.5111902147773939,0.2325195135166692,0.45485908531704505
530.5,cex,0.03189750164065703,0.1838770077781978,5.7646209991514015
530.5,abs,0.275274210943628,0.14375286945330665,0.522216988509487
530.5,inel,0.18017818825517065,0.43936733004817013,2.4385156400059507
530.5,pipro,0.5126500991605445,0.23300279272032542,0.4545064813249103
531.0,cex,0.029684134781484444,0.18386536426536493,6.194061764604688
531.0,abs,0.27566461181876833,0.14338348398291262,0.5201374345328663
531.0,inel,0.1805348597637643,0.4392645374190094,2.433128637836489
531.0,pipro,0.5141163936359828,0.23348661433271306,0.4541512724023967
531.5,cex,0.027461028039639013,0.18385335771907937,6.695064636826182
531.5,abs,0.27605673064622366,0.14301476471269214,0.5180629516907905
531.5,inel,0.1808931007991773,0.43916089991864604,2.4277371440837356
531.5,pipro,0.5155891405149601,0.23397097764958247,0.4537934554166462
532.0,cex,0.02522811698307622,0.18384098827863282,7.287146654740775
532.0,abs,0.27645057879072815,0.14264671143950367,0.5159935351319579
532.0,inel,0.18125292174426794,0.4390564183190561,2.422341190938298
532.0,pipro,0.5170683824819277,0.23445588196280745,0.4534330272476137
532.5,cex,0.02298533661018096,0.18382825608565684,7.997631672891545
532.5,abs,0.276846167717479,0.142279323956533,0.5139291799831912
532.5,inel,0.18161433307367758,0.43895109339742544,2.416940810609651
532.5,pipro,0.5185541625986624,0.23494132656038472,0.45306998478810545
533.0,cex,0.020732621343459927,0.1838151612841199,8.865987481226252
533.0,abs,0.2772435089932488,0.14191260205330525,0.5118698813495431
533.0,inel,0.1819773453548472,0.4388449259361386,2.411536035325781
533.0,pipro,0.5200465243084441,0.2354273107264363,0.4527043249438243
533.5,cex,0.018469905023150095,0.18380170402032614,9.951415764723745
533.5,abs,0.27764261428751247,0.1415465455156954,0.5098156343143961
533.5,inel,0.18234196924904705,0.4387379167227697,2.40612689733284
533.5,pipro,0.5215455114402904,0.23591383374120875,0.45233604463340793
534.0,cex,0.01619712090074164,0.1837878844429128,11.346947742700214
534.0,abs,0.2780434953735902,0.14118115412593926,0.507766433939563
534.0,inel,0.18270821551242075,0.4386300665500718,2.4007134288947896
534.0,pipro,0.5230511682132473,0.23640089488107613,0.45196514078847405
534.5,cex,0.013914201632414481,0.18377370270284743,13.207635447421488
534.5,abs,0.27844616412980494,0.1408164276626446,0.5057222752653879
534.5,inel,0.18307609499704275,0.4385213762159681,2.395295662293057
534.5,pipro,0.5245635392407377,0.2368884934185399,0.4515916103536597
535.0,cex,0.011621079272386679,0.18375915895342687,15.812572537050368
535.0,abs,0.2788506325406556,0.1404523659008014,0.5036831533108459
535.0,inel,0.18344561865199024,0.43841184652354126,2.3898736298261807
535.0,pipro,0.5260826695349675,0.23737662862223055,0.4512154502866639
535.5,cex,0.009317685266173444,0.1837442533502739,19.719946328014725
535.5,abs,0.27925691269800607,0.14008896861179398,0.501649063073647
535.5,inel,0.18381679752442928,0.4383014782810232,2.384447363809463
535.5,pipro,0.5276086045113911,0.23786529975690893,0.4508366575582893
536.0,cex,0.007003950443755409,0.18372898605133528,26.23219389211193
536.0,abs,0.2796650168022903,0.13972623556341088,0.49961999953033315
536.0,inel,0.1841896427607161,0.4381902723017859,2.379016896574616
536.0,pipro,0.5291413899932382,0.23835450608346787,0.4504552291524837
536.5,cex,0.004679805012654775,0.1836919796383004,39.25205839593197
536.5,abs,0.28007495716373326,0.1393738749847619,0.49763062144568393
536.5,inel,0.18456416560751232,0.4380732600158254,2.373555335478376
536.5,pipro,0.5306810722160996,0.23886088536111239,0.4501025151766585
537.0,cex,0.002345178550917309,0.18363952469419367,78.30513571018449
537.0,abs,0.2804867462035896,0.13902895867383072,0.4956703322192536
537.0,inel,0.18494037741291627,0.4379518886385782,2.368070698054018
537.0,pipro,0.5322276978325767,0.23937962799339743,0.4497692039858836
537.5,cex,5.21911057099548e-17,0.18358671227548465,1.0
537.5,abs,0.2809003964553969,0.13868461458859033,0.49371455625770727
537.5,inel,0.1853182896276089,0.4378296626363244,2.3625820393450043
537.5,pipro,0.5337813139169941,0.23989901049960063,0.4494331372133911
538.0,cex,0.0,0.18353354264265834,1.0
538.0,abs,0.2806679742054205,0.1383408426645692,0.4928985683393921
538.0,inel,0.1852580694910452,0.43770658260851447,2.3626856514861387
538.0,pipro,0.5340739563035343,0.24041903208425797,0.45016056156016493
538.5,cex,0.0,0.18348001605868036,1.0
538.5,abs,0.280435602589127,0.13799764283454513,0.4920831790274819
538.5,inel,0.18519786247356665,0.4375826491605336,2.3627845554804385
538.5,pipro,0.5343665349373063,0.24093969194624087,0.4508884374177899
539.0,cex,0.0,0.1834177246423664,1.0
539.0,abs,0.28020328158997215,0.13769851589145066,0.49142363754664387
539.0,inel,0.18513766857088676,0.4374378100911646,2.3627704370905778
539.0,pipro,0.5346590498391411,0.24144594937501837,0.4515886328823208
539.5,cex,0.0,0.18334324618637057,1.0
539.5,abs,0.27997101119141893,0.137461327528188,0.4909841449056464
539.5,inel,0.18507748777872074,0.43726390308432955,2.362599083942201
539.5,pipro,0.5349515010298603,0.24193152320111186,0.4522494520257595
540.0,cex,0.0,0.1832685259139024,1.0
540.0,abs,0.27973879137693763,0.13722434401918054,0.49054456603509033
540.0,inel,0.18501732009278582,0.43708941636355375,2.3624243186765126
540.0,pipro,0.5352438885302766,0.24241771370336335,0.4529107550746948
540.5,cex,0.0,0.18319356392294991,1.0
540.5,abs,0.2795066221300056,0.13698756554797384,0.49010490164436055
540.5,inel,0.184957165508801,0.4369143501477863,2.362246139239175
540.5,pipro,0.5355362123611933,0.24290452038128996,0.4535725405203086
541.0,cex,0.0,0.1831183603130776,1.0
541.0,abs,0.27927450343410765,0.13675099229794443,0.48966515244457187
541.0,inel,0.18489702402248723,0.43673870465974196,2.3620645435949563
541.0,pipro,0.5358284725434052,0.243391942729236,0.4542348068476706
541.5,cex,0.0,0.18304291518542826,1.0
541.5,abs,0.2790424352727354,0.136514624452298,0.48922531914856937
541.5,inel,0.18483689562956723,0.43656248012590854,2.361879529727799
541.5,pipro,0.5361206690976973,0.24387998023636523,0.4548975525357389
542.0,cex,0.0,0.18296722864272527,1.0
542.0,abs,0.2788104176293879,0.1362784621940675,0.4887854024709266
542.0,inel,0.18477678032576564,0.43638567677655116,2.3616910956408774
542.0,pipro,0.5364128020448463,0.24436863238665607,0.45556077605736534
542.5,cex,0.0,0.18289130078927526,1.0
542.5,abs,0.2785784504875714,0.13604250570611073,0.4883454031279429
542.5,inel,0.18471667810680895,0.4362082948457189,2.3614992393566627
542.5,pipro,0.5367048714056196,0.24485789865889518,0.45622447587929865
543.0,cex,0.0,0.18281513173096942,1.0
543.0,abs,0.2783465338307992,0.13580675517110893,0.4879053218376446
543.0,inel,0.18465658896842552,0.4360303345712495,2.3613039589169844
543.0,pipro,0.5369968772007753,0.2453477785266722,0.4568886504621893
543.5,cex,0.0,0.18273872157528684,1.0
543.5,abs,0.27811466764259185,0.13557121077156437,0.4874651593197824
543.5,inel,0.18459651290634546,0.4358517961947756,2.3611052523830924
543.5,pipro,0.5372888194510625,0.24583827145837323,0.4575532982605917
544.0,cex,0.0,0.18266207043129645,1.0
544.0,abs,0.27788285190647716,0.13533587268979827,0.48702491629582895
544.0,inel,0.18453644991630103,0.43567267996173004,2.3609031178357185
544.0,pipro,0.537580698177222,0.24632937691717524,0.4582184177229683
544.5,cex,0.0,0.18258517840965868,1.0
544.5,abs,0.2776510866059898,0.1351007411079489,0.48658459348897914
544.5,inel,0.18447639999402593,0.43549298612135046,2.3606975533751386
544.5,pipro,0.5378725133999843,0.24682109436104196,0.4588840072916973
545.0,cex,0.0,0.18250804562262843,1.0
545.0,abs,0.27741937172467196,0.1348658162079695,0.4861441916241474
545.0,inel,0.18441636313525606,0.43531271492668605,2.3604885571212337
545.0,pipro,0.5381642651400721,0.24731342324271596,0.45955006540307136
545.5,cex,0.0,0.1824306721840563,1.0
545.5,abs,0.2771877072460727,0.13463109817162644,0.4857037114279675
545.5,inel,0.184356339335729,0.4351318666346022,2.3602761272135537
545.5,pipro,0.5384559534181982,0.24780636300971506,0.46021659048730645
546.0,cex,0.0,0.18235305820939177,1.0
546.0,abs,0.27695609315374864,0.13439658718049674,0.4852631536287891
546.0,inel,0.18429632859118428,0.4349504415057853,2.3600602618113737
546.0,pipro,0.538747578255067,0.24829991310432623,0.4608835809685441
546.5,cex,0.0,0.18227520381568468,1.0
546.5,abs,0.276724529431263,0.13416228341596625,0.4848225189566778
546.5,inel,0.18423633089736322,0.4347684398047491,2.359840959093761
546.5,pipro,0.5390391396713737,0.24879407296359995,0.4615510352648562
547.0,cex,0.0,0.18219710912158732,1.0
547.0,abs,0.27649301606218674,0.13392818705922777,0.4843818081434131
547.0,inel,0.184176346250009,0.4345858617998382,2.359618217259628
547.0,pipro,0.5393306376878042,0.24928884201934667,0.46221895178825256
547.5,cex,0.0,0.1821187742473571,1.0
547.5,abs,0.27626155303009736,0.13369429829127852,0.4839410219224865
547.5,inel,0.1841163746448667,0.43440270776323514,2.3593920345278026
547.5,pipro,0.5396220723250359,0.24978421969812928,0.4628873289446809
548.0,cex,0.0,0.18204019931485735,1.0
548.0,abs,0.27603014031858,0.1334606172929183,0.4835001610290993
548.0,inel,0.18405641607768317,0.4342189779709639,2.3591624091370806
548.0,pipro,0.5399134436037369,0.2502802054212604,0.4635561651340369
548.5,cex,0.0,0.18196138444756108,1.0
548.5,abs,0.27579877791122664,0.13322714424474771,0.4830592262001629
548.5,inel,0.1839964705442071,0.43403467270289625,2.358929339346294
548.5,pipro,0.5402047515445663,0.2507767986047949,0.46422545875016447
549.0,cex,0.0,0.18188232977055158,1.0
549.0,abs,0.27556746579163655,0.13299387932716505,0.48261821817429296
549.0,inel,0.18393653804018925,0.4338497922427555,2.35869282343436
549.0,pipro,0.5404959961681742,0.2512739986595278,0.4648952081808658
549.5,cex,0.0,0.18180303541052514,1.0
549.5,abs,0.27533620394341607,0.13276082272036566,0.4821771376918131
549.5,inel,0.18387661856138188,0.43366433687812184,2.3584528597003516
549.5,pipro,0.5407871774952021,0.25177180499098734,0.46556541180790306
550.0,cex,0.0,0.18172350149579275,1.0
550.0,abs,0.2751049923501786,0.13252797460433863,0.48173598549474883
550.0,inel,0.18381671210353934,0.43347830690043726,2.35820944646355
550.0,pipro,0.5410782955462822,0.25227021699943136,0.4662360680070061
550.5,cex,0.0,0.18161892029172486,1.0
550.5,abs,0.27481814486851663,0.13238364306481026,0.48171361875740626
550.5,inel,0.1836722918047795,0.4332486432998076,2.3588132921012184
550.5,pipro,0.541509563326704,0.25274879334365724,0.466748531255705
551.0,cex,0.0,0.18151417293490354,1.0
551.0,abs,0.2745313416699363,0.13223930381604795,0.48169109949943967
551.0,inel,0.18352789380140758,0.4330185614266486,2.359415522390349
551.0,pipro,0.5419407645286561,0.2532279618223999,0.46726132890675
551.5,cex,0.0,0.18140925951973944,1.0
551.5,abs,0.274244582744184,0.13209495703503477,0.48166842791659903
551.5,inel,0.18338351808826117,0.43278806145032295,2.360016134285444
551.5,pipro,0.5423718991675548,0.2537077219949029,0.46777445952546487
552.0,cex,0.0,0.18130418014187943,1.0
552.0,abs,0.2739578680810091,0.1319506028993706,0.48164560420784464
552.0,inel,0.18323916466017934,0.4325571435431786,2.3606151247489278
552.0,pipro,0.5428029672588116,0.25418807341557137,0.46828792167300926
552.5,cex,0.0,0.18119893489820804,1.0
552.5,abs,0.2736711976701642,0.1318062415872722,0.48162262857536287
552.5,inel,0.18309483351200273,0.4323258078805529,2.3612124907512038
552.5,pipro,0.5432339688178331,0.2546690156339669,0.46880171390638314
553.0,cex,0.0,0.18109352388684996,1.0
553.0,abs,0.27338457150140494,0.13166187327757178,0.4815995012245787
553.0,inel,0.1829505246385737,0.43209405464077916,2.361808229270721
553.0,pipro,0.5436649038600214,0.25515054819479915,0.46931583477842687
553.5,cex,0.0,0.18098794720717126,1.0
553.5,abs,0.2730979895644903,0.1315174981497171,0.48157622236417136
553.5,inel,0.18280623803473606,0.4318618840051914,2.3624023372940415
553.5,pipro,0.5440957724007737,0.2556326706379202,0.46983028283782474
554.0,cex,0.0,0.18088220495978155,1.0
554.0,abs,0.27281145184918243,0.1313731163837703,0.4815527922060872
554.0,inel,0.18266197369533535,0.4316292961581296,2.362994811815899
554.0,pipro,0.5445265744554824,0.2561153824983185,0.47034505662910886
554.5,cex,0.0,0.18077629724653665,1.0
554.5,abs,0.2725249583452465,0.1312287281604078,0.48152921096555684
554.5,inel,0.18251773161521853,0.4313962912869447,2.3635856498392642
554.5,pipro,0.5449573100395351,0.2565986833061109,0.4708601546926592
555.0,cex,0.0,0.18067022417053907,1.0
555.0,abs,0.27223850904245084,0.13108433366091923,0.4815054788611075
555.0,inel,0.18237351178923433,0.43116286958200417,2.36417484837541
555.0,pipro,0.5453879791683148,0.2570825725865376,0.47137557556470844
555.5,cex,0.0,0.18056398583614125,1.0
555.5,abs,0.27195210393056707,0.13093993306720708,0.4814815961145782
555.5,inel,0.18222931421223296,0.43092903123669657,2.3647624044439746
555.5,pipro,0.5458185818571999,0.2575670498599551,0.4718913177773439
556.0,cex,0.0,0.180457582348946,1.0
556.0,abs,0.2716657429993699,0.13079552656178575,0.48145756295113407
556.0,inel,0.18208513887906624,0.43069477644743764,2.365348315073028
556.0,pipro,0.5462491181215637,0.25805211464183064,0.4724073798585118
556.5,cex,0.0,0.18035101381580967,1.0
556.5,abs,0.2713794262386372,0.1306511143277811,0.48143337959928173
556.5,inel,0.18194098578458764,0.43046010541367413,2.3659325772991315
556.5,pipro,0.5466795879767752,0.25853776644273513,0.47292376033201866
557.0,cex,0.0,0.1802442803448433,1.0
557.0,abs,0.2710931536381499,0.13050669654892985,0.48140904629088405
557.0,inel,0.18179685492365213,0.4302250183378897,2.3665151881674085
557.0,pipro,0.5471099914381979,0.25902400476833726,0.4734404577175353
557.5,cex,0.0,0.1801373820454143,1.0
557.5,abs,0.2708069251876922,0.13036227340957848,0.4813845632611734
557.5,inel,0.18165274629111625,0.4299895154256086,2.3670961447315992
557.5,pipro,0.5475403285211915,0.2595108291193986,0.4739574705306017
558.0,cex,0.0,0.1800303190281484,1.0
558.0,abs,0.2705207408770515,0.13021784509468298,0.48135993074876815
558.0,inel,0.18150865988183829,0.4297535968854029,2.3676754440541377
558.0,pipro,0.5479705992411102,0.2599982389917657,0.47447479728262754
558.5,cex,0.0,0.1799230914049314,1.0
558.5,abs,0.2702346006960182,0.13007341178980775,0.48133514899568647
558.5,inel,0.18136459569067787,0.4295172629288952,2.368253083206208
558.5,pipro,0.5484008036133039,0.2604862338763656,0.4749924364808979
559.0,cex,0.0,0.17981569928891122,1.0
559.0,abs,0.26994850463438586,0.129928973681125,0.481310218247361
559.0,inel,0.1812205537124964,0.42928051377076454,2.3688290592678105
559.0,pipro,0.5488309416531177,0.2609748132591992,0.47551038662857553
559.5,cex,0.0,0.17970814279449895,1.0
559.5,abs,0.2696624526819513,0.12978453095541415,0.4812851387526548
559.5,inel,0.1810765339421568,0.4290433496287509,2.3694033693278267
559.5,pipro,0.5492610133758918,0.26146397662133597,0.4760286462247061
560.0,cex,0.0,0.17960042203737098,1.0
560.0,abs,0.26937644482851436,0.12964008380006067,0.4812599107638748
560.0,inel,0.18093253637452367,0.4288057707236605,2.369976010484087
560.0,pipro,0.5496910187969618,0.2619537234389078,0.4765472137642204
560.5,cex,0.0,0.17949253713447105,1.0
560.5,abs,0.26909048106387823,0.12949563240305575,0.48123453453678783
560.5,inel,0.18078856100446306,0.428567777279369,2.370546979843427
560.5,pipro,0.5501209579316587,0.2624440531831042,0.47706608773793985
561.0,cex,0.0,0.179384488204011,1.0
561.0,abs,0.2688045613778489,0.1293511769529953,0.48120901033063573
561.0,inel,0.18064460782684255,0.42832936952282813,2.3711162745217647
561.0,pipro,0.5505508307953085,0.2629349653201656,0.4775852666325795
561.5,cex,0.0,0.17927787912398635,1.0
561.5,abs,0.2685186857602359,0.12919193933878353,0.4811283020137408
561.5,inel,0.18050067683653154,0.4280943772697683,2.3717051081058673
561.5,pipro,0.5509806374032326,0.2634358042674619,0.4781217095196535
562.0,cex,0.0,0.1791722199093098,1.0
562.0,abs,0.26823285420085163,0.1290223035224662,0.48100857706958905
562.0,inel,0.18035676802840084,0.4278616309101303,2.3723070422439307
562.0,pipro,0.5514103777707476,0.26394384565809376,0.4786704354843138
562.5,cex,0.0,0.17906637382733456,1.0
562.5,abs,0.2679470666895116,0.12885271117155858,0.4808886798558199
562.5,inel,0.18021288139732283,0.4276284161220979,2.3729070464130015
562.5,pipro,0.5518400519131657,0.26445249887900896,0.4792194730378535
563.0,cex,0.0,0.17896034101701147,1.0
563.0,abs,0.26766132321603475,0.1286831625093443,0.4807686107323081
563.0,inel,0.1800690169381715,0.42739473317478205,2.373505117326943
563.0,pipro,0.5522696598457937,0.2649617632988621,0.4797688204940418
563.5,cex,0.0,0.17885412161877332,1.0
563.5,abs,0.2673756237702428,0.12851365775961007,0.4806483700624949
563.5,inel,0.17992517464582256,0.4271605823408896,2.3741012517105666
563.5,pipro,0.5526992015839346,0.265471638280727,0.4803184761619593
564.0,cex,0.0,0.1787555713784991,1.0
564.0,abs,0.26708996834196097,0.12833850513158082,0.4805066469859561
564.0,inel,0.1797813545151531,0.4269355965112046,2.374749025907577
564.0,pipro,0.5531286771428859,0.2659703269787155,0.4808471120184014
564.5,cex,0.0,0.1786679633875476,1.0
564.5,abs,0.2668043569210173,0.12815537018974887,0.4803346229750176
564.5,inel,0.1796375565410418,0.42672380662742554,2.3754710030802046
564.5,pipro,0.5535580865379409,0.266452859795278,0.4813457996101648
565.0,cex,0.0,0.17858016890143666,1.0
565.0,abs,0.26651878949724306,0.12797233216251694,0.4801625146351669
565.0,inel,0.17949378071836905,0.42651157384331323,2.3761913763046882
565.0,pipro,0.553987429784388,0.2669359250927333,0.48184473282475887
565.5,cex,0.0,0.17849218803435696,1.0
565.5,abs,0.26623326606047276,0.1277893912361252,0.4799903224982368
565.5,inel,0.17935002704201675,0.426298898439553,2.3769101430895407
565.5,pipro,0.5544167068975105,0.2674195222899649,0.48234391020868006
566.0,cex,0.0,0.1784040209017331,1.0
566.0,abs,0.2659477866005439,0.1276065475969909,0.47981804709906134
566.0,inel,0.1792062955068684,0.42608578069976916,2.3776273009529327
566.0,pipro,0.5548459178925877,0.26790365080150685,0.4828433303052076
566.5,cex,0.0,0.17831566762022427,1.0
566.5,abs,0.2656623511072972,0.127423801431707,0.47964568897548593
566.5,inel,0.17906258610780895,0.42587222091052973,2.3783428474227613
566.5,pipro,0.5552750627848939,0.268388310037539,0.4833429916544064
567.0,cex,0.0,0.17822712830772564,1.0
567.0,abs,0.26537695957057655,0.12724115292704047,0.47947324866837543
567.0,inel,0.17891889883972514,0.42565821936134735,2.3790567800366933
567.0,pipro,0.5557041415896984,0.26887349940388655,0.4838428927931368
567.5,cex,0.0,0.17813840308337053,1.0
567.5,abs,0.26509161198022874,0.12705860226993046,0.4793007267216242
567.5,inel,0.1787752336975051,0.4254437763446835,2.3797690963422347
567.5,pipro,0.5561331543222662,0.2693592183020155,0.48434303225505615
568.0,cex,0.0,0.17804949206753043,1.0
568.0,abs,0.26480630832610397,0.12687614964748656,0.4791281236821631
568.0,inel,0.1786315906760386,0.42522889215595183,2.3804797938967885
568.0,pipro,0.5565621009978574,0.2698454661290312,0.4848434085706278
568.5,cex,0.0,0.17796039538181727,1.0
568.5,abs,0.2645210485980554,0.12669379524698746,0.47895544009997104
568.5,inel,0.17848796977021703,0.42501356709352023,2.3811888702677098
568.5,pipro,0.5569909816317274,0.2703322422776751,0.48534402026712525
569.0,cex,0.0,0.17787111314908424,1.0
569.0,abs,0.26423583278593943,0.1265115392558787,0.47878267652808165
569.0,inel,0.17834437097493333,0.42479780145871454,2.3818963230323695
569.0,pipro,0.5574197962391272,0.2708195461363225,0.48584486586863834
569.5,cex,0.0,0.1777816454934273,1.0
569.5,abs,0.2639506608796154,0.12632938186177148,0.47860983352259434
569.5,inel,0.17820079428508193,0.4245815955558209,2.382602149778211
569.5,pipro,0.5578485448353026,0.2713073770889803,0.48634594389608066
570.0,cex,0.0,0.17769199254018608,1.0
570.0,abs,0.2636655328689459,0.12614732325244013,0.4784369116426805
570.0,inel,0.17805723969555892,0.4243649496920895,2.3833063481028116
570.0,pipro,0.5582772274354951,0.2717957345152843,0.4868472528671937
570.5,cex,0.0,0.17760215441594548,1.0
570.5,abs,0.2633804487437967,0.12596536361582128,0.4782639114505955
570.5,inel,0.177913707201262,0.42414786417773587,2.3840089156139355
570.5,pipro,0.5587058440549414,0.27228461779049734,0.4873487912965552
571.0,cex,0.0,0.17751213124853668,1.0
571.0,abs,0.26309540849403645,0.12578350314001155,0.4780908335116866
571.0,inel,0.17777019679709027,0.4239303393259452,2.3847098499296036
571.0,pipro,0.5591343947088732,0.27277402628550657,0.487850557695584
571.5,cex,0.0,0.17742192316703806,1.0
571.5,abs,0.26281041210953726,0.12560174201326582,0.477917678394401
571.5,inel,0.1776267084779446,0.42371237545287455,2.3854091486781432
571.5,pipro,0.5595628794125181,0.2732639593668215,0.4883525505725465
572.0,cex,0.0,0.17733153030177684,1.0
572.0,abs,0.26252545958017404,0.1254200804239957,0.4777444466702971
572.0,inel,0.17748324223872725,0.42349397287765533,2.3861068094982545
572.0,pipro,0.5599912981810986,0.27375441639657216,0.48885476843256453
572.5,cex,0.0,0.17724095278433036,1.0
572.5,abs,0.2622405508958251,0.12523851856076756,0.47757113891405184
572.5,inel,0.1773397980743422,0.4232751319223953,2.3868028300390596
572.5,pipro,0.5604196510298327,0.27424539673250686,0.48935720977762076
573.0,cex,0.0,0.17715019074752633,1.0
573.0,abs,0.26195568604637154,0.12505705661230074,0.47739775570347065
573.0,inel,0.17719637597969495,0.42305585291218295,2.387497207960174
573.0,pipro,0.5608479379739334,0.27473689972799004,0.4898598731065657
573.5,cex,0.0,0.17705924432544468,1.0
573.5,abs,0.2616708650216979,0.12487569476746575,0.47722429761949614
573.5,inel,0.17705297594969246,0.4228361361750893,2.388189940931765
573.5,pipro,0.5612761590286096,0.27522892473200017,0.49036275691512327
574.0,cex,0.0,0.17696811365341855,1.0
574.0,abs,0.2613860878116916,0.12469443321528242,0.4770507652462173
574.0,inel,0.17690959797924344,0.4226159820421696,2.3888810266346012
574.0,pipro,0.561704314209065,0.2757214710891294,0.49086585969590146
574.5,cex,0.0,0.1768767988680354,1.0
574.5,abs,0.26110135440624327,0.12451327214491877,0.4768771591708813
574.5,inel,0.17676624206325803,0.42239539084746586,2.389570462760114
574.5,pipro,0.5621324035304986,0.27621453813957997,0.49136917993839485
575.0,cex,0.0,0.1767853001071376,1.0
575.0,abs,0.2608166647952465,0.12433221174568791,0.47670347998389834
575.0,inel,0.176622908196648,0.4221743629280116,2.390258247010473
575.0,pipro,0.5625604270081055,0.27670812521916294,0.49187271612899297
575.5,cex,0.0,0.17669990420199672,1.0
575.5,abs,0.26053201896859834,0.1241744811774175,0.4766188880315096
575.5,inel,0.17647959637432664,0.4219678078647306,2.3910288584846078
575.5,pipro,0.5629883846570749,0.2771578067558552,0.4922975576568536
576.0,cex,0.0,0.17661436000583994,1.0
576.0,abs,0.26024741691619874,0.12401681761555164,0.47653428835178724
576.0,inel,0.17633630659120883,0.42176090123049076,2.3917984298505064
576.0,pipro,0.5634162764925924,0.27760792114811766,0.49272257961075705
576.5,cex,0.0,0.17652866762204755,1.0
576.5,abs,0.25996285862795054,0.12385922120657167,0.47644968154406436
576.5,inel,0.1761930388422111,0.42155364327874734,2.3925669597893013
576.5,pipro,0.5638441025298384,0.27805846789263344,0.49314778082283606
577.0,cex,0.0,0.17644282715485538,1.0
577.0,abs,0.25967834409376,0.1237016920971089,0.4763650682108667
577.0,inel,0.17604979312225125,0.42134603426499634,2.3933344469902798
577.0,pipro,0.5642718627839887,0.2785094464830394,0.4935731601234506
577.5,cex,0.0,0.17635683870935734,1.0
577.5,abs,0.2593938733035364,0.12354423043394476,0.4762804489579301
577.5,inel,0.17590656942624913,0.4211380744467732,2.3941008901508947
577.5,pipro,0.5646995572702146,0.2789608564099247,0.49399871634119064
578.0,cex,0.0,0.17627070239150494,1.0
578.0,abs,0.259109446247192,0.12338683636400864,0.4761958243942092
578.0,inel,0.17576336774912565,0.420929764083657,2.3948662879768414
578.0,pipro,0.5651271860036823,0.2794126971608294,0.4944244483028795
578.5,cex,0.0,0.17618441830810821,1.0
578.5,abs,0.25882506291464236,0.12322951003437747,0.4761111951318919
578.5,inel,0.1756201880858036,0.4207211034372701,2.3956306391820763
578.5,pipro,0.565554748999554,0.2798649682202442,0.49485035483357753
579.0,cex,0.0,0.17609798656683665,1.0
579.0,abs,0.25854072329580596,0.12307225159227407,0.47602656178640984
579.0,inel,0.17547703043120716,0.42051209277128,2.3963939424888703
579.0,pipro,0.5659822462729868,0.2803176690696093,0.49527643475658667
579.5,cex,0.0,0.176011407276219,1.0
579.5,abs,0.25825642738060456,0.12291506118506641,0.47594192497645277
579.5,inel,0.17533389478026226,0.42030273235140103,2.3971561966278494
579.5,pipro,0.5664096778391332,0.2807707991873135,0.49570268689345315
580.0,cex,0.0,0.17592468054564492,1.0
580.0,abs,0.25797217515896276,0.1227579389602663,0.47585728532398003
580.0,inel,0.1751907811278962,0.42009302244539565,2.397917400338041
580.0,pipro,0.566837043713141,0.28122435804869306,0.4961291100639713
580.5,cex,0.0,0.17583780648536482,1.0
580.5,abs,0.25768796662080856,0.12260088506552842,0.4757726434542337
580.5,inel,0.17504768946903793,0.41988296332307534,2.398677552366913
580.5,pipro,0.5672643439101535,0.2816783451260314,0.496555703086188
581.0,cex,0.0,0.17575078520649076,1.0
581.0,abs,0.25740380175607286,0.12244389964864923,0.47568799999575156
581.0,inel,0.17490461979861793,0.4196725552563023,2.3994366514704177
581.0,pipro,0.5676915784453093,0.2821327598885577,0.496982464776405
581.5,cex,0.0,0.1756636168209967,1.0
581.5,abs,0.25711968055468964,0.12228698285756512,0.4756033555803774
581.5,inel,0.17476157211156823,0.419461798518991,2.4001946964130396
581.5,pipro,0.5681187473337421,0.2825876018024472,0.4974093939491856
582.0,cex,0.0,0.17557630144171946,1.0
582.0,abs,0.25683560300659614,0.12213013484035239,0.47551871084327746
582.0,inel,0.17461854640282254,0.4192506933871088,2.4009516859678315
582.0,pipro,0.5685458505905814,0.2830428703308193,0.4978364894173554
582.5,cex,0.0,0.1754888391823593,1.0
582.5,abs,0.2565515691017324,0.12197335574522547,0.47543406642295155
582.5,inel,0.17447554266731585,0.41903924013867744,2.401707618916466
582.5,pipro,0.5689728882309516,0.2834985649337378,0.4982637499920084
583.0,cex,0.0,0.1754012301574796,1.0
583.0,abs,0.2562675788300419,0.12181664572053547,0.4753494229612437
583.0,inel,0.174332560899985,0.418827439053775,2.4024624940492747
583.0,pipro,0.5693998602699729,0.2839546850682099,0.4986911744825101
583.5,cex,0.0,0.1753134744825087,1.0
583.5,abs,0.25598363218147113,0.1216600049147699,0.47526478110336
583.5,inel,0.17418960109576828,0.4186152904145359,2.4032163101652895
583.5,pipro,0.5698267667227604,0.28441123018818554,0.4991187616965017
584.0,cex,0.0,0.1752255722737394,1.0
584.0,abs,0.25569972914596945,0.12150343347655046,0.4751801414978765
584.0,inel,0.17404666324960552,0.4184027945051523,2.4039690660722886
584.0,pipro,0.570253607604425,0.2848681997445579,0.4995465104399059
584.5,cex,0.0,0.1751375236483301,1.0
584.5,abs,0.2554158697134894,0.12134693155463264,0.4750955047967557
584.5,inel,0.17390374735643802,0.41818995161187633,2.404720760586846
584.5,pipro,0.5706803829300726,0.28532559318516093,0.49997441951692745
585.0,cex,0.0,0.17504932872430454,1.0
585.0,abs,0.2551320538739867,0.12119049929790456,0.4750108716553595
585.0,inel,0.17376085341120875,0.4179767620230201,2.4054713925343654
585.0,pipro,0.5711070927148045,0.2857834099547708,0.500402487730061
585.5,cex,0.0,0.1749609876205532,1.0
585.5,abs,0.2548482816174201,0.12103413685538518,0.4749262427324599
585.5,inel,0.17361798140886223,0.41776322602895705,2.40622096074913
585.5,pipro,0.5715337369737177,0.2862416494951045,0.5008307138800933
586.0,cex,0.0,0.17487250045683317,1.0
586.0,abs,0.2545645529337515,0.12087784437622345,0.47484161869025415
586.0,inel,0.17347513134434456,0.41754934392212306,2.4069694640743418
586.0,pipro,0.5719603157219041,0.28670031124482026,0.5012590967661091
586.5,cex,0.0,0.1747739858269345,1.0
586.5,abs,0.25428086781294573,0.12071378393751206,0.47472617572750936
586.5,inel,0.17333230321260315,0.41732491037931513,2.407658022448588
586.5,pipro,0.572386828974451,0.2871873198562383,0.5017364225008349
587.0,cex,0.0,0.17466833266308518,1.0
587.0,abs,0.25399722624497084,0.1205442672566176,0.47458891200787034
587.0,inel,0.17318949700858732,0.4170928647773161,2.4083034593987835
587.0,pipro,0.5728132767464418,0.28769453530298117,0.5022483712966213
587.5,cex,0.0,0.17456251176522963,1.0
587.5,abs,0.25371362821979787,0.1203748289170054,0.4744515687297726
587.5,inel,0.17304671272724773,0.41686039512577033,2.408947205965225
587.5,pipro,0.5732396590529544,0.28820226419199463,0.5027605114903106
588.0,cex,0.0,0.1744565233181769,1.0
588.0,abs,0.25345335737850055,0.12020546912175105,0.47427057335144857
588.0,inel,0.17288815523111759,0.41662750180600067,2.4098094010492006
588.0,pipro,0.5736584873903818,0.28871050575407137,0.503279411183191
588.5,cex,0.0,0.17435036750799462,1.0
588.5,abs,0.2531931285636713,0.12003618807414317,0.47408943818930405
588.5,inel,0.1727296233375925,0.41639418520241694,2.410670371164955
588.5,pipro,0.5740772480987362,0.2892192592154453,0.5037985047714383
589.0,cex,0.0,0.17424404452200992,1.0
589.0,abs,0.2529329417651319,0.11986698597768194,0.4739081637258141
589.0,inel,0.17257111704047184,0.416160445702515,2.411530114885424
589.0,pipro,0.5744959411943963,0.2897285237977931,0.5043177906452008
589.5,cex,0.0,0.17413755454880883,1.0
589.5,abs,0.2526727969727073,0.11969786303607721,0.47372675044637474
589.5,inel,0.17241263633355688,0.41592628369688145,2.412388630797412
589.5,pipro,0.5749145666937358,0.2902382987182325,0.5048372671914679
590.0,cex,0.0,0.17403089777823766,1.0
590.0,abs,0.2524126941762257,0.11952881945324621,0.4735451988393079
590.0,inel,0.17225418121065109,0.4156916995791926,2.413245917501647
590.0,pipro,0.5753331246131232,0.2907485831893235,0.5053569327940823
590.5,cex,0.0,0.17392407440140242,1.0
590.5,abs,0.25215263336551863,0.1193598554333119,0.47336350939586946
590.5,inel,0.17209575166555974,0.4154566937462179,2.4141019736128686
590.5,pipro,0.5757516149689217,0.2912593764190678,0.5058767858337481
591.0,cex,0.0,0.17381708461067039,1.0
591.0,abs,0.25189261453042094,0.11919097118060082,0.4731816826102545
591.0,inel,0.17193734769209015,0.4152212665978204,2.414956797759899
591.0,pipro,0.576170037777489,0.29177067761090836,0.5063968246880398
591.5,cex,0.0,0.17370992859966905,1.0
591.5,abs,0.25163263766077065,0.119022166899641,0.47299971897960386
591.5,inel,0.1717789692840517,0.41498541853695936,2.4158103885857196
591.5,pipro,0.5765883930551776,0.2922824859637306,0.5069170477314137
592.0,cex,0.0,0.17360260656328727,1.0
592.0,abs,0.2513727027464092,0.1188534427951602,0.4728176190040109
592.0,inel,0.17162061643525575,0.4147491499696913,2.416662744747548
592.0,pipro,0.577006680818335,0.2927948006718612,0.5074374533352151
592.5,cex,0.0,0.1734951186976755,1.0
592.5,abs,0.25111280977718126,0.11868479907208362,0.47263538318652737
592.5,inel,0.17146228913951564,0.4145124613051707,2.4175138649169075
592.5,pipro,0.5774249010833031,0.2933076209250701,0.5079580398676912
593.0,cex,0.0,0.17338746520024634,1.0
593.0,abs,0.2508529587429347,0.11851623593553229,0.4724530120331711
593.0,inel,0.17130398739064667,0.41427535295565204,2.4183637477797073
593.0,pipro,0.5778430538664187,0.2938209459085694,0.5084788056939985
593.5,cex,0.0,0.17327964626967346,1.0
593.5,abs,0.25059314963352064,0.1183477535908205,0.4722705060529304
593.5,inel,0.17114571118246621,0.41403782533649147,2.419212392036321
593.5,pipro,0.578261139184013,0.29433477480301456,0.5089997491762143
594.0,cex,0.0,0.17317166210589371,1.0
594.0,abs,0.2503333824387938,0.11817935224345409,0.4720878657577713
594.0,inel,0.1709874605087936,0.4137998788661478,2.420059796401659
594.0,pipro,0.5786791570524126,0.2948491067845044,0.5095208686733451
594.5,cex,0.0,0.1730635129101058,1.0
594.5,abs,0.2500736571486117,0.11801103209912868,0.4719050916626459
594.5,inel,0.17082923536345007,0.41356151396618296,2.4209059596052427
594.5,pipro,0.5790971074879382,0.2953639410245825,0.5100421625413395
595.0,cex,0.0,0.17295519888477123,1.0
595.0,abs,0.24981397375283546,0.1178427933637269,0.47172218428549517
595.0,inel,0.17067103574025907,0.4133227310612649,2.421750880391285
595.0,pipro,0.5795149905069056,0.29587927669023695,0.5105636291330953
595.5,cex,0.0,0.17284672023361455,1.0
595.5,abs,0.24955433224132936,0.11767463624331687,0.4715391441472578
595.5,inel,0.1705128616330458,0.4130835305791664,2.4225945575187615
595.5,pipro,0.5799328061256249,0.29639511294390214,0.511085266798473
596.0,cex,0.0,0.17273807716162287,1.0
596.0,abs,0.24929473260396098,0.11750656094415009,0.4713559717718763
596.0,inel,0.17035471303563762,0.412843912950769,2.423436989761495
596.0,pipro,0.5803505543604015,0.29691144894345806,0.5116070738843028
596.5,cex,0.0,0.17262926987504654,1.0
596.5,abs,0.24903517483060106,0.11733856767265904,0.4711726676863025
596.5,inel,0.17019658994186374,0.41260387861006176,2.424278175908226
596.5,pipro,0.5807682352275351,0.2974282838422327,0.5121290487343981
597.0,cex,0.0,0.17252029858139936,1.0
597.0,abs,0.24877565891112383,0.11717065663545544,0.47098923242050444
597.0,inel,0.17003849234555554,0.41236342799414244,2.4251181147626824
597.0,pipro,0.5811858487433207,0.2979456167890028,0.5126511896895647
597.5,cex,0.0,0.17241116348945776,1.0
597.5,abs,0.24851618483540655,0.11700282803932816,0.4708056665074739
597.5,inel,0.16988042024054628,0.4121225615432205,2.4259568051436746
597.5,pipro,0.5816033949240472,0.29846344692799354,0.5131734950876112
598.0,cex,0.0,0.17230186480926232,1.0
598.0,abs,0.24825675259332994,0.11683508209124079,0.4706219704832305
598.0,inel,0.16972237362067114,0.41188127970061494,2.4267942458851537
598.0,pipro,0.582020873785999,0.298981773398882,0.5136959632633613
598.5,cex,0.0,0.1721924027521163,1.0
598.5,abs,0.2479973621747778,0.1166674189983297,0.4704381448868297
598.5,inel,0.16956435247976742,0.41163958291275815,2.4276304358363023
598.5,pipro,0.5824382853454548,0.2995005953367958,0.5142185925486621
599.0,cex,0.0,0.17208277753058648,1.0
599.0,abs,0.24773801356963732,0.11649983896790221,0.4702541902603694
599.0,inel,0.16940635681167435,0.4113974716291943,2.4284653738616
599.0,pipro,0.5828556296186884,0.300019911872317,0.5147413812723982
599.5,cex,0.0,0.17197298935850355,1.0
599.5,abs,0.24747870676779885,0.11633234220743377,0.4700701071489944
599.5,inel,0.16924838661023311,0.4111549463025815,2.429299058840908
599.5,pipro,0.5832729066219681,0.3005397221314812,0.5152643277604999
600.0,cex,0.0,0.17186303845096082,1.0
600.0,abs,0.24721944175915614,0.11616492892456665,0.4698858961009053
600.0,inel,0.16909044186928698,0.4109120073886916,2.430131489669543
600.0,pipro,0.5836901163715569,0.3010600252357809,0.5157874303359568
600.5,cex,0.0,0.17172333117096483,1.0
600.5,abs,0.2469974650839536,0.11611046001154154,0.4700876584789079
600.5,inel,0.16886415287728634,0.4106557752662137,2.431870638433472
600.5,pipro,0.58413838203876,0.30151043355127993,0.5161626813477794
601.0,cex,0.0,0.17158357055420814,1.0
601.0,abs,0.24677549210716881,0.11605590374742837,0.4702894228128132
601.0,inel,0.16863786765555241,0.4103993037140992,2.4336129804033773
601.0,pipro,0.5845866402372787,0.3019612219842642,0.5165380137009302
601.5,cex,0.0,0.1714437567785008,1.0
601.5,abs,0.24655352282870957,0.11600126018642438,0.47049118931881995
601.5,inel,0.16841158620399088,0.41014259305201284,2.435358530233317
601.5,pipro,0.5850348909672997,0.302412389983062,0.5169134262796734
602.0,cex,0.0,0.1713038900222048,1.0
602.0,abs,0.2463315572484832,0.1159465293832264,0.47069295821593454
602.0,inel,0.16818530852250743,0.409885643601224,2.437107302665327
602.0,pipro,0.5854831342290092,0.3028639369933448,0.5172889179671585
602.5,cex,0.0,0.17116397046423232,1.0
602.5,abs,0.24610959536639754,0.11589171139303103,0.4708947297259839
602.5,inel,0.167959034611008,0.40962845568460815,2.438859312530016
602.5,pipro,0.5859313700225945,0.3033158624581285,0.5176644876454253
603.0,cex,0.0,0.17102399828404613,1.0
603.0,abs,0.2458876371823599,0.11583680627153489,0.47109650407363013
603.0,inel,0.16773276446939825,0.40937102962664607,2.4406145747471606
603.0,pipro,0.5863795983482417,0.30376816581777294,0.5180401341954086
603.5,cex,0.0,0.17088397366165842,1.0
603.5,abs,0.24566568269627811,0.11578181407493544,0.4712982814863851
603.5,inel,0.16750649809758408,0.40911336575342344,2.4423731043262973
603.5,pipro,0.5868278192061379,0.30422084650998266,0.5184158564969421
604.0,cex,0.0,0.17074389677763008,1.0
604.0,abs,0.24544373190805957,0.11572673485993039,0.4715000621946227
604.0,inel,0.16728023549547116,0.4088554643926328,2.444134916367343
604.0,pipro,0.5872760325964692,0.3046739039698067,0.5187916534287635
604.5,cex,0.0,0.17060376781307077,1.0
604.5,abs,0.24522178481761195,0.11567156868371933,0.47170184643159707
604.5,inel,0.16705397666296531,0.4085973258735708,2.445900026061181
604.5,pipro,0.5877242385194227,0.3051273376296392,0.5191675238685184
605.0,cex,0.0,0.1704635869496374,1.0
605.0,abs,0.2449998414248428,0.11561631560400275,0.47190363443345207
605.0,inel,0.16682772159997244,0.4083389505271395,2.447668448690286
605.0,pipro,0.5881724369751847,0.3055811469192204,0.5195434666927669
605.5,cex,0.0,0.17032335436953425,1.0
605.5,abs,0.2447779017296598,0.1155609756789834,0.47210542643923986
605.5,inel,0.16660147030639827,0.4080803386858462,2.449440199629343
605.5,pipro,0.588620627963942,0.30603533126563615,0.519919480776986
606.0,cex,0.0,0.1701830702555118,1.0
606.0,abs,0.24455596573197044,0.11550554896736615,0.47230722269093384
606.0,inel,0.16637522278214853,0.40782149068380336,2.4512152943458667
606.0,pipro,0.5890688114858811,0.3064898900933187,0.5202955649955755
606.5,cex,0.0,0.17004273479086646,1.0
606.5,abs,0.24433403343168236,0.11545003552835816,0.4725090234334418
606.5,inel,0.1661489790271291,0.407562406856727,2.452993748400822
606.5,pipro,0.5895169875411884,0.3069448228240484,0.5206717182218651
607.0,cex,0.0,0.1699023481594396,1.0
607.0,abs,0.24411210482870324,0.1153944354216696,0.4727108289146228
607.0,inel,0.16592273904124583,0.40730308754193884,2.4547755774492703
607.0,pipro,0.589965156130051,0.30740012887695195,0.5210479393281138
607.5,cex,0.0,0.16976191054561693,1.0
607.5,abs,0.2438901799229406,0.11533874870751382,0.47291263938530115
607.5,inel,0.16569650282440446,0.4070435330783641,2.456560797240997
607.5,pipro,0.5904133172526549,0.3078558076685052,0.5214242271855206
608.0,cex,0.0,0.16962142213432788,1.0
608.0,abs,0.24366825871430206,0.1152829754466071,0.47311445509927874
608.0,inel,0.16547027037651088,0.40678374380653226,2.458349423621155
608.0,pipro,0.5908614709091871,0.30831185861253285,0.5218005806642266
608.5,cex,0.0,0.16948088311104512,1.0
608.5,abs,0.2434463412026952,0.11522711570017016,0.47331627631335493
608.5,inel,0.16524404169747078,0.4065237200685763,2.4601414725309185
608.5,pipro,0.5913096170998339,0.3087682811202084,0.5221769986333191
609.0,cex,0.0,0.16934029366178344,1.0
609.0,abs,0.24322442738802777,0.11517116952992704,0.47351810328733496
609.0,inel,0.16501781678719013,0.406263462208233,2.4619369600081273
609.0,pipro,0.5917577558247821,0.3092250746000566,0.5225534799608395
609.5,cex,0.0,0.1691996539730994,1.0
609.5,abs,0.24300251727020727,0.11511513699810651,0.4737199362840506
609.5,inel,0.16479159564557466,0.40600297057084167,2.4637359021879495
609.5,pipro,0.5922058870842182,0.3096822384579524,0.5229300235137855
610.0,cex,0.0,0.1690589642320903,1.0
610.0,abs,0.24278061084914135,0.11505901816744178,0.4739217755693719
610.0,inel,0.16456537827253023,0.4057422455033446,2.4655383153035437
610.0,pipro,0.5926540108783285,0.31013977209712335,0.5233066281581191
610.5,cex,0.0,0.16891822462639378,1.0
610.5,abs,0.24255870812473762,0.1150028131011707,0.4741236214122218
610.5,inel,0.16433916466796267,0.40548128735428696,2.4673442156867313
610.5,pipro,0.5931021272072997,0.31059767491814866,0.5236832927587685
611.0,cex,0.0,0.16877743534418674,1.0
611.0,abs,0.24233680909690378,0.11494652186303651,0.47432547408459347
611.0,inel,0.1641129548317778,0.4052200964738152,2.4691536197686625
611.0,pipro,0.5935502360713185,0.3110559463189616,0.5240600161796354
611.5,cex,0.0,0.16863659657418487,1.0
611.5,abs,0.24211491376554733,0.11489014451728738,0.47452733386156287
611.5,inel,0.16388674876388146,0.4049586732136779,2.4709665440805035
611.5,pipro,0.5939983374705712,0.3115145856948499,0.5244367972836009
612.0,cex,0.0,0.16849570850564194,1.0
612.0,abs,0.241893022130576,0.11483368112867766,0.4747292010213069
612.0,inel,0.1636605464641795,0.40469701792722423,2.4727830052541133
612.0,pipro,0.5944464314052444,0.3119735924384561,0.5248136349325282
612.5,cex,0.0,0.16835477132834883,1.0
612.5,abs,0.24167113419189748,0.11477713176246702,0.474931075845115
612.5,inel,0.16343434793257777,0.404435130969405,2.474603020022745
612.5,pipro,0.5948945178755248,0.3124329659397791,0.5251905279872696
613.0,cex,0.0,0.16821378523263278,1.0
613.0,abs,0.2414240401633271,0.11472049648442156,0.47518257256738544
613.0,inel,0.16322683019304585,0.4041730126967706,2.4761432432325092
613.0,pipro,0.5953491296436271,0.31289270558617505,0.5255617082592714
613.5,cex,0.0,0.16807275040935676,1.0
613.5,abs,0.24117695136806339,0.11466377536081343,0.475434218362863
613.5,inel,0.16301931684861798,0.4039106634674711,2.4776859041959316
613.5,pipro,0.5958037317833187,0.31335281076235866,0.5259329440996494
614.0,cex,0.0,0.16793797662737117,1.0
614.0,abs,0.24092986780594003,0.1146006669499991,0.47565985900222896
614.0,inel,0.1628118078991545,0.40366649686471456,2.479344109456393
614.0,pipro,0.5962583242949056,0.31379485955791514,0.5262733395445465
614.5,cex,0.0,0.16781209782472742,1.0
614.5,abs,0.2406827894767908,0.11452857275122566,0.4758486180095969
614.5,inel,0.16260430334451584,0.40344820056987796,2.481165579702261
614.5,pipro,0.5967129071786934,0.314211128854169,0.5265700223241098
615.0,cex,0.0,0.16768617755505533,1.0
615.0,abs,0.24043571638044942,0.11445643120037996,0.47603755766165684
615.0,inel,0.16239680318456232,0.40322969572367046,2.4829903533593822
615.0,pipro,0.5971674804349882,0.3146276955208942,0.5268667598773352
615.5,cex,0.0,0.1675602159582895,1.0
615.5,abs,0.24018864851674976,0.11438424237920647,0.476226678844191
615.5,inel,0.16218930741915435,0.4030109825642099,2.484818444428568
615.5,pipro,0.5976220440640959,0.3150445590982941,0.5271635513239286
616.0,cex,0.0,0.1674342131747244,1.0
616.0,abs,0.2399415858855255,0.1143120063697381,0.4764159824478095
616.0,inel,0.1619818160481524,0.4027920613307252,2.4866498669886936
616.0,pipro,0.5980765980663221,0.31546171912481236,0.5274603957833343
616.5,cex,0.0,0.16730816934501389,1.0
616.5,abs,0.23969452848661046,0.11423972325429624,0.47660546936797415
616.5,inel,0.16177432907141678,0.40257293226355445,2.488484635197188
616.5,pipro,0.5985311424419728,0.31587917513713537,0.52775729237474
617.0,cex,0.0,0.1671820846101704,1.0
617.0,abs,0.23944747631983843,0.11416739311549085,0.4767951405050243
617.0,inel,0.16156684648880795,0.40235359560414713,2.4903227632905427
617.0,pipro,0.5989856771913536,0.31629692667019166,0.5280542402170771
617.5,cex,0.0,0.16705595911156532,1.0
617.5,abs,0.23920042938504313,0.11409501603621988,0.4769849967641993
617.5,inel,0.16135936830018632,0.40213405159506227,2.4921642655848073
617.5,pipro,0.5994402023147706,0.31671497325715253,0.528351238429022
618.0,cex,0.0,0.16692979299092725,1.0
618.0,abs,0.23895338768205843,0.11402259209966943,0.47717503905566394
618.0,inel,0.16115189450541223,0.4019143004799689,2.494009156476102
618.0,pipro,0.5998947178125293,0.3171333144294344,0.528648286129001
618.5,cex,0.0,0.1668035863903426,1.0
618.5,abs,0.23870635121071812,0.11395012138931321,0.47736526829453185
618.5,inel,0.16094442510434626,0.40169434250364655,2.495857450441127
618.5,pipro,0.6003492236849356,0.3175519497166976,0.5289453824351898
619.0,cex,0.0,0.16667733945225477,1.0
619.0,abs,0.23845931997085604,0.11387760398891293,0.47755568540089266
619.0,inel,0.16073696009684874,0.4014741779119837,2.497709162037678
619.0,pipro,0.6008037199322952,0.3179708786468486,0.5292425264655166
619.5,cex,0.0,0.16655105231946338,1.0
619.5,abs,0.23821229396230598,0.11380503998251726,0.4777462912998329
619.5,inel,0.16052949948278009,0.40125380695197904,2.499564305905167
619.5,pipro,0.6012582065549139,0.31839010074604035,0.5295397173376647
620.0,cex,0.0,0.16642472513512385,1.0
620.0,abs,0.2379652731849018,0.11373242945446295,0.4779370869214666
620.0,inel,0.1603220432620008,0.40103322987174034,2.501422896765141
620.0,pipro,0.6017126835530974,0.3188096155386728,0.5298369541690737
620.5,cex,0.0,0.16629835804274742,1.0
620.5,abs,0.23771825763847731,0.11365977248937299,0.47812807320095346
620.5,inel,0.16011459143437132,0.40081244692048434,2.503284949421812
620.5,pipro,0.6021671509271515,0.3192294225473952,0.5301342360769439
621.0,cex,0.0,0.16617195118619982,1.0
621.0,abs,0.23747124732286634,0.11358706917215798,0.47831925107853074
621.0,inel,0.1599071439997521,0.4005914583485376,2.5051504787625913
621.0,pipro,0.6026216086773816,0.3196495212931046,0.5304315621782351
621.5,cex,0.0,0.16604550470970142,1.0
621.5,abs,0.23722424223790278,0.11351431958801489,0.4785106214995341
621.5,inel,0.1596997009580036,0.40037026440733425,2.507019499758613
621.5,pipro,0.6030760568040937,0.32006991129494944,0.5307289315896727
622.0,cex,0.0,0.16591901875782644,1.0
622.0,abs,0.2369772423834204,0.11344152382242731,0.4787021854144252
622.0,inel,0.1594922623089862,0.4001488653494183,2.5088920274652904
622.0,pipro,0.6035304953075934,0.32049059207032793,0.5310263434277464
622.5,cex,0.0,0.1657924934755021,1.0
622.5,abs,0.23673024775925317,0.1133686819611651,0.47889394377881656
622.5,inel,0.15928482805256053,0.3999272614284412,2.5107680770228407
622.5,pipro,0.6039849241881863,0.32091156313489166,0.5313237968087161
623.0,cex,0.0,0.16566592900800886,1.0
623.0,abs,0.23648325836523493,0.11329579409028445,0.47908589755349845
623.0,inel,0.159077398188587,0.39970545289916243,2.512647663656843
623.0,pipro,0.6044393434461781,0.32133282400254426,0.5316212908486112
623.5,cex,0.0,0.16553932550097933,1.0
623.5,abs,0.23623627420119953,0.1132228602961271,0.479278047704463
623.5,inel,0.15886997271692607,0.3994834400174503,2.5145308026787943
623.5,pipro,0.6048937530818744,0.3217543741854433,0.5319188246632343
624.0,cex,0.0,0.16541268310039756,1.0
624.0,abs,0.2359892952669809,0.11314988066532103,0.4794703952029332
624.0,inel,0.15866255163743825,0.39926122304027933,2.51641750948665
624.0,pipro,0.6053481530955809,0.3221762131940021,0.5322163973681644
624.5,cex,0.0,0.16528600195259907,1.0
624.5,abs,0.23574232156241284,0.11307685528477923,0.4796629410253861
624.5,inel,0.15845513494998403,0.3990388022257321,2.5183077995653957
624.5,pipro,0.6058025434876031,0.3225983405368895,0.5325140080787578
625.0,cex,0.0,0.16515928220426987,1.0
625.0,abs,0.23549535308732938,0.11300378424170014,0.47985568615358043
625.0,inel,0.15824772265442397,0.3988161778329982,2.5202016884876097
625.0,pipro,0.6062569242582466,0.3230207557210318,0.5328116559101517
625.5,cex,0.0,0.16503606082856084,1.0
625.5,abs,0.23524838984156435,0.11293386003702244,0.48006220196908217
625.5,inel,0.15804031475061853,0.3986062188623098,2.5221806188585165
625.5,pipro,0.6067112954078172,0.3234238602721069,0.5330770379917007
626.0,cex,0.0,0.16491280790245533,1.0
626.0,abs,0.2350014318249516,0.11286389458999162,0.4802689656549069
626.0,inel,0.15783291123842813,0.39839607211588635,2.5241634903005417
626.0,pipro,0.6071656569366202,0.32382722539166675,0.533342460483515
626.5,cex,0.0,0.16478952355615786,1.0
626.5,abs,0.2347544790373252,0.11279388797760513,0.4804759783078357
626.5,inel,0.15762551211771347,0.3981857378191953,2.526150319637556
626.5,pipro,0.6076200088449614,0.32423085064704166,0.5336079225952078
627.0,cex,0.0,0.16466620792015385,1.0
627.0,abs,0.234507531478519,0.1127238402770954,0.4806832410302394
627.0,inel,0.15741811738833497,0.3979752161986245,2.5281411237872886
627.0,pipro,0.608074351133146,0.32463473560412626,0.5338734235363977
627.5,cex,0.0,0.16454286112520847,1.0
627.5,abs,0.23426058914836687,0.11265375156592901,0.48089075493010375
627.5,inel,0.15721072705015318,0.39776450748148273,2.530135919761941
627.5,pipro,0.6085286838014801,0.3250388798273798,0.534138962516707
628.0,cex,0.0,0.16441948330236628,1.0
628.0,abs,0.23401365204670282,0.11258362192180697,0.4810985211210597
628.0,inel,0.15700334110302863,0.3975536118959984,2.5321347246687957
628.0,pipro,0.6089830068502684,0.3254432828798283,0.5344045387457677
628.5,cex,0.0,0.16429607458295106,1.0
628.5,abs,0.23376672017336084,0.1125134514226641,0.48130654072241075
628.5,inel,0.15679595954682188,0.39734252967131944,2.534137555710843
628.5,pipro,0.6094373202798172,0.32584794432306535,0.5346701514332195
629.0,cex,0.0,0.16417263509856517,1.0
629.0,abs,0.23351979352817478,0.11244324014666934,0.48151481485916425
629.0,inel,0.1565885823813935,0.39713126103751406,2.5361444301874134
629.0,pipro,0.6098916240904316,0.32625286371725143,0.5349357997887119
629.5,cex,0.0,0.16404916498108862,1.0
629.5,abs,0.23327287211097875,0.11237298817222521,0.4817233446620581
629.5,inel,0.156381209606604,0.396919806225569,2.5381553654948004
629.5,pipro,0.6103459182824171,0.32665804062111714,0.5352014830219067
630.0,cex,0.0,0.16392566436267944,1.0
630.0,abs,0.2330259559216066,0.11230269557796756,0.4819321312675909
630.0,inel,0.15617384122231404,0.39670816546739035,2.540170379126904
630.0,pipro,0.6108002028560794,0.3270634745919627,0.5354672003424784
630.5,cex,0.0,0.16380213337577257,1.0
630.5,abs,0.23277904495989232,0.11223236244276583,0.48214117581805266
630.5,inel,0.15596647722838405,0.3964963389958022,2.542189488675869
630.5,pipro,0.6112544778117236,0.32746916518565944,0.535732950960116
631.0,cex,0.0,0.1636785721530793,1.0
631.0,abs,0.2325321392256699,0.11216198884572197,0.48235047946155085
631.0,inel,0.1557591176246747,0.39628432704454736,2.5442127118327336
631.0,pipro,0.6117087431496555,0.32787511195665137,0.5359987340845253
631.5,cex,0.0,0.16355498082758718,1.0
631.5,abs,0.23228523871877338,0.11209157486617122,0.4825600433520442
631.5,inel,0.15555176241104648,0.39607212984828677,2.5462400663880858
631.5,pipro,0.6121629988701802,0.3282813144579549,0.5362645489254286
632.0,cex,0.0,0.16343135953255922,1.0
632.0,abs,0.23203834343903668,0.11202112058368129,0.4827698686493706
632.0,inel,0.1553444115873601,0.39585974764259785,2.5482715702327057
632.0,pipro,0.6126172449736034,0.32868777224116164,0.536530394692569
632.5,cex,0.0,0.16330770840153358,1.0
632.5,abs,0.23179145338629387,0.11195062607805227,0.48297995651927716
632.5,inel,0.15513706515347603,0.39564718066397636,2.5503072413582486
632.5,pipro,0.6130714814602303,0.3290944848564378,0.5367962705957087
633.0,cex,0.0,0.16318402756832265,1.0
633.0,abs,0.23154456856037886,0.11188009142931658,0.48319030813345165
633.0,inel,0.15492972310925496,0.39543442914983434,2.552347097857896
633.0,pipro,0.6135257083303662,0.32950145185252644,0.5370621758446334
633.5,cex,0.0,0.16306031716701302,1.0
633.5,abs,0.23129768896112582,0.1118095167177382,0.48340092466955004
633.5,inel,0.1547223854545574,0.3952214933385004,2.554391157927038
633.5,pipro,0.6139799255843168,0.3299086727767484,0.5373281096491527
634.0,cex,0.0,0.16293657733196493,1.0
634.0,abs,0.23105081458836865,0.11173890202381337,0.48361180731123216
634.0,inel,0.15451505218924408,0.39500837346921885,2.556439439863942
634.0,pipro,0.6144341332223874,0.33031614717500285,0.5375940712191012
634.5,cex,0.0,0.1628128081978112,1.0
634.5,abs,0.2308039454419415,0.11166824742826952,0.48382295724818775
634.5,inel,0.1543077233131755,0.39479506978215007,2.5584919620704474
634.5,pipro,0.6148883312448831,0.3307238745917693,0.5378600597643419
635.0,cex,0.0,0.1626890098994572,1.0
635.0,abs,0.23055708152167825,0.11159755301206553,0.48403437567617075
635.0,inel,0.15410039882621238,0.3945815825183699,2.560548743052648
635.0,pipro,0.6153425196521094,0.33113185457010735,0.5381260744947649
635.5,cex,0.0,0.16256518257208039,1.0
635.5,abs,0.2303102228274131,0.11152681885639115,0.4842460637970277
635.5,inel,0.15389307872821525,0.39436791191986803,2.562609801421585
635.5,pipro,0.6157966984443717,0.3315400866516604,0.5383921146202933
636.0,cex,0.0,0.1624413263511295,1.0
636.0,abs,0.23006336935897997,0.1114560450426672,0.4844580228187325
636.0,inel,0.1536857630190448,0.39415405822954963,2.564675155893952
636.0,pipro,0.6162508676219752,0.3319485703766536,0.5386581793508805
636.5,cex,0.0,0.16230825733805385,1.0
636.5,abs,0.2298165211162131,0.11139444716450891,0.4847103533874278
636.5,inel,0.15347845169856167,0.39391375155155617,2.566573660289588
636.5,pipro,0.6167050271852252,0.33238354394588115,0.5389668144314492
637.0,cex,0.0,0.16216867417276384,1.0
637.0,abs,0.22956967809894638,0.1113392850661496,0.48499124966391016
637.0,inel,0.1532711447666265,0.3936547058651523,2.5683549663867797
637.0,pipro,0.6171591771344271,0.3328373348959343,0.5393054939916044
637.5,cex,0.0,0.16202905918501057,1.0
637.5,abs,0.22932284030701397,0.11128404598247374,0.48527240388915616
637.5,inel,0.1530638422230999,0.3933954618211386,2.5701397280210743
637.5,pipro,0.6176133174698861,0.33329143301137704,0.5396441812115358
638.0,cex,0.0,0.1618894125643198,1.0
638.0,abs,0.22907600774024992,0.11122872998685605,0.48555381719843266
638.0,inel,0.1528565440678426,0.3931360197943905,2.571927961552658
638.0,pipro,0.6180674481919075,0.33374583765443366,0.5399828750580097
638.5,cex,0.0,0.16174973450061328,1.0
638.5,abs,0.2288291803984883,0.11117333715309925,0.48583549073374077
638.5,inel,0.15264925030071516,0.3928763801610886,2.57371968343855
638.5,pipro,0.6185215693007965,0.33420054818519884,0.5403215744973835
639.0,cex,0.0,0.16161002518420847,1.0
639.0,abs,0.22858235828156329,0.11111786755543465,0.4861174256438541
639.0,inel,0.15244196092157838,0.39261654329871803,2.57551491023324
639.0,pipro,0.6189756807968583,0.3346555639616388,0.5406602784956094
639.5,cex,0.0,0.16147028480581666,1.0
639.5,abs,0.22833554138930895,0.11106232126852161,0.48639962308435325
639.5,inel,0.15223467593029283,0.39235650958606744,2.5773136585893526
639.5,pipro,0.6194297826803982,0.33511088433959435,0.5409989860182403
640.0,cex,0.0,0.16133051355654235,1.0
640.0,abs,0.22808872972155939,0.111006698367448,0.4866820842176642
640.0,inel,0.15202739532671924,0.39209627940322705,2.579115945258289
640.0,pipro,0.6198838749517214,0.3355665086727826,0.5413376960304341
640.5,cex,0.0,0.1611907116278829,1.0
640.5,abs,0.2278419232781487,0.11095099892772979,0.48696481021309307
640.5,inel,0.1518201191107183,0.39183585313158753,2.5809217870908943
640.5,pipro,0.620337957611133,0.3360224363127998,0.5416764074969598
641.0,cex,0.0,0.1610508792117263,1.0
641.0,abs,0.22759512205891103,0.110895223025311,0.4872478022468633
641.0,inel,0.1516128472821507,0.39157523115383924,2.5827312010381274
641.0,pipro,0.6207920306589383,0.3364786666091234,0.5420151193822009
641.5,cex,0.0,0.16091101650035103,1.0
641.5,abs,0.22734832606368047,0.1108393707365641,0.4875310615021546
641.5,inel,0.15140557984087702,0.3913144138539706,2.584544204151729
641.5,pipro,0.6212460940954424,0.3369351989091143,0.5423538306501622
642.0,cex,0.0,0.16077112368642474,1.0
642.0,abs,0.2271015352922912,0.1107834421382893,0.487814589169137
642.0,inel,0.15119831678675813,0.39105340161726665,2.5863608135848963
642.0,pipro,0.6217001479209506,0.33739203255801925,0.5426925402644729
642.5,cex,0.0,0.16063120096300323,1.0
642.5,abs,0.22685474974457742,0.11072743730771523,0.48809838644501197
642.5,inel,0.1509910581196547,0.39079219483030797,2.588181046592971
642.5,pipro,0.6221541921357678,0.3378491668989736,0.5430312471883938
643.0,cex,0.0,0.16049124852353003,1.0
643.0,abs,0.2266079694203732,0.11067135632249814,0.48838245453404705
643.0,inel,0.15078380383942738,0.3905307938809684,2.5900049205341196
643.0,pipro,0.6226082267401994,0.3383066012730034,0.5433699503848207
643.5,cex,0.0,0.16035126656183385,1.0
643.5,abs,0.2263611943195127,0.1106151992607224,0.4886667946476159
643.5,inel,0.15057655394593694,0.39026919915841574,2.5918324528700407
643.5,pipro,0.6230622517345503,0.33876433501902803,0.5437086488162909
644.0,cex,0.0,0.16021125527212954,1.0
644.0,abs,0.22611442444183008,0.11055896620090003,0.488951408004235
644.0,inel,0.15036930843904409,0.3900074110531077,2.5936636611666457
644.0,pipro,0.6235162671191258,0.33922236747386275,0.544047341444987
644.5,cex,0.0,0.1600712148490152,1.0
644.5,abs,0.22586765978715956,0.11050265722197113,0.48923629582960393
644.5,inel,0.1501620673186096,0.38974542995679257,2.5954985630947784
644.5,pipro,0.6239702728942308,0.33968069797222106,0.5443860272327434
645.0,cex,0.0,0.15993114548747264,1.0
645.0,abs,0.22562090035533539,0.11044627240330308,0.4895214593566411
645.0,inel,0.1499548305844942,0.389483256262507,2.5973371764309197
645.0,pipro,0.6244242690601705,0.34013932584671724,0.5447247051410503
645.5,cex,0.0,0.1597910473828649,1.0
645.5,abs,0.22537414614619153,0.11038981182469121,0.4898068998255265
645.5,inel,0.1497475982365585,0.38922089036457436,2.599179519057904
645.5,pipro,0.62487825561725,0.34059825042786945,0.5450633741310603
646.0,cex,0.0,0.15965092073093665,1.0
646.0,abs,0.22512739715956243,0.110333275566358,0.49009261848373625
646.0,inel,0.1495403702746635,0.3889583326586037,2.6010256089656387
646.0,pipro,0.6253322325657742,0.34105747104410167,0.5454020331635924
646.5,cex,0.0,0.15951076572781187,1.0
646.5,abs,0.22488065339528202,0.11027666370895371,0.49037861658608695
646.5,inel,0.14933314669866973,0.3886955835414879,2.602875464251839
646.5,pipro,0.6257861999060482,0.3415169870217465,0.5457406811991377
647.0,cex,0.0,0.15937058256999334,1.0
647.0,abs,0.22463391485318476,0.11021997633355558,0.49066489539477004
647.0,inel,0.14912592750843806,0.38843264341140243,2.6047291031227524
647.0,pipro,0.6262401576383771,0.34197679768504863,0.5460793171978655
647.5,cex,0.0,0.15923037145436175,1.0
647.5,abs,0.22438718153310472,0.11016321352166818,0.49095145617939573
647.5,inel,0.14891871270382923,0.38816951266780375,2.606586543893906
647.5,pipro,0.626694105763066,0.34243690235616636,0.5464179401196273
648.0,cex,0.0,0.15909013257817411,1.0
648.0,abs,0.22414045343487626,0.11010637535522311,0.4912383002170306
648.0,inel,0.1487115022847041,0.3879061917114279,2.608447804990848
648.0,pipro,0.6271480442804197,0.3428973003551749,0.5467565489239629
648.5,cex,0.0,0.15894986613906306,1.0
648.5,abs,0.22389373055833345,0.11004946191657908,0.4915254287922399
648.5,inel,0.14850429625092332,0.3876426809442882,2.6103129049499003
648.5,pipro,0.6276019731907433,0.34335799100006964,0.5470951425701062
649.0,cex,0.0,0.15880957233503565,1.0
649.0,abs,0.22364701290331052,0.10999247328852134,0.4918128431971254
649.0,inel,0.14829709460234775,0.38737898076967503,2.612181862418917
649.0,pipro,0.6280558924943417,0.343818973606768,0.5474337200169896
649.5,cex,0.0,0.15866925136447196,1.0
649.5,abs,0.22340030046964188,0.10993540955426206,0.49210054473136805
649.5,inel,0.14808989733883815,0.3871150915921533,2.6140546961580493
649.5,pipro,0.62850980219152,0.3442802474891127,0.54777228022325
650.0,cex,0.0,0.15852890342612447,1.0
650.0,abs,0.22315359325716166,0.10987827079743993,0.49238853470226884
650.0,inel,0.14788270446025534,0.38685101381756054,2.6159314250405115
650.0,pipro,0.628963702282583,0.34474181195887504,0.5481108221472345
650.5,cex,0.0,0.15837771450925142,1.0
650.5,abs,0.22298600611173167,0.10983452403396107,0.49256240761102404
650.5,inel,0.14767666292708154,0.3866884560679597,2.618480458614475
650.5,pipro,0.6293373309611868,0.3450993053888278,0.5483534638915472
651.0,cex,0.0,0.15822657474540575,1.0
651.0,abs,0.22281839589019506,0.10979072874406068,0.49273637531330927
651.0,inel,0.14747059302277962,0.38652573446711724,2.621036008225796
651.0,pipro,0.6297110110870253,0.34545696204341636,0.5485960320863352
651.5,cex,0.0,0.15807548423592518,1.0
651.5,abs,0.2226507625877854,0.10974688497661886,0.4929104383073852
651.5,inel,0.14726449474148934,0.38636284919820185,2.6235981040537295
651.5,pipro,0.6300847426707253,0.34581478158925416,0.5488385262646691
652.0,cex,0.0,0.15792444308214293,1.0
652.0,abs,0.22248310619973474,0.10970299278067042,0.49308459709378694
652.0,inel,0.1470583680773487,0.3861998004449099,2.626166776458306
652.0,pipro,0.6304585257229166,0.34617276369227673,0.5490809459596679
652.5,cex,0.0,0.15777345138538656,1.0
652.5,abs,0.22231542672127388,0.10965905220540463,0.4932588521753317
652.5,inel,0.1468522130244942,0.38603658839146654,2.6287420559816668
652.5,pipro,0.630832360254232,0.3465309080177423,0.5493232907045015
653.0,cex,0.0,0.1576225092469775,1.0
653.0,abs,0.22214772414763237,0.1096150633001653,0.49343320405712815
653.0,inel,0.14664602957706077,0.38587321322262436,2.6313239733493945
653.0,pipro,0.631206246275307,0.34688921423023283,0.5495655600323917
653.5,cex,0.0,0.15747161676823093,1.0
653.5,abs,0.22197999847403832,0.10957102611445024,0.4936076532465835
653.5,inel,0.14643981772918155,0.38570967512366383,2.6339125594718777
653.5,pipro,0.63158018379678,0.3472476819936549,0.5498077534766145
654.0,cex,0.0,0.1573207740504545,1.0
654.0,abs,0.22181224969571867,0.10952694069791181,0.49378220025341485
654.0,inel,0.1462335774749883,0.38554597428039217,2.6365078454456583
654.0,pipro,0.631954172829293,0.34760631097124156,0.5500498705705025
654.5,cex,0.0,0.1571699811949492,1.0
654.5,abs,0.2216444778078989,0.10948280710035635,0.49395684558965647
654.5,inel,0.14602730880861087,0.3853821108791427,2.639109862554816
654.5,pipro,0.6323282133834902,0.34796510082555177,0.550291910847445
655.0,cex,0.0,0.15701923830300732,1.0
655.0,abs,0.22147668280580332,0.10943862537174413,0.4941315897696682
655.0,inel,0.1458210117241778,0.3852180851067752,2.6417186422723486
655.0,pipro,0.6327023054700189,0.3483240512184733,0.5505338738408926
655.5,cex,0.0,0.15686854547591333,1.0
655.5,abs,0.2213088646846548,0.10939439556218934,0.49430643331014557
655.5,inel,0.14561468621581578,0.3850538971506751,2.64433421626158
655.5,pipro,0.6330764490995295,0.3486831618112223,0.5507757590843564
656.0,cex,0.0,0.15671790281494263,1.0
656.0,abs,0.22114102343967493,0.10935011772195984,0.49448137673012743
656.0,inel,0.14540833227764993,0.3848895471987528,2.646956616377564
656.0,pipro,0.6334506442826751,0.3490424322643448,0.551017566111411
656.5,cex,0.0,0.15656731042136124,1.0
656.5,abs,0.22097315906608403,0.10930579190147732,0.4946564205510065
656.5,inel,0.14520194990380395,0.384725035439443,2.649585874668506
656.5,pipro,0.633824891030112,0.3494018622377185,0.551259294455697
657.0,cex,0.0,0.15641676839642532,1.0
657.0,abs,0.2208052715591011,0.10926141815131682,0.49483156529653655
657.0,inel,0.14499553908839957,0.38456036206170535,2.6522220233772162
657.0,pipro,0.6341991893524994,0.3497614513905525,0.5515009436509208
657.5,cex,0.0,0.15626627684138092,1.0
657.5,abs,0.22063736091394365,0.10921699652220682,0.49500681149284276
657.5,inel,0.14478909982555718,0.38439552725502274,2.6548650949425396
657.5,pipro,0.6345735392604991,0.35012119938138947,0.5517425132308599
658.0,cex,0.0,0.15611583585746303,1.0
658.0,abs,0.2204694271258282,0.10917252706502911,0.4951821596684298
658.0,inel,0.14458263210939548,0.38423053120940115,2.657515122000829
658.0,pipro,0.6349479407647765,0.3504811058681067,0.5519840027293613
658.5,cex,0.0,0.15596544554589567,1.0
658.5,abs,0.22030147018996962,0.10912800983081873,0.4953576103541925
658.5,inel,0.14437613593403145,0.38406537411536973,2.660172137387424
658.5,pipro,0.6353223938759989,0.35084117050791586,0.5522254116803451
659.0,cex,0.0,0.1558151060078911,1.0
659.0,abs,0.22013349010158167,0.10908344487076369,0.4955331640834232
659.0,inel,0.1441696112935806,0.3839000561639795,2.6628361741381297
659.0,pipro,0.6356968986048377,0.3512013929573658,0.5524667396178061
659.5,cex,0.0,0.15566481734464901,1.0
659.5,abs,0.21996548685587677,0.10903883223620484,0.4957088213918213
659.5,inel,0.14396305818215668,0.38373457754680373,2.665507265490733
659.5,pipro,0.6360714549619666,0.35156177287234236,0.5527079860758155
660.0,cex,0.0,0.15551457965735715,1.0
660.0,abs,0.21979746044806583,0.10899417197863592,0.4958845828175038
660.0,inel,0.14375647659387192,0.3835689384559367,2.6681854448865057
660.0,pipro,0.6364460629580623,0.3519223099080702,0.5529491505885231
660.5,cex,0.0,0.15536439304718921,1.0
660.5,abs,0.21962941087335874,0.10894946414970343,0.4960604489010133
660.5,inel,0.14354986652283686,0.38340313908399326,2.670870745971742
660.5,pipro,0.6368207226038045,0.35228300371911403,0.5531902326901593
661.0,cex,0.0,0.15521425761530608,1.0
661.0,abs,0.2194613381269638,0.10890470880120627,0.4962364201853276
661.0,inel,0.14334322796316046,0.3832371796241092,2.673563202599303
661.0,pipro,0.6371954339098758,0.3526438539593784,0.553431231915036
661.5,cex,0.0,0.15506417346285362,1.0
661.5,abs,0.21929324220408816,0.10885990598509586,0.4964124972158693
661.5,inel,0.14313656090894997,0.38307106026993964,2.6762628488301705
661.5,pipro,0.6375701968869618,0.3530048602821108,0.5536721477975497
662.0,cex,0.0,0.15491414069096404,1.0
662.0,abs,0.2191251230999376,0.10881505575347585,0.4965886805405146
662.0,inel,0.1429298653543112,0.38290478121565896,2.6789697189350172
662.0,pipro,0.6379450115457512,0.3533660223399011,0.5539129798721828
662.5,cex,0.0,0.15476415940075391,1.0
662.5,abs,0.21895698080971654,0.10877015815860218,0.49676497070960407
662.5,inel,0.14272314129334812,0.3827383426559602,2.6816838473958002
662.5,pipro,0.6383198778969355,0.3537273397846838,0.5541537276735057
663.0,cex,0.0,0.15461422969332425,1.0
663.0,abs,0.21878686690133212,0.10872521325288255,0.49694579383466897
663.0,inel,0.1425151195381829,0.3825717447860553,2.684429175134334
663.0,pipro,0.6386980135604851,0.3540888122677379,0.5543915978285808
663.5,cex,0.0,0.15446435166976027,1.0
663.5,abs,0.21861673255903274,0.10868022108887697,0.49712672866671
663.5,inel,0.14230707279564955,0.382404987801673,2.687181882736073
663.5,pipro,0.6390761946453177,0.35445043943968974,0.5546293891237913
664.0,cex,0.0,0.1543312337067722,1.0
664.0,abs,0.21844657777913648,0.10862954159652626,0.497281956535651
664.0,inel,0.14209900106124568,0.38223998273504967,2.6899554527501675
664.0,pipro,0.6394544211596178,0.35479924196165186,0.5548468041213033
664.5,cex,0.0,0.15422180282382641,1.0
664.5,abs,0.2182764025579605,0.10857084319334154,0.49740073558575326
664.5,inel,0.14189090433046772,0.3820775555606377,2.692755799700655
664.5,pipro,0.6398326931115718,0.3551297984221944,0.5550354057326484
665.0,cex,0.0,0.15411237458923432,1.0
665.0,abs,0.21810620689182095,0.10851212373833545,0.49751965010402777
665.0,inel,0.14168278259881106,0.3819150116809365,2.6955640246166466
665.0,pipro,0.6402110105093679,0.3554604899914937,0.5552239560964134
665.5,cex,0.0,0.15400294907906045,1.0
665.5,abs,0.21793599077703338,0.10845338327995431,0.4976387006720296
665.5,inel,0.14147463586176998,0.3817523512331319,2.698380164810101
665.5,pipro,0.6405893733611966,0.35579131640785333,0.5554124548476396
666.0,cex,0.0,0.153893526369431,1.0
666.0,abs,0.21776575420991212,0.1083946218667233,0.4977578878735813
666.0,inel,0.14126646411483773,0.3815895743547558,2.701204257824105
666.0,pipro,0.6409677816752501,0.35612227740908986,0.5556009016214815
666.5,cex,0.0,0.15378410653653315,1.0
666.5,abs,0.21759549718677088,0.10833583954724535,0.49787721229477644
666.5,inel,0.14105826735350638,0.3814266811836892,2.704036341434672
666.5,pipro,0.6413462354597229,0.3564533727325323,0.5557892960532047
667.0,cex,0.0,0.1536746896566153,1.0
667.0,abs,0.21742521970392228,0.10827703637020189,0.49799667452399315
667.0,inel,0.14085004557326705,0.38126367185815935,2.7068764536525087
667.0,pipro,0.6417247347228107,0.3567846021150235,0.5559776377781894
667.5,cex,0.0,0.15356527580598656,1.0
667.5,abs,0.2172549217576782,0.10821821238435228,0.49811627515190066
667.5,inel,0.14064179876960958,0.3811005465167407,2.7097246327248365
667.5,pipro,0.6421032794727123,0.35711596529292045,0.5561659264319284
668.0,cex,0.0,0.15345586506101666,1.0
668.0,abs,0.21708460334434954,0.10815936763853394,0.49823601477146956
668.0,inel,0.140433526938023,0.3809373052983539,2.7125809171371986
668.0,pipro,0.6424818697176274,0.35744746200209543,0.5563541616500316
668.5,cex,0.0,0.15334645749813508,1.0
668.5,abs,0.21691426446024642,0.10810050218166177,0.4983558939779786
668.5,inel,0.14022523007399507,0.3807739483422671,2.7154453456153185
668.5,pipro,0.6428605054657585,0.35777909197793617,0.5565423430682243
669.0,cex,0.0,0.15323705319383177,1.0
669.0,abs,0.21674390510167793,0.10804161606272863,0.4984759133690271
669.0,inel,0.14001690817301238,0.3806104757880933,2.71831795712694
669.0,pipro,0.6432391867253096,0.3581108549553462,0.556730470322348
669.5,cex,0.0,0.15312765222465627,1.0
669.5,abs,0.21657352526495247,0.1079827093308048,0.4985960735445412
669.5,inel,0.1398085612305607,0.3804468877757919,2.7211987908837023
669.5,pipro,0.6436179135044869,0.358442750668747,0.5569185430483642
670.0,cex,0.0,0.1530182546672176,1.0
670.0,abs,0.21640312494637728,0.10792378203503776,0.49871637510678407
670.0,inel,0.1396001892421245,0.38028318444566767,2.7240878863430424
670.0,pipro,0.6439966858114982,0.35877477885207704,0.5571065608823531
670.5,cex,0.0,0.15290886059818368,1.0
670.5,abs,0.216232704142259,0.10786483422465247,0.4988368186603653
670.5,inel,0.13939179220318726,0.3801193659383701,2.726985283210086
670.5,pipro,0.6443755036545538,0.3591069392387937,0.5572945234605148
671.0,cex,0.0,0.15279947009428166,1.0
671.0,abs,0.21606226284890317,0.10780586594895092,0.49895740481224987
671.0,inel,0.13918337010923132,0.3799554323948948,2.729891021439596
671.0,pipro,0.6447543670418655,0.3594392315618726,0.5574824304191697
671.5,cex,0.0,0.15269008323229724,1.0
671.5,abs,0.21589180106261455,0.10774687725731198,0.49907813417176705
671.5,inel,0.138974922955738,0.3797913839565811,2.7328051412378946
671.5,pipro,0.6451332759816476,0.35977165555380974,0.5576702813947615
672.0,cex,0.0,0.15258070008907468,1.0
672.0,abs,0.21572131877969697,0.10768786819919163,0.4991990073506211
672.0,inel,0.13876645073818744,0.3796272207651122,2.7357276830648356
672.0,pipro,0.6455122304821157,0.3601042109466216,0.557858076023857
672.5,cex,0.0,0.15247132074151612,1.0
672.5,abs,0.21555081599645337,0.10762883882412233,0.4993200249628989
672.5,inel,0.13855795345205882,0.37946294296251587,2.738658687635787
672.5,pipro,0.6458912305514879,0.36043689747184565,0.5580458139431467
673.0,cex,0.0,0.15236194526658176,1.0
673.0,abs,0.21538029270918577,0.10756978918171309,0.49944118762507994
673.0,inel,0.13834943109283004,0.3792985506911641,2.741598195923635
673.0,pipro,0.6462702761979842,0.3607697148605411,0.5582334947894458
673.5,cex,0.0,0.15225257374128928,1.0
673.5,abs,0.21520974891419545,0.10751071932164945,0.49956249595604607
673.5,inel,0.1381408836559782,0.3791340440937715,2.744546249160786
673.5,pipro,0.6466493674298264,0.36110266284328973,0.558421118199696
674.0,cex,0.0,0.1521432062427139,1.0
674.0,abs,0.21503918460778262,0.10745162929369327,0.4996839505770913
674.0,inel,0.137932311136979,0.3789694233133958,2.7475028888412196
674.0,pipro,0.6470285042552384,0.36143574115019705,0.5586086838109665
674.5,cex,0.0,0.15203384284798774,1.0
674.5,abs,0.21486859978624662,0.10739251914768247,0.49980555211193073
674.5,inel,0.13772371353130727,0.3788046884934379,2.7504681567225404
674.5,pipro,0.647407686682446,0.36176894951089184,0.5587961912604535
675.0,cex,0.0,0.1519244836342995,1.0
675.0,abs,0.2146979944458861,0.10733338893353105,0.49992730118670975
675.0,inel,0.13751509083443667,0.37863983977764126,2.7534420948280527
675.0,pipro,0.6477869147196771,0.3621022876545282,0.5589836401854831
675.5,cex,0.0,0.15181626508117463,1.0
675.5,abs,0.21452736858299862,0.10727571307386423,0.5000560710852157
675.5,inel,0.13730644304183978,0.37848104973631425,2.75646969910206
675.5,pipro,0.6481661883751617,0.3624269721086469,0.5591574793760646
676.0,cex,0.0,0.15170805294798217,1.0
676.0,abs,0.21435672219388083,0.10721801826396565,0.5001850054741431
676.0,inel,0.13709777014898805,0.3783221500630357,2.7595062242945474
676.0,pipro,0.6485455076571311,0.3627517787250165,0.5593312642553895
676.5,cex,0.0,0.15159984730652784,1.0
676.5,abs,0.2141860552748286,0.10716030455051856,0.5003141050103282
676.5,inel,0.13688907215135196,0.3781631408909834,2.762551713937149
676.5,pipro,0.6489248725738195,0.36307670725197017,0.5595049944871204
677.0,cex,0.0,0.15149164822866323,1.0
677.0,abs,0.21401536782213687,0.10710257198027358,0.5004433703531235
677.0,inel,0.13668034904440074,0.37800402235364633,2.7656062118399434
677.0,pipro,0.6493042831334624,0.3634017574374169,0.559678669735066
677.5,cex,0.0,0.15138345578628612,1.0
677.5,abs,0.21384465983209966,0.10704482060004893,0.5005728021644088
677.5,inel,0.1364716008236026,0.37784479458482056,2.768669762093629
677.5,pipro,0.6496837393442977,0.36372692902884435,0.5598522896631841
678.0,cex,0.0,0.15127527005133984,1.0
678.0,abs,0.2136739313010102,0.10698705045672977,0.5007024011085996
678.0,inel,0.13626282748442475,0.3776854577186119,2.7717424090717806
678.0,pipro,0.6500632412145649,0.36405222177331853,0.5600258539355814
678.5,cex,0.0,0.15116709109581306,1.0
678.5,abs,0.2135031822251607,0.10692926159726862,0.5008321678526594
678.5,inel,0.1360540290223332,0.37752601188943324,2.774824197433084
678.5,pipro,0.650442788752506,0.36437763541748514,0.5601993622165148
679.0,cex,0.0,0.15105891899173995,1.0
679.0,abs,0.21333241260084254,0.10687145406868491,0.5009621030661087
679.0,inel,0.13584520543279288,0.37736645723200657,2.777915172123629
679.0,pipro,0.6508223819663647,0.3647031697075686,0.5603728141703905
679.5,cex,0.0,0.15095075381119918,1.0
679.5,abs,0.2131616224243462,0.1068136279180647,0.5010922074210344
679.5,inel,0.1356363567112676,0.3772067938813613,2.7810153783791947
679.5,pipro,0.6512020208643862,0.3650288243893749,0.5605462094617681
680.0,cex,0.0,0.1508425956263147,1.0
680.0,abs,0.21299081169196124,0.10675578319256117,0.5012224815921033
680.0,inel,0.13542748285322026,0.37704702197283346,2.7841248617275607
680.0,pipro,0.6515817054548185,0.3653545992082906,0.5607195477553578
680.5,cex,0.0,0.1507344445092547,1.0
680.5,abs,0.21281998039997635,0.10669791993939383,0.5013529262565691
680.5,inel,0.13521858385411234,0.3768871416420675,2.787243667990873
680.5,pipro,0.6519614357459113,0.3656804939092839,0.5608928287160231
681.0,cex,0.0,0.15062630053223144,1.0
681.0,abs,0.21264912854467938,0.10664003820584873,0.5014835420942849
681.0,inel,0.1350096597094046,0.3767271530250137,2.7903718432879763
681.0,pipro,0.652341211745916,0.36600650823690617,0.5610660520087823
681.5,cex,0.0,0.1505181637675015,1.0
681.5,abs,0.2124782561223572,0.10658213803927823,0.5016143297877129
681.5,inel,0.13480071041455643,0.3765670562579284,2.793509434036817
681.5,pipro,0.6527210334630864,0.3663326419352918,0.5612392172988082
682.0,cex,0.0,0.15041003428736482,1.0
682.0,abs,0.21230736312929588,0.10652421948710086,0.5017452900219351
682.0,inel,0.13459173596502624,0.3764068514773756,2.7966564869568606
682.0,pipro,0.653100900905678,0.36665889474815866,0.5614123242514286
682.5,cex,0.0,0.1503019121641653,1.0
682.5,abs,0.21213644956178038,0.10646628259680133,0.5018764234846648
682.5,inel,0.13438273635627135,0.3762465388202245,2.7998130490715067
682.5,pipro,0.6534808140819484,0.3669852664188089,0.5615853725321275
683.0,cex,0.0,0.15019379747028963,1.0
683.0,abs,0.2119655154160951,0.10640832741593015,0.5020077308662553
683.0,inel,0.13417371158374794,0.3760861184236492,2.80297916771055
683.0,pipro,0.653860773000157,0.36731175669013094,0.5617583618065474
683.5,cex,0.0,0.15008569027816798,1.0
683.5,abs,0.21179456068852323,0.10635035399210384,0.5021392128597133
683.5,inel,0.13396466164291107,0.37592559042513024,2.806154890512672
683.5,pipro,0.6542407776685657,0.367638365304598,0.5619312917404872
684.0,cex,0.0,0.1499775906602727,1.0
684.0,abs,0.21162358537534728,0.10629236237300435,0.502270870160707
684.0,inel,0.13375558652921485,0.37576495496245205,2.809340265427924
684.0,pipro,0.6546208280954379,0.36796509200427086,0.5621041619999063
684.5,cex,0.0,0.14986949868911922,1.0
684.5,abs,0.2114525894728488,0.1062343526063794,0.5024027034675791
684.5,inel,0.13354648623811216,0.3756042121737049,2.812535340720279
684.5,pipro,0.6550009242890391,0.36829193653079645,0.5622769722509222
685.0,cex,0.0,0.14976141443726512,1.0
685.0,abs,0.21128157297730835,0.10617632474004192,0.5025347134813563
685.0,inel,0.13333736076505484,0.3754433621972828,2.8157401649701717
685.0,pipro,0.6553810662576368,0.36861889862541014,0.5624497221598135
685.5,cex,0.0,0.14965333797730968,1.0
685.5,abs,0.21111053588500578,0.10611827882187039,0.5026669009057614
685.5,inel,0.13312821010549367,0.37528240517188355,2.8189547870770717
685.5,pipro,0.6557612540095006,0.36894597802893647,0.5626224113930208
686.0,cex,0.0,0.14954526938189433,1.0
686.0,abs,0.2109394781922198,0.106060214899808,0.5027992664472225
686.0,inel,0.1329190342548781,0.3751213412365084,2.8221792562620993
686.0,pipro,0.656141487552902,0.3692731744817892,0.5627950396171469
686.5,cex,0.0,0.14941352887589926,1.0
686.5,abs,0.21076839989522855,0.10601075931444669,0.5029727386417692
686.5,inel,0.1327098332086569,0.3749597753568802,2.8254106443441818
686.5,pipro,0.6565217668961145,0.36961593645277385,0.5629911376742829
687.0,cex,0.0,0.14926512381860046,1.0
687.0,abs,0.21059730099030896,0.10596735502113064,0.5031752758598124
687.0,inel,0.13250060696227736,0.3747977933296509,2.8286496335549245
687.0,pipro,0.6569020920474138,0.36996972783061804,0.5632037594483934
687.5,cex,0.0,0.14911678060225464,1.0
687.5,abs,0.21042618147373718,0.10592390772036867,0.5033779873707815
687.5,inel,0.13229135551118587,0.37463566631438755,2.831898311622563
687.5,pipro,0.657282463015077,0.3703236453629891,0.5634162878228116
688.0,cex,0.0,0.14896849931481237,1.0
688.0,abs,0.2102742840497286,0.10588041746490057,0.5035347900167406
688.0,inel,0.13206482660537064,0.37447339450767947,2.835527097814331
688.0,pipro,0.6576608893449009,0.3706776887126076,0.5636304282619594
688.5,cex,0.0,0.1488202800441688,1.0
688.5,abs,0.21012236924461425,0.10583688430759093,0.5036916568572515
688.5,inel,0.13183827177862295,0.3743109781065419,2.839167815663334
688.5,pipro,0.6580393589767628,0.3710318575416983,0.5638444759879484
689.0,cex,0.0,0.14867270819169426,1.0
689.0,abs,0.20997043705541066,0.10579372480355213,0.5038505719528195
689.0,inel,0.13161169102649342,0.3741498903090465,2.842831722553661
689.0,pipro,0.6584178719180959,0.3713836766957071,0.5640546718663577
689.5,cex,0.0,0.14852602763374376,1.0
689.5,abs,0.20981848747913376,0.10575111331452534,0.5040123708119009
689.5,inel,0.1313850843445318,0.37399074765894735,2.8465236333694426
689.5,pipro,0.6587964281763344,0.37173211139278356,0.5642594517729916
690.0,cex,0.0,0.14837940922184986,1.0
690.0,abs,0.20966652051279858,0.10570846016467085,0.5041742473053448
690.0,inel,0.1311584517282867,0.37383146467243084,2.8502277950556754
690.0,pipro,0.6591750277589147,0.3720806659410485,0.5644641411948823
690.5,cex,0.0,0.14823285303889283,1.0
690.5,abs,0.20951453615341975,0.10566576540480233,0.5043362018921074
690.5,inel,0.13093179317330572,0.37367204153893574,2.8539442749732364
690.5,pipro,0.6595536706732745,0.3724293400173691,0.56466873975122
691.0,cex,0.0,0.14808635916769589,1.0
691.0,abs,0.20936253439801097,0.10562302908585014,0.5044982350330852
691.0,inel,0.13070510867513546,0.37351247844829644,2.857673140968446
691.0,pipro,0.6599323569268536,0.37277813329815757,0.5648732470614045
691.5,cex,0.0,0.14793992769102346,1.0
691.5,abs,0.20921051524358547,0.10558025125886109,0.5046603471911206
691.5,inel,0.13047839822932156,0.37335277559074226,2.861414461377417
691.5,pipro,0.660311086527093,0.37312704545937325,0.5650776627450486
692.0,cex,0.0,0.1477935586915821,1.0
692.0,abs,0.2090584786871556,0.1055374319749981,0.5048225388310081
692.0,inel,0.13025166183140852,0.37319293315689683,2.8651683050304557
692.0,pipro,0.6606898594814359,0.373476076176523,0.5652819864219771
692.5,cex,0.0,0.14764725225201883,1.0
692.5,abs,0.20890642472573315,0.10549457128554046,0.5049848104195027
692.5,inel,0.13002489947693993,0.3730329513377788,2.8689347412565134
692.5,pipro,0.6610686757973269,0.37382522512466193,0.5654862177122287
693.0,cex,0.0,0.14750100845492212,1.0
693.0,abs,0.20875435335632914,0.10545166924188341,0.5051471624253256
693.0,inel,0.12979811116145826,0.37287283032479895,2.8727138398876666
693.0,pipro,0.6614475354822125,0.37417449197839553,0.5656903562360582
693.5,cex,0.0,0.1473548273828204,1.0
693.5,abs,0.20860226457595404,0.10540872589553811,0.5053095953191716
693.5,inel,0.1295712968805051,0.37271257030976124,2.8765056712636676
693.5,pipro,0.661826438543541,0.3745238764118803,0.5658944016139372
694.0,cex,0.0,0.14720870911818196,1.0
694.0,abs,0.20845015838161748,0.10536574129813112,0.5054721095737146
694.0,inel,0.12934445662962082,0.37255217148486214,2.8803103062365407
694.0,pipro,0.6622053849887616,0.37487337809882476,0.566098353466556
694.5,cex,0.0,0.14706265374341532,1.0
694.5,abs,0.20829803477032852,0.10532271550140486,0.5056347056636167
694.5,inel,0.129117590404345,0.3723916340426894,2.8841278161752144
694.5,pipro,0.6625843748253264,0.3752229967124905,0.5663022114148233
695.0,cex,0.0,0.14691666134086784,1.0
695.0,abs,0.2081458937390955,0.10527964855721697,0.5057973840655333
695.0,inel,0.12889069820021606,0.37223095817622115,2.8879582729702147
695.0,pipro,0.6629634080606885,0.375572731925694,0.5665059750798699
695.5,cex,0.0,0.14677073199282573,1.0
695.5,abs,0.207993735284926,0.1052365405175403,0.5059601452581208
695.5,inel,0.1286637800127713,0.3720701440788273,2.8918017490384265
695.5,pipro,0.6633424847023027,0.3759225834108066,0.5667096440830478
696.0,cex,0.0,0.14662486578151382,1.0
696.0,abs,0.20784155940482701,0.10519339143446275,0.5061229897220435
696.0,inel,0.1284368358375472,0.3719091919442665,2.89565831732786
696.0,pipro,0.6637216047576258,0.3762725508397569,0.5669132180459336
696.5,cex,0.0,0.14647906278909537,1.0
696.5,abs,0.20768936609580488,0.10515020136018724,0.5062859179399806
696.5,inel,0.12820986567007917,0.37174810196668656,2.899528051322519
696.5,pipro,0.6641007682341159,0.37662263388403083,0.567116696590328
697.0,cex,0.0,0.146333323097671,1.0
697.0,abs,0.20753715535486505,0.10510697034703144,0.5064489303966339
697.0,inel,0.1279828695059015,0.3715868743406244,2.903411025047301
697.0,pipro,0.6644799751392334,0.37697283221467315,0.5673200793382573
697.5,cex,0.0,0.14618764678927906,1.0
697.5,abs,0.20738492717901258,0.10506369844742744,0.5066120275787329
697.5,inel,0.12775584734054757,0.3714255092610041,2.9073073130729403
697.5,pipro,0.6648592254804399,0.3773231455022894,0.5675233659119772
698.0,cex,0.0,0.14604203394589443,1.0
698.0,abs,0.20723268156525157,0.10502038571392189,0.5067752099750444
698.0,inel,0.1275287991695496,0.37126400692313805,2.911216990521038
698.0,pipro,0.6652385192651987,0.37767357341704566,0.5677265559339707
698.5,cex,0.0,0.14589648464942936,1.0
698.5,abs,0.20708041851058562,0.10497703219917555,0.5069384780763774
698.5,inel,0.12730172498843895,0.3711023675227246,2.9151401330691056
698.5,pipro,0.6656178565009754,0.37802411562867044,0.5679296490269511
699.0,cex,0.0,0.14575099898173197,1.0
699.0,abs,0.20692813801201754,0.10493363795596353,0.5071018323755923
699.0,inel,0.12707462479274587,0.3709405912558487,2.9190768169557018
699.0,pipro,0.6659972371952366,0.37837477180645585,0.5681326448138636
699.5,cex,0.0,0.14560557702458615,1.0
699.5,abs,0.20677584006654945,0.1048902030371747,0.5072652733676065
699.5,inel,0.1268474985779995,0.37077867831898004,2.923027118985601
699.5,pipro,0.666376661355451,0.3787255416192591,0.5683355429178868
700.0,cex,0.0,0.14546021885971178,1.0
700.0,abs,0.20662352467118295,0.10484672749581171,0.5074288015494023
700.0,inel,0.1266203463397282,0.3706166289089742,2.9269911165350373
700.0,pipro,0.666756128989089,0.3790764247355023,0.5685383429624321
700.5,cex,0.0,0.1453587698437127,1.0
700.5,abs,0.20652399095781815,0.1047840103122464,0.5073696756792202
700.5,inel,0.12646173975244057,0.37051132671229575,2.929829428549715
700.5,pipro,0.6670142692897412,0.3793458931317451,0.5687223056497505
701.0,cex,0.0,0.14525734368428211,1.0
701.0,abs,0.20642444216309117,0.10472129611377641,0.5073105443154766
701.0,inel,0.12630310913306053,0.3704059322962781,2.9326746969154565
701.0,pipro,0.6672724487038483,0.3796154279056634,0.568906192130444
701.5,cex,0.0,0.14515594042427357,1.0
701.5,abs,0.20632487828357393,0.10465858493414773,0.5072514076092387
701.5,inel,0.1261444544761256,0.370300445736079,2.9355269502248547
701.5,pipro,0.6675306672403005,0.3798850289054997,0.5690900022256911
702.0,cex,0.0,0.14505456010653095,1.0
702.0,abs,0.20622529931583747,0.10459587680711249,0.507192265711891
702.0,inel,0.12598577577617168,0.3701948671070106,2.9383862172242736
702.0,pipro,0.6677889249079909,0.3801546959793459,0.5692737357567352
702.5,cex,0.0,0.14495320277388832,1.0
702.5,abs,0.2061257052564517,0.1045331717664288,0.507133118775136
702.5,inel,0.12582707302773302,0.37008919648453753,2.941252526814859
702.5,pipro,0.6680472217158152,0.3804244289751454,0.5694573925448889
703.0,cex,0.0,0.14485186846916986,1.0
703.0,abs,0.2060260961019857,0.10447046984586056,0.5070739669509938
703.0,inel,0.1256683462253423,0.3699834339442782,2.9441259080535853
703.0,pipro,0.6683055576726722,0.3806942277406914,0.5696409724115309
703.5,cex,0.0,0.14475055723519004,1.0
703.5,abs,0.20592647184900717,0.10440777107917752,0.507014810391804
703.5,inel,0.12550959536353035,0.36987757956200484,2.947006390154303
703.5,pipro,0.6685639327874624,0.38096409212362764,0.569824475178108
704.0,cex,0.0,0.1446492691147529,1.0
704.0,abs,0.20582683249408312,0.10434507550015512,0.5069556492502245
704.0,inel,0.12535082043682655,0.36977163341364205,2.9498940024887754
704.0,pipro,0.6688223470690904,0.38123402197144995,0.5700079006661359
704.5,cex,0.0,0.1445480041506526,1.0
704.5,abs,0.2057271780337792,0.10428238314257442,0.5068964836792339
704.5,inel,0.12519202143975847,0.3696655955752682,2.9527887745877535
704.5,pipro,0.6690808005264622,0.38150401713150484,0.5701912486971987
705.0,cex,0.0,0.14444676238567267,1.0
705.0,abs,0.20562750846466038,0.10421969404022187,0.5068373138321292
705.0,inel,0.1250331983668521,0.3695594661231143,2.9556907361420364
705.0,pipro,0.6693392931684876,0.38177407745099123,0.57037451909295
705.5,cex,0.0,0.14434554386258658,1.0
705.5,abs,0.20552782378329015,0.10415700822688982,0.506778139862531
705.5,inel,0.12487435121263167,0.36945324513356426,2.9585999170035504
705.5,pipro,0.6695978250040782,0.38204420277695944,0.5705577116751127
706.0,cex,0.0,0.14424434862415692,1.0
706.0,abs,0.20542812398623134,0.10409432573637539,0.5067189619243772
706.0,inel,0.12471547997161991,0.3693469326831543,2.961516347186431
706.0,pipro,0.6698563960421486,0.3823143929563133,0.5707408262654812
706.5,cex,0.0,0.14414317671313615,1.0
706.5,abs,0.20532840907004557,0.10403164660248163,0.506659780171931
706.5,inel,0.12455658463833781,0.36924052884857345,2.964440056868124
706.5,pipro,0.6701150062916165,0.3825846478358087,0.5709238626859192
707.0,cex,0.0,0.14404202817226547,1.0
707.0,abs,0.2052286790312934,0.1039689708590163,0.5066005947597755
707.0,inel,0.12439766520730468,0.36913403370666314,2.9673710763904873
707.0,pipro,0.6703736557614021,0.3828549672620551,0.5711068207583623
707.5,cex,0.0,0.14394090304427556,1.0
707.5,abs,0.20512893386653439,0.10390629853979273,0.5065414058428178
707.5,inel,0.12423872167303811,0.3690274473344169,2.9703094362609015
707.5,pipro,0.6706323444604274,0.38312535108151474,0.5712897003048175
708.0,cex,0.0,0.143839801371886,1.0
708.0,abs,0.20502917357232703,0.10384362967862901,0.5064822135762872
708.0,inel,0.12407975403005414,0.36892076980898014,2.97325516715339
708.0,pipro,0.6708910723976188,0.3833957991405048,0.5714725011473645
708.5,cex,0.0,0.14373872319780545,1.0
708.5,abs,0.2049293981452288,0.10378096430934834,0.5064230181157372
708.5,inel,0.12392076227286714,0.3688140012076508,2.976208299909755
708.5,pipro,0.671149839581904,0.3836663112851954,0.5716552231081544
709.0,cex,0.0,0.1436376685647313,1.0
709.0,abs,0.2048296075817962,0.10371830246577886,0.5063638196170455
709.0,inel,0.12376174639598973,0.36870714160787793,2.979168865540711
709.0,pipro,0.6714086460222141,0.3839368873616119,0.5718378660094126
709.5,cex,0.0,0.1435366375153497,1.0
709.5,abs,0.20472980187858444,0.10365564418175362,0.5063046182364151
709.5,inel,0.12360270639393293,0.36860019108726255,2.9821368952270397
709.5,pipro,0.6716674917274825,0.3842075272156341,0.5720204296734368
710.0,cex,0.0,0.1434356300923352,1.0
710.0,abs,0.204629981032148,0.10359298949111015,0.506245414130373
710.0,inel,0.12344364226120605,0.3684931497235572,2.9851124203207466
710.0,pipro,0.6719263767066459,0.3844782306929974,0.5722029139226
710.5,cex,0.0,0.14333464633835127,1.0
710.5,abs,0.20453014503904007,0.10353033842769102,0.5061862074557737
710.5,inel,0.1232845539923168,0.36838601759466555,2.9880954723462247
710.5,pipro,0.6721853009686432,0.3847489976392921,0.5723853185793486
711.0,cex,0.0,0.14323368629604946,1.0
711.0,abs,0.20443029389581294,0.10346769102534309,0.5061269983697962
711.0,inel,0.12312544158177116,0.36827879477864334,2.9910860830014467
711.0,pipro,0.6724442645224159,0.3850198278999641,0.5725676434662035
711.5,cex,0.0,0.143137400077515,1.0
711.5,abs,0.2043304275990177,0.10340292317894068,0.5060573914221955
711.5,inel,0.12296630502407348,0.368164973333172,2.9940313589246683
711.5,pipro,0.6727032673769088,0.3852947034103723,0.5727558079400492
712.0,cex,0.0,0.14304441037159862,1.0
712.0,abs,0.20423054614520467,0.10333666241087056,0.5059804439704129
712.0,inel,0.1228071443137264,0.368046469868844,2.9969467324199206
712.0,pipro,0.672962309541069,0.38557245734868684,0.5729480713587519
712.5,cex,0.0,0.14295143229548776,1.0
712.5,abs,0.20413064953092283,0.1032704088624346,0.5059034941579933
712.5,inel,0.12264795944523096,0.3679278789948592,2.999869550696921
712.5,pipro,0.6732213910238463,0.3858502798472184,0.5731402551847186
713.0,cex,0.0,0.14285846589573575,1.0
713.0,abs,0.20401674070519693,0.1032041625674716,0.5058612455563195
713.0,inel,0.12250019763348956,0.36780920079630247,3.002519244064872
713.0,pipro,0.6734830616613137,0.3861281707404902,0.57333018856927
713.5,cex,0.0,0.14276551121890016,1.0
713.5,abs,0.2039028137245108,0.10313792355982453,0.5058190305268284
713.5,inel,0.12235241227124802,0.36769043535841733,3.005175202784474
713.5,pipro,0.6737447740042413,0.386406129862858,0.5735200401872439
714.0,cex,0.0,0.14267256831154299,1.0
714.0,abs,0.20378886858452364,0.10307169187334064,0.5057768492914054
714.0,inel,0.1222046033528755,0.3675715827666048,3.0078374519592574
714.0,pipro,0.6740065280626009,0.3866841570485116,0.5737098098441517
714.5,cex,0.0,0.1425796372202301,1.0
714.5,abs,0.20367490528089346,0.10300546754187133,0.5057347020724706
714.5,inel,0.12205677087273963,0.3674526431064244,3.0105060168234545
714.5,pipro,0.6742683238463669,0.3869622521314742,0.5738994973455763
715.0,cex,0.0,0.14248671799153154,1.0
715.0,abs,0.2035609238092768,0.10293925059927213,0.5056925890929805
715.0,inel,0.12190891482520601,0.3673336164635927,3.0131809227428414
715.0,pipro,0.6745301613655171,0.3872404149456036,0.5740891024971738
715.5,cex,0.0,0.1423938106720212,1.0
715.5,abs,0.20344692416532875,0.10287304107940252,0.5056505105764291
715.5,inel,0.12176103520463855,0.3672145029239847,3.0158621952155964
715.5,pipro,0.6747920406300326,0.38751864532459157,0.5742786251046726
716.0,cex,0.0,0.1423009153082764,1.0
716.0,abs,0.20333290634470316,0.1028068390161258,0.505608466746848
716.0,inel,0.12161313200539933,0.36709530257363204,3.0185498598731417
716.0,pipro,0.6750539616498974,0.3877969431019657,0.5744680649738761
716.5,cex,0.0,0.14220803194687862,1.0
716.5,abs,0.2032188703430524,0.10274064444330917,0.5055664578288098
716.5,inel,0.12146520522184871,0.36697601549872433,3.0212439424810196
716.5,pipro,0.6753159244350989,0.3880753081110879,0.5746574219106598
717.0,cex,0.0,0.14211516063441249,1.0
717.0,abs,0.2031048161560274,0.10267445739482359,0.5055244840474286
717.0,inel,0.12131725484834512,0.36685664178560756,3.023944468939752
717.0,pipro,0.6755779289956275,0.38835374018515645,0.5748466957209758
717.5,cex,0.0,0.1420223014174657,1.0
717.5,abs,0.2029907437792778,0.10260827790454344,0.5054825456283596
717.5,inel,0.12116928087924526,0.36673718152078505,3.0266514652857235
717.5,pipro,0.6758399753414769,0.38863223915720574,0.5750358862108509
718.0,cex,0.0,0.14192945434263018,1.0
718.0,abs,0.20287665320845183,0.10254210600634713,0.5054406427978043
718.0,inel,0.12102128330890408,0.36661763479091686,3.0293649576920587
718.0,pipro,0.6761020634826441,0.3889108048601059,0.5752249931863865
718.5,cex,0.0,0.1418366194565001,1.0
718.5,abs,0.20276254443919636,0.10247594173411591,0.5053987757825065
718.5,inel,0.12087326213167462,0.3664980016828194,3.032084972469517
718.5,pipro,0.676364193429129,0.3891894371265646,0.5754140164537624
719.0,cex,0.0,0.14174379680567298,1.0
719.0,abs,0.20264841746715676,0.10240978512173486,0.5053569448097586
719.0,inel,0.12072521734190822,0.3663782822834657,3.0348115360673877
719.0,pipro,0.6766263651909349,0.3894681357891264,0.5756029558192338
719.5,cex,0.0,0.1416509864367492,1.0
719.5,abs,0.2025342722879771,0.10234363620309223,0.5053151501074002
719.5,inel,0.12057714893395434,0.36625847667998535,3.0375446750743955
719.5,pipro,0.6768885787780684,0.38974690068017326,0.5757918110891329
720.0,cex,0.0,0.141558188396332,1.0
720.0,abs,0.20242010889730008,0.10227749501207943,0.50527339190382
720.0,inel,0.12042905690216071,0.36613858495966317,3.0402844162196043
720.0,pipro,0.6771508342005391,0.3900257316319255,0.5759805820698713
720.5,cex,0.0,0.14146540273102712,1.0
720.5,abs,0.20230592729076696,0.10221136158259098,0.5052316704279568
720.5,inel,0.12028094124087318,0.3660186072099407,3.0430307863733477
720.5,pipro,0.6774131314683598,0.39030462847644115,0.5761692685679378
721.0,cex,0.0,0.1413726294874431,1.0
721.0,abs,0.20219172746401765,0.10214523594852463,0.5051899859093026
721.0,inel,0.12013280194443589,0.3658985435184147,3.0457838125481413
721.0,pipro,0.6776754705915465,0.3905835910456176,0.5763578703899007
721.5,cex,0.0,0.1412798687121906,1.0
721.5,abs,0.20207750941269054,0.10207911814378064,0.5051483385779003
721.5,inel,0.11998463900719104,0.3657783939728378,3.048543521899629
721.5,pipro,0.6779378515801184,0.390862619171191,0.5765463873424082
722.0,cex,0.0,0.1411871204518827,1.0
722.0,abs,0.20196327313242282,0.10201300820226268,0.5051067286643499
722.0,inel,0.11983645242347915,0.36565815866111745,3.051309941727508
722.0,pipro,0.678200274444098,0.3911417126847372,0.5767348192321881
722.5,cex,0.0,0.1410943847531346,1.0
722.5,abs,0.20184901861885016,0.10194690615787677,0.5050651563998053
722.5,inel,0.11968824218763886,0.36553783767131703,3.0540830994764914
722.5,pipro,0.678462739193511,0.3914208714176715,0.5769231658660485
723.0,cex,0.0,0.14100166166256384,1.0
723.0,abs,0.2017347458676069,0.10188081204453173,0.5050236220159782
723.0,inel,0.11954000829400706,0.36541743109165475,3.0568630227372533
723.0,pipro,0.6787252458383861,0.39170009520124965,0.5771114270508789
723.5,cex,0.0,0.1409089512267896,1.0
723.5,abs,0.20162045487432592,0.10181472589613912,0.5049821257451397
723.5,inel,0.11939175073691875,0.3652969390105032,3.059649739247393
723.5,pipro,0.6789877943887552,0.39197938386656817,0.5772996025936512
724.0,cex,0.0,0.14081625349243293,1.0
724.0,abs,0.20150614563463878,0.10174864774661278,0.5049406678201196
724.0,inel,0.11924346951070722,0.3651763615163902,3.0624432768924086
724.0,pipro,0.6792503848546539,0.39225873724456406,0.5774876923014178
724.5,cex,0.0,0.1407235685061165,1.0
724.5,abs,0.2013918181441756,0.10168257762986907,0.5048992484743096
724.5,inel,0.11909516460970387,0.3650556986979978,3.0652436637066716
724.5,pipro,0.6795130172461205,0.39253815516601664,0.5776756959813161
725.0,cex,0.0,0.1406308963144646,1.0
725.0,abs,0.20127747239856505,0.10161651557982677,0.5048578679416644
725.0,inel,0.11894683602823834,0.3649349506441624,3.068050927874414
725.0,pipro,0.6797756915731965,0.3928176374615462,0.5778636134405647
725.5,cex,0.0,0.14053949740063168,1.0
725.5,abs,0.20116310839343463,0.1015509542637599,0.5048189753816422
725.5,inel,0.11879848376063847,0.3648208553284975,3.070921814655127
725.5,pipro,0.680038407845927,0.3930886930071109,0.578038958493902
726.0,cex,0.0,0.14044811232624405,1.0
726.0,abs,0.20104872612441013,0.10148540232403573,0.5047801310675103
726.0,inel,0.11865010780123017,0.3647066773702134,3.0737997978155405
726.0,pipro,0.6803011660743598,0.39335980797950676,0.5782142198129216
726.5,cex,0.0,0.14035674113431984,1.0
726.5,abs,0.20093432558711613,0.10141985979187611,0.504741335237443
726.5,inel,0.11850170814433768,0.3645924168503968,3.0766849065695765
726.5,pipro,0.6805639662685463,0.3936309822234073,0.5783893972254226
727.0,cex,0.0,0.14026538386787513,1.0
727.0,abs,0.20081990677717576,0.10135432669850249,0.504702588130182
727.0,inel,0.11835328478428338,0.36447807385027237,3.079577170287993
727.0,pipro,0.6808268084385409,0.39390221558335003,0.5785644905592875
727.5,cex,0.0,0.14017404056992436,1.0
727.5,abs,0.2007054696902108,0.10128880307513519,0.5046638899850343
727.5,inel,0.1182048377153878,0.3643636484512026,3.0824766184994314
727.5,pipro,0.6810896925944014,0.39417350790373784,0.5787394996424851
728.0,cex,0.0,0.14008271128347924,1.0
728.0,abs,0.20059101432184162,0.10122328895299348,0.5046252410418748
728.0,inel,0.1180563669319697,0.36424914073468956,3.0853832808914836
728.0,pipro,0.6813526187461887,0.39444485902883775,0.5789144243030682
728.5,cex,0.0,0.13999139605154964,1.0
728.5,abs,0.2004765406676871,0.10115778436329578,0.5045866415411489
728.5,inel,0.11790787242834605,0.364134550782372,3.0882971873117353
728.5,pipro,0.6816155869039668,0.39471626880278254,0.5790892643691763
729.0,cex,0.0,0.13990009491714245,1.0
729.0,abs,0.20036204872336488,0.10109228933725925,0.5045480917238722
729.0,inel,0.11775935419883188,0.3640198786760274,3.091218367768854
729.0,pipro,0.6818785970778032,0.39498773706957085,0.5792640196690354
729.5,cex,0.0,0.13980880792326264,1.0
729.5,abs,0.20024753848449106,0.10102680390609976,0.5045095918316328
729.5,inel,0.11761081223774054,0.36390512449757023,3.094146852433653
729.5,pipro,0.6821416492777684,0.39525926367306735,0.579438690030958
730.0,cex,0.0,0.13971753511291227,1.0
730.0,abs,0.20013300994668037,0.10096132810103196,0.5044711421065929
730.0,inel,0.1174622465393835,0.3637902883290535,3.0970826716401985
730.0,pipro,0.6824047435139361,0.3955308484570022,0.5796132752833432
730.5,cex,0.0,0.1396262765290909,1.0
730.5,abs,0.20001846310554616,0.10089586195326913,0.5044327427914902
730.5,inel,0.11731365709807043,0.3636753702526673,3.100025855886893
730.5,pipro,0.6826678797963834,0.39580249126497274,0.5797877752546775
731.0,cex,0.0,0.13953503221479488,1.0
731.0,abs,0.1999038979567004,0.10083040549402308,0.504394394129639
731.0,inel,0.11716504390810914,0.36356037035073824,3.1029764358375815
731.0,pipro,0.6829310581351904,0.39607419194044385,0.5799621897735372
731.5,cex,0.0,0.13944380221301797,1.0
731.5,abs,0.19978931449575368,0.10076495875450424,0.504356096364933
731.5,inel,0.1170164069638057,0.36344528870573106,3.105934442322675
731.5,pipro,0.6831942785404407,0.39634595032674674,0.5801365186685848
732.0,cex,0.0,0.1393525865667508,1.0
732.0,abs,0.19967471271831502,0.10069952176592091,0.5043178497418432
732.0,inel,0.11686774625946428,0.3633301254002469,3.1088999063402696
732.0,pipro,0.6834575410222208,0.3966177662670814,0.5803107617685741
732.5,cex,0.0,0.13926138531898072,1.0
732.5,abs,0.19956009261999222,0.10063409455948048,0.504279654505426
732.5,inel,0.11671906178938724,0.3632148805170236,3.1118728590572786
732.5,pipro,0.6837208455906206,0.3968896396045152,0.5804849189023464
733.0,cex,0.0,0.13917019851269194,1.0
733.0,abs,0.19944545419639156,0.10056867716638802,0.5042415109013176
733.0,inel,0.11657035354787515,0.3630995541389358,3.114853331810577
733.0,pipro,0.6839841922557331,0.3971615701819843,0.5806589898988346
733.5,cex,0.0,0.13907902619086535,1.0
733.5,abs,0.1993307974431181,0.10050326961784695,0.5042034191757397
733.5,inel,0.1164216215292268,0.36298414634899456,3.117841356108152
733.5,pipro,0.6842475810276551,0.3974335578422931,0.5808329745870597
734.0,cex,0.0,0.13898786839647828,1.0
734.0,abs,0.1992161223557752,0.10043787194505868,0.5041653795755001
734.0,inel,0.11627286572773902,0.3628686572303475,3.120836963630273
734.0,pipro,0.6845110119164858,0.39770560242811553,0.5810068727961354
734.5,cex,0.0,0.1388967251725047,1.0
734.5,abs,0.19910142892996505,0.10037248417922286,0.5041273923479946
734.5,inel,0.11612408613770696,0.36275308686627733,3.1238401862306393
734.5,pipro,0.6847744849323281,0.39797770378199504,0.5811806843552657
735.0,cex,0.0,0.13880559656191457,1.0
735.0,abs,0.19898671716128832,0.10030710635153677,0.5040894577412071
735.0,inel,0.11597528275342385,0.36263743534020443,3.1268510559375944
735.0,pipro,0.6850380000852878,0.39824986174634425,0.5813544090937464
735.5,cex,0.0,0.13871448260767455,1.0
735.5,abs,0.19887198704534437,0.10024173849319576,0.5040515760037126
735.5,inel,0.11582645556918114,0.3625217027356833,3.1298696049552803
735.5,pipro,0.6853015573854744,0.3985220761634464,0.581528046840965
736.0,cex,0.0,0.13862338335274668,1.0
736.0,abs,0.198757238577731,0.10017638063539296,0.5040137473846793
736.0,inel,0.11567760457926846,0.36240588913640476,3.132895865664861
736.0,pipro,0.6855651568430005,0.3987943468754556,0.5817015974264026
736.5,cex,0.0,0.1385322620703902,1.0
736.5,abs,0.1986424717540448,0.10011127166081471,0.503977174552935
736.5,inel,0.11552872977797356,0.3622898984659908,3.1359290382768856
736.5,pipro,0.6858287984679815,0.3990665678028042,0.5818749062364359
737.0,cex,0.0,0.13844112974829664,1.0
737.0,abs,0.1985276865698808,0.10004634097646116,0.5039415041047453
737.0,inel,0.11537983115958242,0.3621737593434043,3.1389693996213253
737.0,pipro,0.6860924822705368,0.39933876993183787,0.5820480186727545
737.5,cex,0.0,0.13835001241827002,1.0
737.5,abs,0.1984128830208326,0.09998141991495578,0.5039058875247436
737.5,inel,0.11523090871837914,0.3620575397963016,3.142017569966052
737.5,pipro,0.6863562082607881,0.39961102787047253,0.5822210436226377
738.0,cex,0.0,0.13825891012305652,1.0
738.0,abs,0.1982998513187068,0.09991650850747433,0.5038657762122518
738.0,inel,0.11508300139776134,0.36194123990876975,3.145045189235136
738.0,pipro,0.6866171472835317,0.3998833414606994,0.582396380636226
738.5,cex,0.0,0.1381678229053974,1.0
738.5,abs,0.19818679948796125,0.09985160678519042,0.5038257191859837
738.5,inel,0.114935067737894,0.3618248597650296,3.1480806240107713
738.5,pipro,0.6868781327741447,0.4001557105443826,0.5825716258111823
739.0,cex,0.0,0.1380732307785947,1.0
739.0,abs,0.19807372752321886,0.09978828565425699,0.5037936474566496
739.0,inel,0.1147871077317408,0.3617126973042508,3.1511613494921296
739.0,pipro,0.6871391647450402,0.4004257862628975,0.582743360890328
739.5,cex,0.0,0.13797367609922623,1.0
739.5,abs,0.19796063541910042,0.09972719678901133,0.5037728666503819
739.5,inel,0.11463912137226291,0.36160654067510795,3.15430314142829
739.5,pipro,0.6874002432086367,0.40069258643665445,0.582910160994863
740.0,cex,0.0,0.1378741493436476,1.0
740.0,abs,0.19784752317022491,0.09966611361752675,0.5037521421573501
740.0,inel,0.11449110865241896,0.36150030020748425,3.157453049956526
740.0,pipro,0.6876613681773562,0.40095943683134144,0.5830768680434716
740.5,cex,0.0,0.13777465055028051,1.0
740.5,abs,0.19773439077120927,0.09960503617174417,0.5037314742431086
740.5,inel,0.11434306956516503,0.361393975981179,3.1606111096678027
740.5,pipro,0.6879225396636257,0.40122633729679635,0.5832434818794925
741.0,cex,0.0,0.13767517975752588,1.0
741.0,abs,0.19762123821666872,0.09954396448360266,0.5037108631738471
741.0,inel,0.1141950041034548,0.36128756807612145,3.163777355345716
741.0,pipro,0.6881837576798764,0.40149328768274994,0.5834100023463693
741.5,cex,0.0,0.1375757370037638,1.0
741.5,abs,0.19750806550121644,0.09948289858503949,0.5036903092163939
741.5,inel,0.11404691226023939,0.36118107657236936,3.166951821967821
741.5,pipro,0.6884450222385443,0.4017602878388274,0.5835764292876513
742.0,cex,0.0,0.13747632232735366,1.0
742.0,abs,0.1973948726194637,0.09942183850799013,0.5036698126382178
742.0,inel,0.11389879402846734,0.3610745015501092,3.170134544706978
742.0,pipro,0.6887063333520691,0.40202733761454706,0.583742762546993
742.5,cex,0.0,0.13737693576663373,1.0
742.5,abs,0.19728165956601978,0.09936078428438784,0.5036493737074278
742.5,inel,0.11375064940108479,0.36096784308965696,3.1733255589327176
742.5,pipro,0.6889676910328955,0.40229443685932154,0.5839090019681541
743.0,cex,0.0,0.13727757735992163,1.0
743.0,abs,0.19716842633549223,0.09929973594616416,0.503628992692778
743.0,inel,0.11360247837103528,0.3608611012714558,3.1765249002125904
743.0,pipro,0.6892290952934725,0.4025615854224584,0.5840751473950013
743.5,cex,0.0,0.13717824714551352,1.0
743.5,abs,0.19705517292248648,0.09923869352524836,0.5036086698636673
743.5,inel,0.11345428093125988,0.36075427617607775,3.1797326043135645
743.5,pipro,0.6894905461462535,0.40282878315316045,0.5842411986715089
744.0,cex,0.0,0.1370789451616845,1.0
744.0,abs,0.19694189932160616,0.09917765705356753,0.503588405490141
744.0,inel,0.11330605707469717,0.3606473678842233,3.1829487072034115
744.0,pipro,0.6897520436036967,0.4030960299005247,0.5844071556417557
744.5,cex,0.0,0.1369796714466882,1.0
744.5,abs,0.19682860552745296,0.09911662656304641,0.5035681998428931
744.5,inel,0.11315780679428311,0.36054037647672044,3.1861732450521076
744.5,pipro,0.6900135876782639,0.4033633255135449,0.5845730181499312
745.0,cex,0.0,0.13688042603875722,1.0
745.0,abs,0.19671529153462655,0.09905560208560776,0.5035480531932701
745.0,inel,0.11300953008295127,0.36043330203452506,3.1894062542332473
745.0,pipro,0.6902751783824222,0.4036306698411099,0.5847387860403301
745.5,cex,0.0,0.1367812089761025,1.0
745.5,abs,0.1966019573377248,0.09899458365317163,0.5035279658132689
745.5,inel,0.11286122693363257,0.36032614463872115,3.192647771325479
745.5,pipro,0.6905368157286428,0.40389806273200474,0.5849044591573562
746.0,cex,0.0,0.13668202029691295,1.0
746.0,abs,0.19648860293134354,0.09893357129765551,0.5035079379755404
746.0,inel,0.11271289733925549,0.36021890437051896,3.1958978331139254
746.0,pipro,0.690798499729401,0.4041655040349126,0.585070037345524
746.5,cex,0.0,0.13658286003935655,1.0
746.5,abs,0.19637522831007675,0.09887256505097462,0.5034879699533931
746.5,inel,0.11256454129274598,0.36011158131125803,3.1991564765916634
746.5,pipro,0.6910602303971771,0.4044329935984108,0.5852355204494529
747.0,cex,0.0,0.1364837282415791,1.0
747.0,abs,0.1962618334685165,0.09881156494504147,0.5034680620207923
747.0,inel,0.11241615878702747,0.3600041755424029,3.20242373896115
747.0,pipro,0.691322007744456,0.4047005312709765,0.5854009083138754
747.5,cex,0.0,0.1363846249417044,1.0
747.5,abs,0.19614841840125288,0.09875057101176579,0.503448214452363
747.5,inel,0.11226774981502087,0.3598966871455465,3.205699657635733
747.5,pipro,0.6915838317837263,0.40496811690098333,0.5855662007836324
748.0,cex,0.0,0.1362855501778345,1.0
748.0,abs,0.19603498310287407,0.0986895832830546,0.503428427523392
748.0,inel,0.11211931436964452,0.35978911620240833,3.208984270241119
748.0,pipro,0.6918457025274815,0.40523575033670256,0.5857313977036749
748.5,cex,0.0,0.13618650398804938,1.0
748.5,abs,0.1959215275679662,0.09862860179081212,0.5034087015098294
748.5,inel,0.11197085244381423,0.35968146279483404,3.212277614616878
748.5,pipro,0.6921076199882195,0.4055034314263044,0.5858964989190649
749.0,cex,0.0,0.13608748641040702,1.0
749.0,abs,0.1958080517911138,0.09856762656693965,0.5033890366882904
749.0,inel,0.11182236403044335,0.35957372700479584,3.2155797288179566
749.0,pipro,0.6923695841784427,0.4057711600178574,0.5860615042749755
749.5,cex,0.0,0.13598849748294267,1.0
749.5,abs,0.19569455576689906,0.09850665764333523,0.5033694333360562
749.5,inel,0.11167384912244269,0.35946590891439306,3.218890651116211
749.5,pipro,0.6926315951106583,0.406038935959329,0.5862264136166907
750.0,cex,0.0,0.13588953724366973,1.0
750.0,abs,0.19558103948990244,0.09844569505189428,0.503349891731079
750.0,inel,0.11152530771272043,0.35935800860584993,3.222210420001935
750.0,pipro,0.692893652797377,0.40630675909858605,0.5863912267896072
750.5,cex,0.0,0.13580944582861165,1.0
750.5,abs,0.19551305024675983,0.09838992849415061,0.5032396986798133
750.5,inel,0.11144648777049196,0.3593080027265408,3.2240406128049908
750.5,pipro,0.6930404619827482,0.40649262295069694,0.5865351956330881
751.0,cex,0.0,0.13572937843897387,1.0
751.0,abs,0.1954450545078696,0.09833417673336221,0.5031295213939669
751.0,inel,0.1113676602977421,0.3592579424529988,3.2258731259372833
751.0,pipro,0.6931872851943884,0.40667850237466513,0.5866791140876473
751.5,cex,0.0,0.13564933508900034,1.0
751.5,abs,0.1953770522723008,0.09827843978095575,0.503019359939893
751.5,inel,0.11128882529339154,0.3592078278127296,3.2277079649798384
751.5,pipro,0.6933341224343077,0.40686439731731433,0.5868229820981645
752.0,cex,0.0,0.1355693157929176,1.0
752.0,abs,0.19530904353912226,0.09822271764834653,0.5029092143839801
752.0,inel,0.11120998275636083,0.3591576588332768,3.2295451355308677
752.0,pipro,0.6934809737045169,0.4070503077254591,0.5869667996095562
752.5,cex,0.0,0.1354893205649358,1.0
752.5,abs,0.19524102830740273,0.09816701034693864,0.5027990847926535
752.5,inel,0.11113113268557034,0.35910743554222296,3.2313846432058435
752.5,pipro,0.693627839007027,0.40723623354590266,0.587110566566774
753.0,cex,0.0,0.13540934941924793,1.0
753.0,abs,0.1951730065762107,0.0981113178881253,0.502688971232377
753.0,inel,0.11105227507994017,0.35905715796718835,3.2332264936375563
753.0,pipro,0.6937747183438491,0.4074221747254384,0.5872542829148057
753.5,cex,0.0,0.13532940237003072,1.0
753.5,abs,0.19510497834461452,0.09805564028328828,0.5025788737696498
753.5,inel,0.11097340993839024,0.35900682613583135,3.235070692476182
753.5,pipro,0.6939216117169954,0.4076081312108496,0.5873979485986753
754.0,cex,0.0,0.13524947943144355,1.0
754.0,abs,0.19503694361168228,0.09799997754379827,0.5024687924710091
754.0,inel,0.11089453725984023,0.3589564400758488,3.236917245389351
754.0,pipro,0.6940685191284774,0.40779410294890933,0.5875415635634433
754.5,cex,0.0,0.13516958061762935,1.0
754.5,abs,0.19496890237648204,0.0979443296810147,0.5023587274030279
754.5,inel,0.11081565704320967,0.3589059998149755,3.2387661580622087
754.5,pipro,0.6942154405803084,0.4079800898863804,0.5876851277542052
755.0,cex,0.0,0.13508970594271383,1.0
755.0,abs,0.19490085463808143,0.0978886967062858,0.5022486786323176
755.0,inel,0.11073676928741782,0.35885550538098415,3.2406174361974833
755.0,pipro,0.6943623760745007,0.4081660919700162,0.5878286411160943
755.5,cex,0.0,0.13500985542080615,1.0
755.5,abs,0.1948328003955483,0.0978330786309486,0.5021386462255253
755.5,inel,0.11065787399138383,0.35880495680168556,3.2424710855155525
755.5,pipro,0.6945093256130678,0.4083521091465596,0.5879721035942791
756.0,cex,0.0,0.1349300290659986,1.0
756.0,abs,0.19476473964794994,0.09777747546632887,0.5020286302493361
756.0,inel,0.11057897115402654,0.3587543541049286,3.244327111754514
756.0,pipro,0.6946562891980235,0.40853814136274386,0.5881155151339645
756.5,cex,0.0,0.13485022689236625,1.0
756.5,abs,0.19469667239435368,0.09772188722374105,0.5019186307704715
756.5,inel,0.11050006077426464,0.3587036973186004,3.2461855206702492
756.5,pipro,0.6948032668313817,0.40872418856529225,0.5882588756803924
757.0,cex,0.0,0.13477044891396756,1.0
757.0,abs,0.1946285986338265,0.09766631391448861,0.5018086478556918
757.0,inel,0.11042114285101658,0.3586529864706249,3.248046318036483
757.0,pipro,0.6949502585151569,0.40891025070091896,0.5884021851788412
757.5,cex,0.0,0.13469069514484386,1.0
757.5,abs,0.19456051836543542,0.09761075554986322,0.5016986815717912
757.5,inel,0.11034221738320063,0.35860222158896543,3.249909509644872
757.5,pipro,0.695097264251364,0.40909632771632753,0.5885454435746252
758.0,cex,0.0,0.13461096559901992,1.0
758.0,abs,0.19449243158824714,0.09755521214114583,0.5015887319856046
758.0,inel,0.11026328436973484,0.35855140270162184,3.251775101305048
758.0,pipro,0.695244284042018,0.4092824195582124,0.5886886508130958
758.5,cex,0.0,0.13453126029050327,1.0
758.5,abs,0.19442433830132816,0.09749968369960578,0.5014787991640023
758.5,inel,0.11018434380953711,0.3585005298366322,3.2536430988447007
758.5,pipro,0.6953913178891348,0.40946852617325874,0.5888318068396415
759.0,cex,0.0,0.1344515792332843,1.0
759.0,abs,0.19435623850374484,0.09744417023650107,0.5013688831738916
759.0,inel,0.110105395701525,0.35844960302207274,3.255513508109649
759.0,pipro,0.6955383657947303,0.40965464750814184,0.5889749115996867
759.5,cex,0.0,0.13437192244133708,1.0
759.5,abs,0.19428813219456345,0.09738867176307872,0.5012589840822189
759.5,inel,0.110026440044616,0.3583986222860568,3.2573863349638983
759.5,pipro,0.6956854277608207,0.40984078350952746,0.5891179650386932
760.0,cex,0.0,0.134292289928618,1.0
760.0,abs,0.1942200193728499,0.09733318829057404,0.501149101955966
760.0,inel,0.10994747683772729,0.3583475876567358,3.2592615852897198
760.0,pipro,0.6958325037894227,0.4100269341240721,0.5892609671021591
760.5,cex,0.0,0.13421268170906692,1.0
760.5,abs,0.19415190003767013,0.09727771983021115,0.5010392368621525
760.5,inel,0.10986850607977595,0.35829649916229883,3.261139264987715
760.5,pipro,0.6959795938825538,0.4102130992984231,0.5894039177356202
761.0,cex,0.0,0.13413309779660637,1.0
761.0,abs,0.19408377418808975,0.09722226639320292,0.5009293888678362
761.0,inel,0.10978952776967879,0.3582453568309721,3.263019379976883
761.0,pipro,0.6961266980422315,0.41039927897921863,0.5895468168846487
761.5,cex,0.0,0.13405307707648143,1.0
761.5,abs,0.19401564182317418,0.09716707197486943,0.5008208155888146
761.5,inel,0.10971054190635234,0.35818730193355014,3.2648394193449044
761.5,pipro,0.6962738162704735,0.410592549015099,0.5896998270226506
762.0,cex,0.0,0.13397275428580716,1.0
762.0,abs,0.19394750294198884,0.09711206325749044,0.5007131403312648
762.0,inel,0.10963154848871308,0.35812435033627443,3.2666176413000723
762.0,pipro,0.696420948569298,0.4107908321204279,0.5898599589290668
762.5,cex,0.0,0.13389245470759292,1.0
762.5,abs,0.19387935754359875,0.09705706762070529,0.5006054736842189
762.5,inel,0.10955254751567717,0.35806134317161203,3.268398145833832
762.5,pipro,0.696568094940724,0.4109891345000898,0.5900200389382804
763.0,cex,0.0,0.13381217835810694,1.0
763.0,abs,0.19380039092029086,0.09700208507778914,0.5005257451605741
763.0,inel,0.1094790462886192,0.3579982804736013,3.270016433371294
763.0,pipro,0.6967205627910901,0.41118745609050267,0.5901755711691204
763.5,cex,0.0,0.13373192525360125,1.0
763.5,abs,0.19372141719526875,0.09694711564200746,0.5004460376432514
763.5,inel,0.10940553845136711,0.35793516227632416,3.271636585705698
763.5,pipro,0.6968730443533642,0.41138579682806714,0.590331051202872
764.0,cex,0.0,0.13365125529253685,1.0
764.0,abs,0.19364243636757433,0.09689513327926376,0.5003817091793675
764.0,inel,0.10933202400302915,0.357870810134106,3.2732478283232993
764.0,pipro,0.6970255396293965,0.41158280129409336,0.5904845344876875
764.5,cex,0.0,0.13356998681359447,1.0
764.5,abs,0.19356344843624942,0.09684737234202964,0.5003391555814658
764.5,inel,0.10925850294271339,0.357804735908856,3.2748456758231512
764.5,pipro,0.6971780486210372,0.41177790493551986,0.5906352125543595
765.0,cex,0.0,0.1334887440376854,1.0
765.0,abs,0.19348445340033565,0.09679961775101226,0.5002966184095715
765.0,inel,0.10918497526952779,0.3577386103331252,3.276445403317005
765.0,pipro,0.6973305713301367,0.41197302787817713,0.5907858407703985
765.5,cex,0.0,0.13340752697805314,1.0
765.5,abs,0.19340545125887432,0.0967518695200603,0.5002540977532085
765.5,inel,0.10911144098258006,0.3576724334399517,3.278047015225975
765.5,pipro,0.6974831077585455,0.4121681700619349,0.5909364190718425
766.0,cex,0.0,0.13332633564792534,1.0
766.0,abs,0.1933264420109068,0.09670412766301663,0.500211593702019
766.0,inel,0.1090379000809779,0.35760620526241227,3.279650515984195
766.0,pipro,0.6976356579081153,0.4123633314266458,0.5910869473947641
766.5,cex,0.0,0.13324517006051492,1.0
766.5,abs,0.193247425655474,0.0966563921937188,0.5001691063457686
766.5,inel,0.10896435256382862,0.35753992583362315,3.2812559100388827
766.5,pipro,0.6977882217806973,0.41255851191214316,0.591237425675269
767.0,cex,0.0,0.13316403022901954,1.0
767.0,abs,0.19316840219161702,0.09660866312599882,0.5001266357743439
767.0,inel,0.10889079843023962,0.35747359518673877,3.2828632018503616
767.0,pipro,0.6979407993781434,0.4127537114582429,0.5913878538494975
767.5,cex,0.0,0.13308291616662124,1.0
767.5,abs,0.19308937161837653,0.09656094047368324,0.5000841820777536
767.5,inel,0.10881723767931802,0.35740721335495257,3.284472395892126
767.5,pipro,0.6980933907023056,0.4129489300047429,0.591538231853624
768.0,cex,0.0,0.13300182788648718,1.0
768.0,abs,0.193010333934793,0.09651322425059307,0.5000417453461289
768.0,inel,0.10874367031017068,0.3573407803714967,3.286083496650885
768.0,pipro,0.6982459957550364,0.41314416749142313,0.5916885596238568
768.5,cex,0.0,0.13292076540176906,1.0
768.5,abs,0.19293128913990681,0.09646551447054379,0.49999932566972316
768.5,inel,0.10867009632190447,0.3572742962696419,3.2876965086266026
768.5,pipro,0.6983986145381887,0.4133394238580452,0.5918388370964381
769.0,cex,0.0,0.13283972872560348,1.0
769.0,abs,0.19285223723275835,0.09641781114734525,0.49995692313891127
769.0,inel,0.10859651571362608,0.35720776108269775,3.28931143633255
769.0,pipro,0.6985512470536156,0.41353469904435347,0.5919890642076452
769.5,cex,0.0,0.13275871787111138,1.0
769.5,abs,0.1927731782123875,0.09637011429480176,0.499914537844192
769.5,inel,0.1085229284844419,0.35714117484401225,3.2909282842953584
769.5,pipro,0.6987038933031706,0.4137299929900746,0.5921392408937893
770.0,cex,0.0,0.13267773285139872,1.0
770.0,abs,0.19269411207783418,0.09632242392671221,0.4998721698761873
770.0,inel,0.10844933463345831,0.3570745375869724,3.2925470570550583
770.0,pipro,0.6988565532887075,0.41392530563491675,0.5922893670912153
770.5,cex,0.0,0.13259677367955605,1.0
770.5,abs,0.1926150388281381,0.0962747400568697,0.4998298193256416
770.5,inel,0.10837573415978143,0.35700784934500274,3.2941677591651275
770.5,pipro,0.6990092270120806,0.4141206369185714,0.5924394427363037
771.0,cex,0.0,0.13251584036865835,1.0
771.0,abs,0.1925359584623387,0.09622706269906174,0.4997874862834227
771.0,inel,0.10830212706251727,0.35694111015156715,3.2957903951925465
771.0,pipro,0.6991619144751441,0.4143159867807128,0.5925894677654702
771.5,cex,0.0,0.13243493293176548,1.0
771.5,abs,0.19245687097947542,0.09617939186707031,0.49974517084052233
771.5,inel,0.10822851334077165,0.35687432004016784,3.297414969717844
771.5,pipro,0.6993146156797528,0.4145113551609964,0.5927394421151632
772.0,cex,0.0,0.13235405138192194,1.0
772.0,abs,0.1923777763785875,0.0961317275746716,0.4997028730880554
772.0,inel,0.1081548929936503,0.3568074790443451,3.299041487335141
772.0,pipro,0.6994673306277622,0.4147067419990613,0.5928893657218669
772.5,cex,0.0,0.13227319573215643,1.0
772.5,abs,0.19229867465871373,0.09608406983563622,0.4996605931172616
772.5,inel,0.10808126602025869,0.356740587197678,3.3006699526522083
772.5,pipro,0.6996200593210276,0.41490214723452934,0.593039238522101
773.0,cex,0.0,0.13219236599548279,1.0
773.0,abs,0.19221956581889313,0.096036418663729,0.4996183310195036
773.0,inel,0.1080076324197022,0.3566736445337831,3.302300370290503
773.0,pipro,0.6997728017614048,0.41509757080700516,0.5931890604524198
773.5,cex,0.0,0.13211156218489897,1.0
773.5,abs,0.19214044985816423,0.09598877407270932,0.49957608688627037
773.5,inel,0.107933992191086,0.35660665108631606,3.3039327448852327
773.5,pipro,0.6999255579507497,0.4152930126560756,0.5933388314494121
774.0,cex,0.0,0.13203078431338774,1.0
774.0,abs,0.1920613267755656,0.09594113607633059,0.4995338608091736
774.0,inel,0.10786034533351513,0.3565396068889705,3.305567081085397
774.0,pipro,0.7000783278909192,0.4154884727213112,0.593488551449702
774.5,cex,0.0,0.1319500323939163,1.0
774.5,abs,0.19198219657013552,0.09589350468834049,0.4994916528799502
774.5,inel,0.10778669184609446,0.35647251197547825,3.3072033835538357
774.5,pipro,0.7002311115837702,0.41568395094226496,0.5936382203899487
775.0,cex,0.0,0.1318693064394366,1.0
775.0,abs,0.1919030592409121,0.09584587992248117,0.49944946319046296
775.0,inel,0.1077130317279287,0.3564053663796087,3.308841656967279
775.0,pipro,0.7003839090311591,0.4158794472584736,0.5937878382068479
775.5,cex,0.0,0.13178993933993424,1.0
775.5,abs,0.1918239147869334,0.09579947662016966,0.49941362486829666
775.5,inel,0.10763936497812242,0.3563427755614115,3.310524691722566
775.5,pipro,0.7005367202349442,0.4160678084784846,0.5939271939077582
776.0,cex,0.0,0.13171059807350385,1.0
776.0,abs,0.1917447632072371,0.09575307983716004,0.49937780951895117
776.0,inel,0.10756569159577997,0.3562801364006763,3.312209786551067
776.0,pipro,0.700689545196983,0.4162561856886598,0.5940664999812988
776.5,cex,0.0,0.13163128265140697,1.0
776.5,abs,0.19166560450086087,0.09570668958603215,0.49934201723503435
776.5,inel,0.1074920115800056,0.3562174489278315,3.3138969463112264
776.5,pipro,0.7008423839191336,0.41644457883472935,0.5942057563727206
777.0,cex,0.0,0.1315519930848903,1.0
777.0,abs,0.19158643866684213,0.09566030587935986,0.4993062481092812
777.0,inel,0.10741832492990334,0.356154713173339,3.3155861758759553
777.0,pipro,0.7009952364032546,0.41663298786241076,0.5943449630273071
777.5,cex,0.0,0.13147272938518573,1.0
777.5,abs,0.1915072657042182,0.09561392872971178,0.49927050223455705
777.5,inel,0.10734463164457715,0.3560919291676938,3.3172774801326814
777.5,pipro,0.7011481026512046,0.41682141271740875,0.5944841198903765
778.0,cex,0.0,0.13139349156351046,1.0
778.0,abs,0.19142808561202612,0.09556755814965033,0.4992347797038538
778.0,inel,0.10727093172313072,0.3560290969414246,3.3189708639834103
778.0,pipro,0.7013009826648432,0.41700985334541457,0.5946232269072786
778.5,cex,0.0,0.13131427963106687,1.0
778.5,abs,0.19134889838930286,0.09552119415173255,0.49919908061029394
778.5,inel,0.10719722516466766,0.3559662165250933,3.3206663323447687
778.5,pipro,0.7014538764460295,0.4171983096921073,0.5947622840233985
779.0,cex,0.0,0.13123509359904256,1.0
779.0,abs,0.19126970403508511,0.09547483674850968,0.499163405047129
779.0,inel,0.1071235119682914,0.35590328794929527,3.322363890148064
779.0,pipro,0.7016067839966235,0.41738678170315247,0.594901291184153
779.5,cex,0.0,0.13115593347861007,1.0
779.5,abs,0.19119050254840952,0.09542848595252712,0.49912775310773916
779.5,inel,0.10704979213310516,0.35584031124465865,3.324063542339332
779.5,pipro,0.7017597053184853,0.4175752693242042,0.5950402483349947
780.0,cex,0.0,0.1310767992809273,1.0
780.0,abs,0.19111129392831244,0.09538214177632455,0.4990921248856347
780.0,inel,0.10697606565821205,0.3557772864418454,3.3257652938793982
780.0,pipro,0.7019126404134755,0.4177637725009027,0.5951791554214079
780.5,cex,0.0,0.13099769101713735,1.0
780.5,abs,0.19103207817383017,0.09533580423243598,0.49905652047445614
780.5,inel,0.10690233254271501,0.35571421357155064,3.3274691497439286
780.5,pipro,0.7020655892834547,0.41795229117887606,0.5953180123889114
781.0,cex,0.0,0.1309186086983683,1.0
781.0,abs,0.1909528552839987,0.09528947333338954,0.499020939967974
781.0,inel,0.10682859278571681,0.3556510926645019,3.3291751149234754
781.0,pipro,0.7022185519302845,0.41814082530374025,0.595456819183058
781.5,cex,0.0,0.13083955233573327,1.0
781.5,abs,0.19087362525785392,0.09524314909170742,0.4989853834600882
781.5,inel,0.10675484638632006,0.35558792375146125,3.330883194423551
781.5,pipro,0.702371528355826,0.418329374821098,0.5955955757494339
782.0,cex,0.0,0.13076052194033091,1.0
782.0,abs,0.19079438809443156,0.09519683151990632,0.4989498510448311
782.0,inel,0.10668109334362721,0.3555247068632223,3.3325933932646574
782.0,pipro,0.7025245185619412,0.41851793967654044,0.5957342820336596
782.5,cex,0.0,0.13068151752324453,1.0
782.5,abs,0.19071514379276713,0.09515052063049688,0.49891434281636454
782.5,inel,0.10660733365674058,0.35546144203061275,3.3343057164823633
782.5,pipro,0.7026775225504922,0.41870651981564583,0.5958729379813894
783.0,cex,0.0,0.13060253909554267,1.0
783.0,abs,0.19063589235189604,0.09510421643598392,0.49887885886898165
783.0,inel,0.10653356732476225,0.3553981292844928,3.3360201691273454
783.0,pipro,0.7028305403233416,0.4188951151839806,0.5960115435383119
783.5,cex,0.0,0.13052358666827893,1.0
783.5,abs,0.1905566337708534,0.0950579189488665,0.49884339929710747
783.5,inel,0.10645979434679417,0.35533476865575564,3.33773675626545
783.5,pipro,0.7029835718823523,0.41908372572709895,0.5961500986501498
784.0,cex,0.0,0.13044466025249202,1.0
784.0,abs,0.19047736804867432,0.09501162818163766,0.4988079641952976
784.0,inel,0.10638601472193819,0.35527136017532773,3.3394554829777463
784.0,pipro,0.7031366172293874,0.41927235139054253,0.5962886032626593
784.5,cex,0.0,0.13036575985920595,1.0
784.5,abs,0.19039809518439363,0.09496534414678479,0.4987725536582407
784.5,inel,0.10631222844929597,0.35520790387416784,3.34117635436058
784.5,pipro,0.7032896763663105,0.4194609921198414,0.5964270573216319
785.0,cex,0.0,0.13028688549942918,1.0
785.0,abs,0.1903188151770459,0.09491906685678901,0.4987371677807559
785.0,inel,0.10623843552796891,0.35514439978326845,3.342899375525642
785.0,pipro,0.7034427492949853,0.4196496478605134,0.5965654607728927
785.5,cex,0.0,0.13020803718415563,1.0
785.5,abs,0.1902395280256657,0.09487279632412604,0.49870180665779673
785.5,inel,0.10616463595705836,0.35508084793365374,3.3446245516000017
785.5,pipro,0.703595836017276,0.4198383185580646,0.5967038135623018
786.0,cex,0.0,0.1301292149243642,1.0
786.0,abs,0.1901602337292873,0.09482653256126522,0.4986664703844473
786.0,inel,0.1060908297356655,0.3550172483563818,3.346351887726188
786.0,pipro,0.7037489365350472,0.4200270041579888,0.596842115635753
786.5,cex,0.0,0.13005102439531271,1.0
786.5,abs,0.1900809322869449,0.09477605983672402,0.49860898037710966
786.5,inel,0.10601701686289128,0.3549552541546693,3.348096981579123
786.5,pipro,0.7039020508501638,0.420217661613294,0.5969831471662294
787.0,cex,0.0,0.12997328562390886,1.0
787.0,abs,0.19000162369767243,0.09472262345891835,0.4985358630915675
787.0,inel,0.10594319733783658,0.35489437602511476,3.3498552520876927
787.0,pipro,0.704055178964491,0.42040971489205803,0.5971260882000576
787.5,cex,0.0,0.12989557061388374,1.0
787.5,abs,0.18992230796050372,0.09466920066005877,0.4984627749982177
787.5,inel,0.10586937115960202,0.35483344630723096,3.3516156979180156
787.5,pipro,0.7042083208798943,0.42060178241882656,0.5972689755970123
788.0,cex,0.0,0.1298178793790408,1.0
788.0,abs,0.18984298507447234,0.0946157914517772,0.49838971618920214
788.0,inel,0.10579553832728814,0.3547724650334923,3.353378324291629
788.0,pipro,0.7043614765982394,0.4207938641356897,0.5974118092998806
788.5,cex,0.0,0.12974021193316693,1.0
788.5,abs,0.1897636550386118,0.09456239584569565,0.4983166867567698
788.5,inel,0.10572169883999528,0.3547114322364102,3.355143136445896
788.5,pipro,0.7045146461213929,0.42098595998472715,0.5975545892514891
789.0,cex,0.0,0.12966288896037,1.0
789.0,abs,0.1896843178519553,0.09450883958185631,0.4982427680480076
789.0,inel,0.10564785269682361,0.3546550276699391,3.3569544351051643
789.0,pipro,0.7046678294512211,0.4211732437878346,0.597690466607273
789.5,cex,0.0,0.12958604474451935,1.0
789.5,abs,0.189604973513536,0.09445505135117634,0.4981675828478895
789.5,inel,0.10557399989687315,0.35460520233418125,3.3588307981185417
789.5,pipro,0.7048210265895909,0.42135370157012303,0.5978165884308563
790.0,cex,0.0,0.12950922528725486,1.0
790.0,abs,0.18952562202238682,0.09440127858429091,0.49809243508584927
790.0,inel,0.10550014043924376,0.3545553271015032,3.3607095272606515
790.0,pipro,0.7049742375383694,0.42153416902695107,0.5979426574492495
790.5,cex,0.0,0.129432430600145,1.0
790.5,abs,0.18944626337754056,0.09434752129081471,0.4980173248537131
790.5,inel,0.10542627432303517,0.35450540199930575,3.3625906281490203
790.5,pipro,0.7051274622994244,0.4217146461097346,0.5980686736189808
791.0,cex,0.0,0.12935566069474147,1.0
791.0,abs,0.18936689757802963,0.09429377948035077,0.4979422522434076
791.0,inel,0.10535240154734683,0.3544554270550199,3.3644741064181884
791.0,pipro,0.7052807008746235,0.4218951327698878,0.5981946368966182
791.5,cex,0.0,0.12927891558257898,1.0
791.5,abs,0.18928752462288656,0.09424005316249078,0.4978672173469604
791.5,inel,0.10527852211127818,0.3544054022961099,3.366359967719793
791.5,pipro,0.7054339532658351,0.4220756289588204,0.5983205472387658
792.0,cex,0.0,0.12920219527517532,1.0
792.0,abs,0.18920814451114357,0.09418634234681517,0.4977922202565016
792.0,inel,0.10520463601392842,0.3543553277500698,3.368248217722605
792.0,pipro,0.705587219474928,0.4222561346279397,0.5984464046020663
792.5,cex,0.0,0.12912549978403176,1.0
792.5,abs,0.18912875724183265,0.09413264704289241,0.49771726106426073
792.5,inel,0.10513074325439659,0.3543052034444253,3.3701388621126123
792.5,pipro,0.7057404995037707,0.42243664972865047,0.5985722089432015
793.0,cex,0.0,0.12904882912063234,1.0
793.0,abs,0.1890493628139858,0.09407896726028027,0.4976423398625724
793.0,inel,0.10505684383178157,0.35425502940673415,3.3720319065930826
793.0,pipro,0.7058937933542326,0.4226171742123533,0.5986979602188893
793.5,cex,0.0,0.12897218329644447,1.0
793.5,abs,0.1889699612266346,0.09402530300852444,0.4975674567438707
793.5,inel,0.10498293774518204,0.35420480566458423,3.373927356884616
793.5,pipro,0.7060471010281834,0.42279770803044686,0.5988236583858872
794.0,cex,0.0,0.12889556232291852,1.0
794.0,abs,0.18889055247881065,0.09397165429715931,0.49749261180069265
794.0,inel,0.10490902499369663,0.3541545322455952,3.375825218725217
794.0,pipro,0.7062004225274927,0.4229782511343271,0.5989493034009907
794.5,cex,0.0,0.12881896621148797,1.0
794.5,abs,0.18881113656954526,0.09391802113570798,0.49741780512567874
794.5,inel,0.10483510557642368,0.35410420917741775,3.377725497870363
794.5,pipro,0.7063537578540311,0.4231588034753863,0.5990748952210326
795.0,cex,0.0,0.12874239497356943,1.0
795.0,abs,0.18873171349786963,0.0938644035336818,0.49734303681157077
795.0,inel,0.10476117949246147,0.35405383648773353,3.3796282000930598
795.0,pipro,0.7065071070096689,0.42333936500501523,0.5992004338028855
795.5,cex,0.0,0.1286658486205626,1.0
795.5,abs,0.18865228326281472,0.0938108015005809,0.49726830695121493
795.5,inel,0.10468724674090803,0.35400341420425596,3.3815333311839226
795.5,pipro,0.7066604699962772,0.42351993567460056,0.5993259191034582
796.0,cex,0.0,0.12858932716385046,1.0
796.0,abs,0.18857284586341144,0.0937572150458936,0.49719361563755876
796.0,inel,0.10461330732086128,0.3539529423547286,3.38344089695122
796.0,pipro,0.7068138468157272,0.42370051543552734,0.5994513510796994
796.5,cex,0.0,0.12851283061479868,1.0
796.5,abs,0.1884934012986904,0.09370364417909705,0.49711896296365504
796.5,inel,0.10453936123141898,0.35390242096692637,3.385350903220959
796.5,pipro,0.7069672374698905,0.4238811042391779,0.5995767296885959
797.0,cex,0.0,0.1284363589847561,1.0
797.0,abs,0.1884139495676821,0.09365008890965655,0.4970443490226585
797.0,inel,0.10446540847167869,0.3538518500686554,3.387263355836943
797.0,pipro,0.7071206419606392,0.42406170203693194,0.5997020548871725
797.5,cex,0.0,0.12835991228505494,1.0
797.5,abs,0.18833449066941682,0.09359654924702619,0.4969697739078289
797.5,inel,0.10439144904073784,0.3538012296877521,3.389178260660835
797.5,pipro,0.7072740602898453,0.42424230878016683,0.5998273266324934
798.0,cex,0.0,0.1282834905270101,1.0
798.0,abs,0.1882550246029248,0.09354302520064849,0.49689523771252997
798.0,inel,0.10431748293769372,0.3537505598520843,3.3910956235722334
798.0,pipro,0.7074274924593816,0.42442292442025714,0.5999525448816597
798.5,cex,0.0,0.12820709372191955,1.0
798.5,abs,0.1881755513672357,0.09348951677995407,0.49682074053022834
798.5,inel,0.10424351016164332,0.35369984058955084,3.3930154504687393
798.5,pipro,0.7075809384711209,0.42460354890857555,0.6000777095918126
799.0,cex,0.0,0.12813072188106442,1.0
799.0,abs,0.18809607096137967,0.09343602399436249,0.4967462824544963
799.0,inel,0.1041695307116837,0.35364907192808115,3.3949377472660127
799.0,pipro,0.7077343983269367,0.42478418219649194,0.6002028207201306
799.5,cex,0.0,0.12805437501570907,1.0
799.5,abs,0.18801658338438604,0.09338254685328144,0.49667186357901055
799.5,inel,0.10409554458691152,0.3535982538956352,3.3968625198978497
799.5,pipro,0.7078878720287024,0.42496482423537424,0.6003278782238317
800.0,cex,0.0,0.12797805313710023,1.0
800.0,abs,0.1879370886352844,0.09332908536610722,0.4965974839975523
800.0,inel,0.10402155178642346,0.3535473865202039,3.398789774316246
800.0,pipro,0.7080413595782923,0.4251454749765887,0.6004528820601728
800.5,cex,0.0,0.12793306498782733,1.0
800.5,abs,0.18783572345459842,0.09327089204486043,0.49655566220024616
800.5,inel,0.10399072266076097,0.35356400121069054,3.3999571516017704
800.5,pipro,0.7081735538846406,0.42523204175662166,0.6004630354014755
801.0,cex,0.0,0.1278880836362264,1.0
801.0,abs,0.18773435292173185,0.09321272843663221,0.496513967667353
801.0,inel,0.1039598919072905,0.3535805917520221,3.4011250422166532
801.0,pipro,0.7083057551709777,0.42531859617511925,0.600473161583237
801.5,cex,0.0,0.12784310908939078,1.0
801.5,abs,0.18763297703626072,0.09315459453338205,0.49647240055984193
801.5,inel,0.10392905952588315,0.35359715814941517,3.4022934467270254
801.5,pipro,0.708437963437856,0.42540513822781206,0.6004832606138681
802.0,cex,0.0,0.12779814135440629,1.0
802.0,abs,0.18753159579776116,0.09309649032706359,0.49643096103901985
802.0,inel,0.10389822551640995,0.35361370040809154,3.403462365699796
802.0,pipro,0.7085701786858288,0.42549166791043863,0.600493332501785
802.5,cex,0.0,0.12775318043835143,1.0
802.5,abs,0.1874302092058091,0.09303841580962481,0.4963896492665347
802.5,inel,0.103867389878742,0.3536302185332796,3.4046317997026634
802.5,pipro,0.7087024009154488,0.42557818521874413,0.6005033772554094
803.0,cex,0.0,0.1277082263482971,1.0
803.0,abs,0.18732881725998055,0.09298037097300821,0.49634846540437644
803.0,inel,0.10383655261275027,0.35364671253021335,3.4058017493041124
803.0,pipro,0.7088346301272691,0.4256646901484813,0.6005133948831683
803.5,cex,0.0,0.1276632790913066,1.0
803.5,abs,0.1872274199598514,0.09292235580915022,0.49630740961487513
803.5,inel,0.10380571371830578,0.3536631824041326,3.4069722150734107
803.5,pipro,0.7089668663218427,0.4257511826954105,0.6005233853934951
804.0,cex,0.0,0.12761833867443587,1.0
804.0,abs,0.18712601730499753,0.09286437030998199,0.49626648206070634
804.0,inel,0.1037748731952796,0.3536796281602833,3.408143197580617
804.0,pipro,0.7090991094997229,0.42583766285529884,0.6005333487948278
804.5,cex,0.0,0.12757340510473336,1.0
804.5,abs,0.18702460929499473,0.0928064144674285,0.49622568290488733
804.5,inel,0.10374403104354264,0.35369604980391656,3.4093146973965758
804.5,pipro,0.7092313596614627,0.4259241306239216,0.600543285095611
805.0,cex,0.0,0.1275284783892401,1.0
805.0,abs,0.18692319592941878,0.09274848827340937,0.496185012310782
805.0,inel,0.10371318726296594,0.3537124473402905,3.410486715092929
805.0,pipro,0.7093636168076153,0.42601058599706004,0.6005531943042933
805.5,cex,0.0,0.12748355853498944,1.0
805.5,abs,0.1868217772078454,0.09269059171983858,0.49614447044210075
805.5,inel,0.10368234185342041,0.3537288207746683,3.411659251242105
805.5,pipro,0.7094958809387342,0.4260970289705037,0.6005630764293298
806.0,cex,0.0,0.1274386455490073,1.0
806.0,abs,0.18672035312985027,0.09263272479862444,0.4961040574629012
806.0,inel,0.10365149481477703,0.3537451701123188,3.4128323064173243
806.0,pipro,0.7096281520553727,0.4261834595400494,0.6005729314791813
806.5,cex,0.0,0.12739373943831236,1.0
806.5,abs,0.1866189236950091,0.0925748875016696,0.49606377353758907
806.5,inel,0.10362064614690673,0.3537614953585175,3.4140058811926055
806.5,pipro,0.7097604301580842,0.4262698777015006,0.6005827594623131
807.0,cex,0.0,0.12734884020991555,1.0
807.0,abs,0.1865174889028974,0.09251707982087105,0.49602361883091955
807.0,inel,0.10358979584968042,0.3537777965185446,3.415179976142756
807.0,pipro,0.7098927152474221,0.42635628345066884,0.6005925603871973
807.5,cex,0.0,0.12730394787082036,1.0
807.5,abs,0.18641604875309076,0.0924593017481202,0.49598359350799853
807.5,inel,0.10355894392296905,0.35379407359768716,3.4163545918433873
807.5,pipro,0.7100250073239401,0.4264426767833723,0.6006023342623101
808.0,cex,0.0,0.12725906242802293,1.0
808.0,abs,0.18631460324516474,0.09240155327530265,0.495943697734282
808.0,inel,0.10352809036664348,0.35381032660123723,3.417529728870901
808.0,pipro,0.7101573063881919,0.42652905769543714,0.6006120810961345
808.5,cex,0.0,0.12721418388851177,1.0
808.5,abs,0.18621315237869468,0.09234383439429866,0.4959039316755805
808.5,inel,0.10349723518057458,0.3538265555344937,3.4187053878025093
808.5,pipro,0.7102896124407309,0.4266154261826958,0.6006218008971576
809.0,cex,0.0,0.12716931225926809,1.0
809.0,abs,0.18611169615325604,0.092286145096983,0.4958642954980584
809.0,inel,0.10346637836463321,0.35384276040276,3.419881569216211
809.0,pipro,0.7104219254821107,0.4267017822409889,0.6006314936738728
809.5,cex,0.0,0.12712444754726537,1.0
809.5,abs,0.1860102345684243,0.09222848537522452,0.4958247893682326
809.5,inel,0.10343551991869028,0.3538589412113462,3.421058273690812
809.5,pipro,0.7105542455128855,0.4267881258661639,0.6006411594347786
810.0,cex,0.0,0.12707958975946976,1.0
810.0,abs,0.18590876762377456,0.09217085522088675,0.4957854134529784
810.0,inel,0.10340465984261654,0.3538750979655678,3.422235501805925
810.0,pipro,0.7106865725336088,0.4268744570540757,0.6006507981883793
810.5,cex,0.0,0.12703473890284012,1.0
810.5,abs,0.18580729531888238,0.09211325462582742,0.4957461679195249
810.5,inel,0.10337379813628296,0.35389123067074646,3.4234132541419595
810.5,pipro,0.7108189065448347,0.426960775800586,0.6006604099431837
811.0,cex,0.0,0.12698989498432747,1.0
811.0,abs,0.18570581765332275,0.0920556835818989,0.4957070529354619
811.0,inel,0.10334293479956018,0.35390733933220914,3.4245915312801367
811.0,pipro,0.7109512475471169,0.4270470821015645,0.6006699947077071
811.5,cex,0.0,0.12694962647580782,1.0
811.5,abs,0.18560433462667109,0.09199682041602865,0.49566094779560627
811.5,inel,0.10331206983231916,0.35392249223346167,3.4257613152838404
811.5,pipro,0.7110835955410099,0.42713106087470193,0.6006762967857951
812.0,cex,0.0,0.12691258611921627,1.0
812.0,abs,0.1855028462385023,0.09193705640508747,0.495609950301697
812.0,inel,0.10328120323443055,0.3539369643871006,3.4269252613539427
812.0,pipro,0.7112159505270671,0.4272133930885956,0.6006802754803191
812.5,cex,0.0,0.12687554818428656,1.0
812.5,abs,0.1854013524883917,0.09187732514620005,0.4955590879627086
812.5,inel,0.10325033500576522,0.35395141373854244,3.4280897366461693
812.5,pipro,0.7113483125058432,0.42729571293097096,0.6006842293977622
813.0,cex,0.0,0.12683851267841667,1.0
813.0,abs,0.18529797037680665,0.09181762662830387,0.4955133962967383
813.0,inel,0.10321841624001717,0.3539658402939034,3.4292895898617064
813.0,pipro,0.7114836133831762,0.427378020399376,0.6006856832122254
813.5,cex,0.0,0.1268014796089991,1.0
813.5,abs,0.18519458490420307,0.09175796084033255,0.49546783934204586
813.5,inel,0.10318649643656962,0.3539802440593033,3.4304899990174644
813.5,pipro,0.7116189186592273,0.427460315491365,0.600687115368925
814.0,cex,0.0,0.12676394317481693,1.0
814.0,abs,0.18509119607041702,0.09170195202709452,0.4954419981823823
814.0,inel,0.10315457559537197,0.3539932125507879,3.431677271780369
814.0,pipro,0.711754228334211,0.4275408922473007,0.6006861290419265
814.5,cex,0.0,0.12672569418324484,1.0
814.5,abs,0.18498780387528455,0.09165110357922257,0.4954440328456037
814.5,inel,0.10312265371637364,0.35400415997092355,3.432845715399927
814.5,pipro,0.7118895424083418,0.4276190422666091,0.6006817305111157
815.0,cex,0.0,0.12668744984597805,1.0
815.0,abs,0.18488440831864178,0.09160027834727602,0.495446204362491
815.0,inel,0.103090730799524,0.35401508848539176,3.4340147338156846
815.0,pipro,0.7120248608818344,0.4276971833213542,0.6006773173504873
815.5,cex,0.0,0.1266492101678593,1.0
815.5,abs,0.18478100940032474,0.09154947632541552,0.49544851293173325
815.5,inel,0.10305880684477241,0.3540259980982639,3.43518432763829
815.5,pipro,0.7121601837549029,0.42777531540846137,0.6006728895639644
816.0,cex,0.0,0.1266109751537271,1.0
816.0,abs,0.18467760712016948,0.09149869750779857,0.49545095875246253
816.0,inel,0.10302688185206826,0.35403688881361406,3.436354497479211
816.0,pipro,0.7122955110277623,0.4278534385248603,0.6006684471554733
816.5,cex,0.0,0.12657274480841593,1.0
816.5,abs,0.184574201478012,0.09144794188857952,0.4954535420242549
816.5,inel,0.10299495582136095,0.3540477606355195,3.4375252439507404
816.5,pipro,0.7124308427006271,0.427931552667485,0.6006639901289444
817.0,cex,0.0,0.1265345191367556,1.0
817.0,abs,0.18447079247368844,0.09139720946190937,0.49545626294713074
817.0,inel,0.10296302875259984,0.3540586135680613,3.438696567666005
817.0,pipro,0.7125661787737116,0.4280096578332737,0.6006595184883115
817.5,cex,0.0,0.12649629814357205,1.0
817.5,abs,0.18436738010703477,0.0913465002219362,0.4954591217215586
817.5,inel,0.10293110064573431,0.3540694476153234,3.43986846923896
817.5,pipro,0.7127015192472308,0.42808775401916843,0.6006550322375109
818.0,cex,0.0,0.1264580818336866,1.0
818.0,abs,0.18426396437788695,0.09129581416280481,0.49546211854845446
818.0,inel,0.1028991715007137,0.3540802627813932,3.4410409492843907
818.0,pipro,0.7128368641213992,0.42816584122211543,0.6006505313804827
818.5,cex,0.0,0.1264198702119163,1.0
818.5,abs,0.18416054528608106,0.09124515127865687,0.4954652536291834
818.5,inel,0.10286724131748742,0.35409105907036054,3.442214008417907
818.5,pipro,0.7129722133964315,0.42824391943906626,0.6006460159211721
819.0,cex,0.0,0.1263816632830742,1.0
819.0,abs,0.18405712283145303,0.0911945115636308,0.49546852716556106
819.0,inel,0.10283531009600483,0.3541018364863201,3.4433876472559692
819.0,pipro,0.7131075670725422,0.42832198866697485,0.6006414858635247
819.5,cex,0.0,0.12634346105196897,1.0
819.5,abs,0.18395369701383882,0.09114389501186201,0.4954719393598557
819.5,inel,0.10280337783621524,0.3541125950333686,3.444561866415862
819.5,pipro,0.7132429251499458,0.4284000489028004,0.6006369412114918
820.0,cex,0.0,0.12630526352340476,1.0
820.0,abs,0.18385026783307445,0.09109330161748272,0.49547549041478817
820.0,inel,0.10277144453806807,0.3541233347156063,3.445736666515705
820.0,pipro,0.7133782876288575,0.4284781001435062,0.6006323819690268
820.5,cex,0.0,0.12626707070218168,1.0
820.5,abs,0.18374683528899585,0.09104273137462195,0.4954791805335342
820.5,inel,0.10273951020151259,0.35413405553713634,3.4469120481744575
820.5,pipro,0.7135136545094917,0.42855614238606005,0.6006278081400881
821.0,cex,0.0,0.1262288825930954,1.0
821.0,abs,0.18364339938143895,0.09099218427740569,0.4954830099197258
821.0,inel,0.10270757482649821,0.354144757502066,3.4480880120119224
821.0,pipro,0.7136490257920628,0.42863417562743295,0.6006232197286357
821.5,cex,0.0,0.1261906992009376,1.0
821.5,abs,0.1835399601102397,0.09094166031995682,0.4954869787774525
821.5,inel,0.10267563841297428,0.35415544061450477,3.4492645586487343
821.5,pipro,0.713784401476786,0.4287121998646008,0.6006186167386337
822.0,cex,0.0,0.12615252053049528,1.0
822.0,abs,0.18343651747523407,0.09089115949639491,0.4954910873112613
822.0,inel,0.1026437009608901,0.3541661048785664,3.4504416887063813
822.0,pipro,0.7139197815638757,0.42879021509454346,0.6006139991740498
822.5,cex,0.0,0.12611434658655135,1.0
822.5,abs,0.18333307147625788,0.09084068180083668,0.49549533572616106
822.5,inel,0.10261176247019504,0.35417675029836637,3.4516194028071756
822.5,pipro,0.714055166053547,0.42886822131424557,0.6006093670388553
823.0,cex,0.0,0.12607617737388463,1.0
823.0,abs,0.18322962211314708,0.09079022722739552,0.4954997242276206
823.0,inel,0.10257982294083842,0.35418737687802515,3.452797701574296
823.0,pipro,0.7141905549460144,0.42894621852069476,0.6006047203370237
823.5,cex,0.0,0.1260380128972694,1.0
823.5,abs,0.1831261693857376,0.09073979577018182,0.4955042530215722
823.5,inel,0.10254788237276961,0.3541979846216653,3.453976585631752
823.5,pipro,0.7143259482414928,0.4290242067108835,0.6006000590725327
824.0,cex,0.0,0.12599985316147572,1.0
824.0,abs,0.18302271329386527,0.0906893874233028,0.4955089223144121
824.0,inel,0.1025159407659379,0.35420857353341284,3.455156055604405
824.0,pipro,0.714461345940197,0.42910218588180865,0.6005953832493635
824.5,cex,0.0,0.12596169817126948,1.0
824.5,abs,0.18291925383736599,0.09063900218086281,0.49551373231300294
824.5,inel,0.1024839981202926,0.35421914361739704,3.456336112117966
824.5,pipro,0.7145967480423414,0.42918015603047066,0.6005906928715001
825.0,cex,0.0,0.12592354793141206,1.0
825.0,abs,0.18281579101607556,0.09058864003696272,0.49551868322467274
825.0,inel,0.10245205443578304,0.3542296948777501,3.45751675579899
825.0,pipro,0.7147321545481413,0.42925811715387513,0.600585987942931
825.5,cex,0.0,0.1258869711543501,1.0
825.5,abs,0.18271232482982994,0.09053906004739858,0.49552792966606163
825.5,inel,0.10242010971235861,0.35424308748038924,3.458725913058109
825.5,pipro,0.7148675654578115,0.4293308813178621,0.6005740112756583
826.0,cex,0.0,0.12585039863356157,1.0
826.0,abs,0.18260885527846482,0.09048950261458576,0.4955373192422462
826.0,inel,0.10238816394996852,0.35425646266375715,3.4599356898016342
826.0,pipro,0.7150029807715665,0.42940363608809556,0.6005620223075462
826.5,cex,0.0,0.12581383037350286,1.0
826.5,abs,0.18250538236181615,0.0904399677326236,0.49554685216530625
826.5,inel,0.10235621714856218,0.3542698204314522,3.4611460866833017
826.5,pipro,0.7151384004896217,0.42947638146242134,0.6005500210426108
827.0,cex,0.0,0.12577726637862627,1.0
827.0,abs,0.18240190607971968,0.09039045539560889,0.49555652864780525
827.0,inel,0.10232426930808881,0.35428316078707617,3.462357104357742
827.0,pipro,0.7152738246121915,0.42954911743868873,0.6005380074848713
827.5,cex,0.0,0.12574070665338075,1.0
827.5,abs,0.18229842643201122,0.0903409655976356,0.49556634890278967
827.5,inel,0.10229232042849777,0.35429648373423306,3.4635687434804643
827.5,pipro,0.715409253139491,0.42962184401475056,0.6005259816383485
828.0,cex,0.0,0.1257041512022108,1.0
828.0,abs,0.1821949434185266,0.09029149833279503,0.495576313143791
828.0,inel,0.10226037050973835,0.3543097892765302,3.464781004707869
828.0,pipro,0.715544686071735,0.42969456118846405,0.6005139435070672
828.5,cex,0.0,0.1256676000295575,1.0
828.5,abs,0.1820914570391016,0.09024205359517583,0.4955864215848282
828.5,inel,0.10222841955175987,0.35432307741757724,3.465993888697241
828.5,pipro,0.7156801234091386,0.42976726895768946,0.6005018930950539
829.0,cex,0.0,0.1256310531398576,1.0
829.0,abs,0.18198796729357197,0.09019263137886395,0.49559667444040767
829.0,inel,0.10219646755451159,0.354336348160987,3.467207396106759
829.0,pipro,0.7158155651519165,0.4298399673202915,0.6004898304063383
829.5,cex,0.0,0.12559451053754442,1.0
829.5,abs,0.18188447418177345,0.09014323167794265,0.4956070719255259
829.5,inel,0.10216451451794281,0.3543496015103749,3.468421527595491
829.5,pipro,0.7159510113002836,0.42991265627413805,0.6004777554449524
830.0,cex,0.0,0.1255579722270469,1.0
830.0,abs,0.1817809777035419,0.09009385448649254,0.4956176142556698
830.0,inel,0.10213256044200285,0.35436283746935915,3.4696362838233963
830.0,pipro,0.7160864618544553,0.4299853358171014,0.6004656682149313
830.5,cex,0.0,0.1255214382127905,1.0
830.5,abs,0.18167747785871297,0.0900444997985915,0.49562830164681915
830.5,inel,0.10210060532664098,0.35437605604156086,3.470851665451331
830.5,pipro,0.7162219168146461,0.4300580059470572,0.6004535687203127
831.0,cex,0.0,0.12548490849919647,1.0
831.0,abs,0.18157397464712238,0.08999516760831494,0.49563913431544854
831.0,inel,0.10206864917180644,0.35438925723060377,3.4720676731410465
831.0,pipro,0.7163573761810712,0.43013066666188476,0.6004414569651365
831.5,cex,0.0,0.12544838309068257,1.0
831.5,abs,0.1814704680686059,0.08994585790973547,0.4956501124785271
831.5,inel,0.10203669197744854,0.3544024410401148,3.4732843075551925
831.5,pipro,0.7164928399539455,0.43020331795946715,0.6004293329534452
832.0,cex,0.0,0.12541186199166215,1.0
832.0,abs,0.1813669581229992,0.08989657069692283,0.49566123635351983
832.0,inel,0.1020047337435166,0.35441560747372275,3.474501569357308
832.0,pipro,0.7166283081334842,0.4302759598376923,0.6004171966892858
832.5,cex,0.0,0.12537534520654503,1.0
832.5,abs,0.18126344481013806,0.08984730596394465,0.49567250615839276
832.5,inel,0.10197277446995985,0.3544287565350602,3.475719459211844
832.5,pipro,0.7167637807199022,0.4303485922944501,0.600405048176705
833.0,cex,0.0,0.12533883273973717,1.0
833.0,abs,0.18115992812985804,0.08979806370486546,0.4956839221116102
833.0,inel,0.10194081415672755,0.35444188822776135,3.476937977784142
833.0,pipro,0.7168992577134145,0.430421215327636,0.600392887419755
833.5,cex,0.0,0.12530232459564045,1.0
833.5,abs,0.1810564080819949,0.08974884391374743,0.49569548443213857
833.5,inel,0.10190885280376898,0.35445500255546464,3.4781571257404593
833.5,pipro,0.7170347391142362,0.43049382893514754,0.6003807144224882
834.0,cex,0.0,0.12526582077865298,1.0
834.0,abs,0.18095288466638432,0.08969964658464978,0.49570719333944563
834.0,inel,0.10187689041103341,0.3544680995218104,3.4793769037479474
834.0,pipro,0.7171702249225823,0.43056643311488685,0.6003685291889607
834.5,cex,0.0,0.1252293212931688,1.0
834.5,abs,0.1808493578828619,0.08965047171162947,0.49571904905350594
834.5,inel,0.1018449269784701,0.3544811791304412,3.4805973124746616
834.5,pipro,0.7173057151386681,0.43063902786476044,0.600356331723232
835.0,cex,0.0,0.12519282614357852,1.0
835.0,abs,0.18074582773126333,0.08960131928874056,0.4957310517947981
835.0,inel,0.1018129625060283,0.3544942413850036,3.4818183525895745
835.0,pipro,0.7174412097627084,0.4307116131826773,0.600344122029363
835.5,cex,0.0,0.12515633533426826,1.0
835.5,abs,0.1806422942114242,0.08955218931003477,0.49574320178431003
835.5,inel,0.10178099699365722,0.3545072862891462,3.4830400247625626
835.5,pipro,0.7175767087949185,0.43078418906655075,0.6003319001114175
836.0,cex,0.0,0.12511984886962074,1.0
836.0,abs,0.1805387573231802,0.08950308176956076,0.49575549924353585
836.0,inel,0.1017490304413062,0.3545203138465201,3.4842623296644057
836.0,pipro,0.7177122122355137,0.43085675551429836,0.6003196659734624
836.5,cex,0.0,0.12508361890809563,1.0
836.5,abs,0.1804352170663669,0.0894484716776636,0.4957373240766133
836.5,inel,0.10171706284892441,0.3545340387603183,3.4854922943153706
836.5,pipro,0.7178477200847087,0.43093387065392247,0.6003137693368598
837.0,cex,0.0,0.12504756971142253,1.0
837.0,abs,0.18033167344081993,0.08938999202246778,0.4956976792643318
837.0,inel,0.10168509421646117,0.3545482469846083,3.486727820990824
837.0,pipro,0.7179832323427189,0.43101419128150137,0.6003123358119915
837.5,cex,0.0,0.12501152288311507,1.0
837.5,abs,0.18022812644637484,0.08933154486839533,0.4956581784973228
837.5,inel,0.10165312454386562,0.3545624330287221,3.487963942276269
837.5,pipro,0.7181187490097596,0.43109449921976756,0.6003108814722072
838.0,cex,0.0,0.12497547843026369,1.0
838.0,abs,0.18013562021150947,0.08927313020394192,0.4955884355305202
838.0,inel,0.10161717066892303,0.35457659689888393,3.489337427570417
838.0,pipro,0.7182472091195675,0.4311747944669105,0.6003153078665597
838.5,cex,0.0,0.12493943635995292,1.0
838.5,abs,0.18004311278564017,0.08921474801759995,0.4955188045644338
838.5,inel,0.10158121633107971,0.3545907386013209,3.4907116828136524
838.5,pipro,0.7183756708832802,0.43125507702112625,0.600319713626821
839.0,cex,0.0,0.12489983865944149,1.0
839.0,abs,0.17995060416874387,0.08915705153108978,0.49545291577618233
839.0,inel,0.1015452615303266,0.3546046026107139,3.4920841924742185
839.0,pipro,0.7185041343009295,0.43133850719875483,0.6003284972304672
839.5,cex,0.0,0.12485520618439654,1.0
839.5,abs,0.1798580943607976,0.08910031106730695,0.49539227791755985
839.5,inel,0.10150930626665489,0.35461808081209384,3.4934538896418745
839.5,pipro,0.7186325993725475,0.4314264019362027,0.6003434888883272
840.0,cex,0.0,0.12481058086166458,1.0
840.0,abs,0.1797655833617783,0.0890436004377456,0.49533174689253684
840.0,inel,0.10147335054005552,0.3546315345305425,3.494824332133938
840.0,pipro,0.7187610660981661,0.4315142841700473,0.600358456409647
840.5,cex,0.0,0.12476596269810107,1.0
840.5,abs,0.17967307117166306,0.08898691963363556,0.49527132281618186
840.5,inel,0.10143739435051967,0.3546449637721093,3.4961955208216806
840.5,pipro,0.7188895344778172,0.4316021538961541,0.6003733998014851
841.0,cex,0.0,0.12472135170055382,1.0
841.0,abs,0.1795805577904288,0.0889302686462013,0.4952110058037756
841.0,inel,0.1014014376980383,0.3546583685428497,3.4975674565776975
841.0,pipro,0.7190180045115329,0.43169001111039523,0.6003883190709045
841.5,cex,0.0,0.124676747875863,1.0
841.5,abs,0.17948804321805253,0.08887364746666214,0.4951507959708116
841.5,inel,0.10136548058260252,0.3546717488488249,3.4989401402758964
841.5,pipro,0.719146476199345,0.43177785580864997,0.6004032142249732
842.0,cex,0.0,0.1246321512308614,1.0
842.0,abs,0.1793955274545113,0.08881705608623229,0.4950906934329973
842.0,inel,0.10132952300420338,0.35468510469610137,3.5003135727914976
842.0,pipro,0.7192749495412853,0.4318656879868049,0.6004180852707653
842.5,cex,0.0,0.1245875617723742,1.0
842.5,abs,0.17930301049978203,0.08876049449612065,0.4950306983062538
842.5,inel,0.10129356496283193,0.3546984360907513,3.5016877550010435
842.5,pipro,0.719403424537386,0.43195350764075385,0.6004329322153595
843.0,cex,0.0,0.12454297950721835,1.0
843.0,abs,0.17921049235384176,0.0887039626875312,0.4949708107067183
843.0,inel,0.10125760645847925,0.3547117430388519,3.5030626877823905
843.0,pipro,0.7195319011876791,0.4320413147663986,0.6004477550658412
843.5,cex,0.0,0.12449840444220386,1.0
843.5,abs,0.17911797301666743,0.08864746065166247,0.494911030750742
843.5,inel,0.10122164749113637,0.3547250255464865,3.504438372014727
843.5,pipro,0.7196603794921961,0.4321291093596472,0.6004625538292999
844.0,cex,0.0,0.12445383658413298,1.0
844.0,abs,0.17902545248823612,0.08859098837970811,0.4948513585548931
844.0,inel,0.10118568806079438,0.3547382836197431,3.5058148085785534
844.0,pipro,0.7197888594509696,0.4322168914164159,0.6004773285128311
844.5,cex,0.0,0.12440927593980006,1.0
844.5,abs,0.17893293076852482,0.08853454586285643,0.49479179423595565
844.5,inel,0.1011497281674443,0.35475151726471615,3.5071919983557134
844.5,pipro,0.7199173410640309,0.4323046609326274,0.6004920791235356
845.0,cex,0.0,0.12436472251599189,1.0
845.0,abs,0.17884040785751038,0.08847813309229086,0.49473233791093274
845.0,inel,0.1011137678110772,0.35476472648750434,3.508569942229363
845.0,pipro,0.7200458243314124,0.4323924179042129,0.6005068056685202
845.5,cex,0.0,0.12432017631948802,1.0
845.5,abs,0.17874788375516992,0.0884217500591895,0.4946729896970435
845.5,inel,0.10107780699168413,0.3547779112942129,3.5099486410840033
845.5,pipro,0.7201743092531459,0.43248016232710956,0.6005215081548959
846.0,cex,0.0,0.12427563735706008,1.0
846.0,abs,0.17865535846148042,0.08836539675472546,0.4946137497117265
846.0,inel,0.1010418457092562,0.3547910716909521,3.5113280958054642
846.0,pipro,0.7203027958292634,0.4325678941972623,0.6005361865897795
846.5,cex,0.0,0.12423110563547202,1.0
846.5,abs,0.1785628319764188,0.0883090731700667,0.49455461807263945
846.5,inel,0.10100588396378439,0.3548042076838375,3.5127083072809144
846.5,pipro,0.7204312840597967,0.43265561351062376,0.6005508409802937
847.0,cex,0.0,0.12418658116148046,1.0
847.0,abs,0.17847030429996216,0.08825277929637623,0.4944955948976602
847.0,inel,0.10096992175525982,0.3548173192789902,3.514089276398857
847.0,pipro,0.720559773944778,0.43274332026315315,0.6005654713335657
847.5,cex,0.0,0.12414206394183408,1.0
847.5,abs,0.17837777543208735,0.08819651512481179,0.49443668030488636
847.5,inel,0.1009339590836735,0.3548304064825366,3.5154710040491413
847.5,pipro,0.720688265484239,0.4328310144508175,0.6005800776567288
848.0,cex,0.0,0.1240975539832741,1.0
848.0,abs,0.17828524537277152,0.08814028064652632,0.49437787441263764
848.0,inel,0.10089799594901654,0.3548434693006084,3.516853491122953
848.0,pipro,0.7208167586782118,0.43291869606959116,0.6005946599569217
848.5,cex,0.0,0.12405305129253423,1.0
848.5,abs,0.17819271412199153,0.0880840758526674,0.49431917733945424
848.5,inel,0.10086203235127995,0.35485650773934374,3.51823673851284
848.5,pipro,0.7209452535267286,0.4330063651154546,0.6006092182412865
849.0,cex,0.0,0.1240085558763406,1.0
849.0,abs,0.1781001816797244,0.0880279007343779,0.4942605892041003
849.0,inel,0.10082606829045478,0.3548695218048845,3.51962074711268
849.0,pipro,0.7210737500298208,0.433094021584397,0.6006237525169734
849.5,cex,0.0,0.12396406774141142,1.0
849.5,abs,0.17800764804594718,0.08797175528279541,0.49420211012556164
849.5,inel,0.10079010376653214,0.35488251150337874,3.5210055178177053
849.5,pipro,0.7212022481875208,0.43318166547241443,0.6006382627911363
850.0,cex,0.0,0.1239195868944576,1.0
850.0,abs,0.17791511322063674,0.08791563948905265,0.49414374022304886
850.0,inel,0.100754138779503,0.3548954768409805,3.522391051524515
850.0,pipro,0.7213307479998603,0.4332692967755093,0.6006527490709341
850.5,cex,0.0,0.12388825160611094,1.0
850.5,abs,0.17783301347597227,0.08784554624500493,0.4939777183547198
850.5,inel,0.1007314320311476,0.35488047006541856,3.5230360862504613
850.5,pipro,0.7214355544928802,0.43338573208346554,0.6007268832045657
851.0,cex,0.0,0.1238569123843203,1.0
851.0,abs,0.17775091815318994,0.08777550048182059,0.4938117979574856
851.0,inel,0.10070872650577482,0.35486542995226056,3.5236810380271457
851.0,pipro,0.7215403553410352,0.4335021571815985,0.6008009863519057
851.5,cex,0.0,0.12382556924081112,1.0
851.5,abs,0.17766882725193248,0.08770550217839637,0.4936459790666087
851.5,inel,0.10068602220328594,0.3548503565193558,3.5243259069556836
851.5,pipro,0.7216451505447816,0.4336185720614367,0.600875058516074
852.0,cex,0.0,0.12379422218730175,1.0
852.0,abs,0.17758674077184272,0.08763555131362305,0.4934802617173664
852.0,inel,0.10066331912358212,0.3548352497845567,3.5249706931373224
852.0,pipro,0.721749940104575,0.4337349767145185,0.6009490997002012
852.5,cex,0.0,0.12376287123550392,1.0
852.5,abs,0.17750465871256352,0.08756564786638589,0.49331464594505386
852.5,inel,0.1006406172665646,0.35482010976571876,3.5256153966734374
852.5,pipro,0.7218547240208719,0.4338513711323915,0.6010231099074265
853.0,cex,0.0,0.12373151639712252,1.0
853.0,abs,0.1774225810737377,0.0874957918155643,0.4931491317849818
853.0,inel,0.1006179166321346,0.354804936480701,3.526260017665542
853.0,pipro,0.7219595022941276,0.43396775530661214,0.6010970891408988
853.5,cex,0.0,0.12370015768385587,1.0
853.5,abs,0.1773405078550082,0.08742598314003198,0.49298371927247764
853.5,inel,0.10059521722019335,0.3547897299473653,3.5269045562152757
853.5,pipro,0.7220642749247984,0.4340841292287469,0.6011710374037768
854.0,cex,0.0,0.12366879510739517,1.0
854.0,abs,0.17725843905601804,0.08735622181865707,0.49281840844288577
854.0,inel,0.10057251903064213,0.35477449018357704,3.527549012424412
854.0,pipro,0.7221690419133399,0.4342004928903707,0.6012449546992277
854.5,cex,0.0,0.12363742867942511,1.0
854.5,abs,0.17717637467641015,0.08728650783030212,0.4926531993315683
854.5,inel,0.10054982206338217,0.35475921720720444,3.5281933863948547
854.5,pipro,0.7222738032602076,0.4343168462830684,0.6013188410304293
855.0,cex,0.0,0.12360605841162337,1.0
855.0,abs,0.17709431471582765,0.08721684115382386,0.49248809197390303
855.0,inel,0.10052712631831477,0.354743911036119,3.5288376782286393
855.0,pipro,0.7223785589658577,0.4344331893984338,0.6013926964005679
855.5,cex,0.0,0.12357468431566075,1.0
855.5,abs,0.17701225917391347,0.08714722176807363,0.4923230864052868
855.5,inel,0.10050443179534119,0.35472857168819527,3.5294818880279313
855.5,pipro,0.7224833090307454,0.4345495222280703,0.6014665208128399
856.0,cex,0.0,0.12354330640320184,1.0
856.0,abs,0.17693020805031084,0.08707764965189721,0.49215818266113337
856.0,inel,0.10048173849436275,0.3547131991813113,3.5301260158950325
856.0,pipro,0.7225880534553264,0.4346658447635897,0.60154031427045
856.5,cex,0.0,0.12351192468590372,1.0
856.5,abs,0.17684816134466286,0.08700812478413464,0.4919933807768733
856.5,inel,0.10045904641528072,0.3546977935333474,3.5307700619323685
856.5,pipro,0.7226927922400563,0.43478215699661427,0.6016140767766133
857.0,cex,0.0,0.12348053917541686,1.0
857.0,abs,0.17676611905661277,0.08693864714362069,0.4918286807879564
857.0,inel,0.10043635555799646,0.3546823547621875,3.5314140262424996
857.0,pipro,0.7227975253853909,0.434898458918775,0.6016878083345539
857.5,cex,0.0,0.12344914988338526,1.0
857.5,abs,0.1766840811858037,0.08686921670918459,0.49166408272985035
857.5,inel,0.10041366592241124,0.35466688288571874,3.5320579089281208
857.5,pipro,0.722902252891785,0.4350147505217114,0.601761508947505
858.0,cex,0.0,0.12341775682144573,1.0
858.0,abs,0.17660204773187904,0.08679983345964998,0.4914995866380401
858.0,inel,0.10039097750842647,0.35465137792183077,3.5327017100920504
858.0,pipro,0.7230069747596944,0.4351310317970735,0.6018351786187095
858.5,cex,0.0,0.12338636000122846,1.0
858.5,abs,0.176520018694482,0.08673049737383523,0.4913351925480304
858.5,inel,0.10036829031594341,0.35463583988841685,3.533345429837249
858.5,pipro,0.7231116909895745,0.43524730273651946,0.6019088173514189
859.0,cex,0.0,0.12335495943435668,1.0
859.0,abs,0.17643799407325603,0.0866612084305533,0.49117090049534384
859.0,inel,0.10034560434486349,0.3546202688033728,3.5339890682667967
859.0,pipro,0.7232164015818804,0.4353635633317173,0.6019824251488947
859.5,cex,0.0,0.12332355513244678,1.0
859.5,abs,0.17635597386784438,0.08659196660861164,0.4910067105155221
859.5,inel,0.10032291959508803,0.3546046646845975,3.534632625483913
859.5,pipro,0.7233211065370675,0.43547981357434407,0.6020560020144073
860.0,cex,0.0,0.12329214710710854,1.0
860.0,abs,0.1762739580778906,0.08652277188681251,0.49084262264412587
860.0,inel,0.10030023606651844,0.35458902754999283,3.535276101591942
860.0,pipro,0.723425805855591,0.4355960534560862,0.6021295479512367
860.5,cex,0.0,0.12326073536994472,1.0
860.5,abs,0.17619194670303803,0.08645362424395259,0.49067863691673425
860.5,inel,0.10027755375905612,0.3545733574174636,3.535919496694363
860.5,pipro,0.7235304995379059,0.4357122829686391,0.602203062962672
861.0,cex,0.0,0.12322931993255139,1.0
861.0,abs,0.17610993974293018,0.08638452365882364,0.4905147533689477
861.0,inel,0.1002548726726024,0.3545576543049178,3.536562810894788
861.0,pipro,0.7236351875844673,0.43582850210370716,0.602276547052011
861.5,cex,0.0,0.12318425919799744,1.0
861.5,abs,0.1760279371972107,0.08631426263908984,0.4903441124938523
861.5,inel,0.10023219280705878,0.3545628657607241,3.537415034341684
861.5,pipro,0.7237398699957306,0.4359386124021886,0.6023415739204201
862.0,cex,0.0,0.12312957687704786,1.0
862.0,abs,0.175945939065523,0.08624319794537995,0.49016873252904475
862.0,inel,0.10020951416232661,0.3545828269564343,3.538414789458568
862.0,pipro,0.7238445467721503,0.4360443982211379,0.6024006123491522
862.5,cex,0.0,0.12307490534374652,1.0
862.5,abs,0.17586394534751087,0.08617218231850649,0.489993455726405
862.5,inel,0.10018683673830739,0.35460275041954875,3.5394145774438153
862.5,pipro,0.7239492179141818,0.4361501619181982,0.6024596078366097
863.0,cex,0.0,0.12302024461176413,1.0
863.0,abs,0.17577252209716399,0.08610121573815994,0.48984457132932696
863.0,inel,0.10016762653254674,0.35462263616226725,3.5402918930802687
863.0,pipro,0.7240598513702892,0.4362559034878087,0.6025135942314587
863.5,cex,0.0,0.1229655946947524,1.0
863.5,abs,0.17568110226056294,0.08603029818401921,0.48969580152350495
863.5,inel,0.10014841704409555,0.3546424841968001,3.5411691433989447
863.5,pipro,0.7241704806953415,0.4363616229244283,0.6025675370051512
864.0,cex,0.0,0.12290933844505231,1.0
864.0,abs,0.1755896858375164,0.08596685630648651,0.48958944197916476
864.0,inel,0.10012920827291359,0.3546576281805195,3.5419997251337456
864.0,pipro,0.72428110588957,0.43646617706794166,0.6026198578407884
864.5,cex,0.0,0.12285080672590477,1.0
864.5,abs,0.17549827282783334,0.08591396775788387,0.4895430956301597
864.5,inel,0.1001100002189607,0.3546661293056338,3.5427642446299834
864.5,pipro,0.724391726953206,0.4365690962105776,0.602669909065346
865.0,cex,0.0,0.12279229245752732,1.0
865.0,abs,0.17540686323132243,0.08586110445913436,0.48949683539978
865.0,inel,0.10009079288219672,0.3546746005282479,3.5435287334139436
865.0,pipro,0.7245023438864808,0.4366720025550904,0.6027199307770779
865.5,cex,0.0,0.12273379564492531,1.0
865.5,abs,0.17531545704779264,0.08580826640604054,0.48945066140202576
865.5,inel,0.10007158626258149,0.3546830418559942,3.544293191529196
865.5,pipro,0.7246129566896259,0.43677489609303993,0.6027699229785152
866.0,cex,0.0,0.12267531629309289,1.0
866.0,abs,0.1752240542770527,0.08575545359439683,0.48940457375107854
866.0,inel,0.10005238036007481,0.35469145329651364,3.5450576190194343
866.0,pipro,0.7247235653628724,0.4368777768159966,0.6028198856722009
866.5,cex,0.0,0.12261685440701245,1.0
866.5,abs,0.17513265491891164,0.08570266601998963,0.4893585725613017
866.5,inel,0.10003317517463657,0.3546998348574566,3.5458220159284797
866.5,pipro,0.7248341699064519,0.43698064471554127,0.60286981886069
867.0,cex,0.0,0.12255840999165503,1.0
867.0,abs,0.17504125897317818,0.08564990367859726,0.48931265794724155
867.0,inel,0.10001397070622654,0.3547081865464819,3.5465863823002772
867.0,pipro,0.7249447703205952,0.4370834997832658,0.6029197225465502
867.5,cex,0.0,0.1224999830519802,1.0
867.5,abs,0.17494986643966134,0.08559716656599009,0.4892668300236273
867.5,inel,0.09999476695480465,0.35471650837125784,3.5473507181788984
867.5,pipro,0.725055366605534,0.43718634201077183,0.6029695967323594
868.0,cex,0.0,0.12244157359293607,1.0
868.0,abs,0.17485847731817,0.08554445467793022,0.48922108890537086
868.0,inel,0.09997556392033069,0.3547248003394618,3.548115023608546
868.0,pipro,0.7251659587614993,0.4372891713896719,0.6030194414207086
868.5,cex,0.0,0.1223831816194592,1.0
868.5,abs,0.17476709160851306,0.0854917680101719,0.48917543470756897
868.5,inel,0.09995636160276453,0.3547330624587801,3.5488792986335462
868.5,pipro,0.7252765467887224,0.43739198791158884,0.6030692566142
869.0,cex,0.0,0.12232480713647509,1.0
869.0,abs,0.17467570931049953,0.08543910655846132,0.4891298675455024
869.0,inel,0.09993716000206604,0.3547412947369073,3.5496435432983446
869.0,pipro,0.7253871306874344,0.43749479156815624,0.6031190423154481
869.5,cex,0.0,0.12226645014889732,1.0
869.5,abs,0.1745843304239382,0.08538647031853672,0.4890843875346382
869.5,inel,0.09991795911819502,0.35474949718154825,3.5504077576475286
869.5,pipro,0.7254977104578667,0.43759758235101764,0.6031687985270784
870.0,cex,0.0,0.12220811066162825,1.0
870.0,abs,0.17449295494863826,0.08533385928612819,0.48903899479062685
870.0,inel,0.0998987589511114,0.3547576698004161,3.551171941725802
870.0,pipro,0.7256082861002503,0.4377003602518275,0.6032185252517288
870.5,cex,0.0,0.12214978867955885,1.0
870.5,abs,0.17440158288440857,0.08528127345695789,0.4889936894293062
870.5,inel,0.09987955950077503,0.35476581260123247,3.551936095577991
870.5,pipro,0.7257188576148165,0.4378031252622508,0.603268222492049
871.0,cex,0.0,0.12209148420756857,1.0
871.0,abs,0.1743102142310581,0.08522871282674015,0.4889484715667014
871.0,inel,0.0998603607671457,0.3547739255917289,3.552700219249061
871.0,pipro,0.7258294250017961,0.4379058773739624,0.6033178902507002
871.5,cex,0.0,0.1220331972505256,1.0
871.5,abs,0.17421884898839599,0.08517617739118102,0.48890334131902263
871.5,inel,0.09984116275018341,0.3547820087796449,3.553464312784089
871.5,pipro,0.7259399882614207,0.43800861657864854,0.6033675285303552
872.0,cex,0.0,0.12197492781328652,1.0
872.0,abs,0.17412748715623116,0.08512366714597876,0.48885829880266896
872.0,inel,0.09982196544984794,0.35479006217272957,3.554228376228291
872.0,pipro,0.7260505473939208,0.4381113428680052,0.6034171373336994
872.5,cex,0.0,0.12191667590069656,1.0
872.5,abs,0.17403612873437269,0.0850711820868237,0.48881334413422783
872.5,inel,0.09980276886609918,0.35479808577874083,3.554992409627004
872.5,pipro,0.7261611023995282,0.4382140562337389,0.6034667166634283
873.0,cex,0.0,0.12185844151758961,1.0
873.0,abs,0.17394477372262965,0.08501872220939821,0.48876847743047513
873.0,inel,0.09978357299889702,0.35480607960544497,3.555756413025688
873.0,pipro,0.7262716532784733,0.4383167566675672,0.6035162665222513
873.5,cex,0.0,0.12180022466878819,1.0
873.5,abs,0.1738534221208111,0.08496628750937658,0.48872369880837513
873.5,inel,0.09976437784820133,0.3548140436606179,3.556520386469938
873.5,pipro,0.7263822000309876,0.43841944416121725,0.6035657869128872
874.0,cex,0.0,0.12174202535910325,1.0
874.0,abs,0.17376207392872603,0.0849138779824253,0.48867900838508294
874.0,inel,0.09974518341397198,0.3548219779520443,3.5572843300054724
874.0,pipro,0.7264927426573019,0.43852211870642716,0.6036152778380678
874.5,cex,0.0,0.1216838435933346,1.0
874.5,abs,0.17367072914618373,0.08486149362420306,0.4886344062779437
874.5,inel,0.0997259896961689,0.354829882487517,3.5580482436781296
874.5,pipro,0.7266032811576474,0.43862478029494534,0.6036647393005361
875.0,cex,0.0,0.12162567937627027,1.0
875.0,abs,0.1735793877729932,0.08480913443036024,0.48858989260449215
875.0,inel,0.09970679669475196,0.3548377572748382,3.558812127533879
875.0,pipro,0.7267138155322549,0.4387274289185312,0.6037141713030478
875.5,cex,0.0,0.12156890975280212,1.0
875.5,abs,0.17348804980896357,0.08475729642964797,0.4885483266598391
875.5,inel,0.09968760440968107,0.3548507659395868,3.5596277796111413
875.5,pipro,0.7268243457813555,0.43882302787796307,0.6037538924294241
876.0,cex,0.0,0.12151215696787233,1.0
876.0,abs,0.17339671525390393,0.08470548338065645,0.48850685122046655
876.0,inel,0.09966841284091607,0.3548637468729125,3.5604434419892073
876.0,pipro,0.7269348719051799,0.43891861277855865,0.6037935855632063
876.5,cex,0.0,0.12145542102594394,1.0
876.5,abs,0.17330538410762356,0.08465369527866963,0.48846546640524013
876.5,inel,0.09964922198841693,0.3548767000813882,3.5612591147238315
876.5,pipro,0.7270453939039595,0.43901418361399824,0.6038332507089519
877.0,cex,0.0,0.12139870193146905,1.0
877.0,abs,0.17321405636993156,0.08460193211896404,0.4884241723332229
877.0,inel,0.0996300318521435,0.35488962557159526,3.5620747978708986
877.0,pipro,0.727155911777925,0.4391097403779717,0.6038728878712283
877.5,cex,0.0,0.12134199968888926,1.0
877.5,abs,0.1731227320406371,0.0845501938968091,0.48838296912367707
877.5,inel,0.0996108424320557,0.3549025233501235,3.562890491486422
877.5,pipro,0.7272664255273072,0.43920528306417816,0.603912497054612
878.0,cex,0.0,0.12128531430263534,1.0
878.0,abs,0.17303141111954942,0.08449848060746686,0.488341856896063
878.0,inel,0.09959165372811343,0.3549153934235705,3.5637061956265366
878.0,pipro,0.7273769351523371,0.4393008116663273,0.60395207826369
878.5,cex,0.0,0.12122864577712762,1.0
878.5,abs,0.17294009360647772,0.0844467922461922,0.488300835770041
878.5,inel,0.09957246574027664,0.35492823579854116,3.5645219103474926
878.5,pipro,0.7274874406532457,0.43939632617813906,0.6039916315030596
879.0,cex,0.0,0.12117199411677557,1.0
879.0,abs,0.1728487795012312,0.0843951288082329,0.48825990586547213
879.0,inel,0.09955327846850523,0.3549410504816496,3.5653376357056796
879.0,pipro,0.7275979420302636,0.43949182659334185,0.6040311567773259
879.5,cex,0.0,0.12111535932597824,1.0
879.5,abs,0.1727574688036191,0.08434349028882926,0.4882190673024166
879.5,inel,0.09953409191275905,0.35495383747951675,3.566153371757602
879.5,pipro,0.7277084392836218,0.43958731290567576,0.6040706540911066
880.0,cex,0.0,0.12105874140912358,1.0
880.0,abs,0.17266616151345074,0.08429187668321456,0.4881783202011368
880.0,inel,0.0995149060729981,0.354966596798772,3.5669691185598875
880.0,pipro,0.7278189324135511,0.43968278510888986,0.6041101234490276
880.5,cex,0.0,0.12100214037058928,1.0
880.5,abs,0.17257485763053534,0.0842402879866149,0.488137664682097
880.5,inel,0.0994957209491823,0.3549793284460531,3.5677848761692954
880.5,pipro,0.7279294214202824,0.43977824319674264,0.6041495648557241
881.0,cex,0.0,0.12094555621474229,1.0
881.0,abs,0.17248355715468217,0.08418872419424915,0.4880971008659639
881.0,inel,0.09947653654127152,0.354992032428005,3.568600644642703
881.0,pipro,0.7280399063040462,0.43987368716300357,0.6041889783158427
881.5,cex,0.0,0.12088898894593882,1.0
881.5,abs,0.17239226008570058,0.0841371853013289,0.4880566288736058
881.5,inel,0.09945735284922574,0.3550047087512807,3.569416424037113
881.5,pipro,0.7281503870650737,0.4399691170014516,0.6042283638340389
882.0,cex,0.0,0.12083243856852457,1.0
882.0,abs,0.17230096642339987,0.08408567130305869,0.4880162488260958
882.0,inel,0.09943816987300488,0.3550173574225418,3.5702322144096565
882.0,pipro,0.7282608637035952,0.440064532705875,0.6042677214149775
882.5,cex,0.0,0.12077590508683445,1.0
882.5,abs,0.17220967616758934,0.08403418219463583,0.4879759608447104
882.5,inel,0.09941898761256886,0.3550299784484573,3.571048015817587
882.5,pipro,0.7283713362198418,0.4401599342700724,0.6043070510633335
883.0,cex,0.0,0.12071938850519295,1.0
883.0,abs,0.17211838931807832,0.0839827179712506,0.4879357650509314
883.0,inel,0.09939980606787763,0.3550425718357038,3.5718638283182784
883.0,pipro,0.7284818046140441,0.44025532168785264,0.6043463527837921
883.5,cex,0.0,0.12066288882791378,1.0
883.5,abs,0.17202710587467618,0.08393127862808603,0.4878956615664451
883.5,inel,0.09938062523889112,0.3550551375909662,3.572679651969232
883.5,pipro,0.7285922688864327,0.440350694953034,0.604385626581048
884.0,cex,0.0,0.12060640605929994,1.0
884.0,abs,0.17193582583719227,0.08387986416031795,0.48785565051314334
884.0,inel,0.09936144512556928,0.35506767572093734,3.5734954868280755
884.0,pipro,0.7287027290372384,0.44044605405944476,0.6044248724598051
884.5,cex,0.0,0.12054994020364414,1.0
884.5,abs,0.1718445492054361,0.08382847456311529,0.487815732013125
884.5,inel,0.09934226572787207,0.3550801862323176,3.5743113329525573
884.5,pipro,0.7288131850666919,0.44054139900092293,0.6044640904247774
885.0,cex,0.0,0.12049349126522822,1.0
885.0,abs,0.17175327597921689,0.08377710983163955,0.4877759061886951
885.0,inel,0.09932308704575944,0.35509266913181564,3.575127190400554
885.0,pipro,0.7289236369750237,0.4406367297713166,0.6045032804806889
885.5,cex,0.0,0.12043705924832342,1.0
885.5,abs,0.17166200615834418,0.08372576996104548,0.4877361731623671
885.5,inel,0.09930390907919133,0.3551051244261474,3.5759430592300623
885.5,pipro,0.7290340847624645,0.44073204636448376,0.604542442632273
886.0,cex,0.0,0.12038064415719053,1.0
886.0,abs,0.1715707397426273,0.0836744549464804,0.48769653305686145
886.0,inel,0.09928473182812768,0.3551175521220375,3.5767589394992108
886.0,pipro,0.729144528429245,0.44082734877429164,0.6045815768842717
886.5,cex,0.0,0.12032574980868196,1.0
886.5,abs,0.17147947673187577,0.08361171190405907,0.48759019736684767
886.5,inel,0.09926555529252848,0.35513439064087926,3.577619543801711
886.5,pipro,0.7292549679755957,0.44092814764637966,0.6046282397916214
887.0,cex,0.0,0.12027192907749407,1.0
887.0,abs,0.171388217125899,0.08354092987732206,0.4874368336299003
887.0,inel,0.0992463794723537,0.3551543263544021,3.578511662013169
887.0,pipro,0.7293654034017474,0.4410328146907818,0.6046801954600706
887.5,cex,0.0,0.12021811920076939,1.0
887.5,abs,0.1712969609245065,0.08347019859322685,0.4872835930230753
887.5,inel,0.09922720436756324,0.35517422413228344,3.579403716914428
887.5,pipro,0.7294758347079303,0.4411374580737203,0.6047321063765522
888.0,cex,0.0,0.12016432019216032,1.0
888.0,abs,0.17120708162782272,0.08339951802899426,0.48712656763983453
888.0,inel,0.0992088258759988,0.3551940839877603,3.5802669858397245
888.0,pipro,0.7295840924961785,0.44124207779108515,0.604785770864921
888.5,cex,0.0,0.12011053206529909,1.0
888.5,abs,0.17111720424205662,0.08332888816183508,0.4869696681343674
888.5,inel,0.09919044777517823,0.3552139059340808,3.5811301783735954
888.5,pipro,0.7296923479827652,0.44134667383878506,0.60483938889984
889.0,cex,0.0,0.12006577368767918,1.0
889.0,abs,0.17102732876714724,0.08325874411437756,0.48681543888072926
889.0,inel,0.09917207006508906,0.3552174514333021,3.581829553423299
889.0,pipro,0.7298006011677638,0.4414580307646412,0.6049022569428666
889.5,cex,0.0,0.12003379268722679,1.0
889.5,abs,0.17093745520303372,0.08318926645285957,0.48666494042543323
889.5,inel,0.09915369274571884,0.3551979566729174,3.5822968044551606
889.5,pipro,0.7299088520512474,0.44157898418699626,0.6049782557726711
890.0,cex,0.0,0.1200018081204494,1.0
890.0,abs,0.17084758354965507,0.08311983839834425,0.48651456854926095
890.0,inel,0.0991353158170551,0.3551784272139568,3.5827638645889337
890.0,pipro,0.7300171006332898,0.4416999262672496,0.605054218434164
890.5,cex,0.0,0.11996981999973627,1.0
890.5,abs,0.17075771380695035,0.08305045992686837,0.4863643233169591
890.5,inel,0.09911693927908545,0.3551588630770575,3.5832307339215745
890.5,pipro,0.7301253469139642,0.4418208569963379,0.6051301449316766
891.0,cex,0.0,0.1199378283374692,1.0
891.0,abs,0.17066784597485865,0.08298113101446383,0.4862142047933734
891.0,inel,0.09909856313179734,0.35513926428285847,3.5836974125501366
891.0,pipro,0.730233590893344,0.44194177636520854,0.6052060352695516
891.5,cex,0.0,0.11990583314602184,1.0
891.5,abs,0.1705779800533191,0.08291185163715775,0.4860642130434494
891.5,inel,0.09908018737517835,0.35511963085200127,3.584163900571772
891.5,pipro,0.7303418325715026,0.4420626843648192,0.6052818894521422
892.0,cex,0.0,0.11987383443776012,1.0
892.0,abs,0.17048811604227063,0.08284262177097279,0.4859143481322351
892.0,inel,0.09906181200921602,0.3550999628051291,3.5846301980837287
892.0,pipro,0.7304500719485134,0.44218358098613797,0.6053577074838125
892.5,cex,0.0,0.1198418322250423,1.0
892.5,abs,0.1703982539416524,0.08277344139192658,0.4857646101248771
892.5,inel,0.09904343703389787,0.355080260162888,3.58509630518336
892.5,pipro,0.7305583090244497,0.4423044662201431,0.6054334893689374
893.0,cex,0.0,0.11980982652021864,1.0
893.0,abs,0.17030839375140353,0.0827043104760326,0.48561499908662625
893.0,inel,0.09902506244921147,0.3550605229459259,3.5855622219681136
893.0,pipro,0.7306665437993849,0.4424253400578229,0.6055092351119025
893.5,cex,0.0,0.1197778173356317,1.0
893.5,abs,0.17021853547146304,0.0826352289992995,0.48546551508283425
893.5,inel,0.09900668825514437,0.3550407511748927,3.586027948535536
893.5,pipro,0.7307747762733926,0.4425462024901761,0.6055849447171034
894.0,cex,0.0,0.11974580468361629,1.0
894.0,abs,0.17012867910177004,0.08256619693773148,0.48531615817895607
894.0,inel,0.09898831445168411,0.35502094487044034,3.58649348498327
894.0,pipro,0.7308830064465459,0.4426670535082119,0.605660618188948
894.5,cex,0.0,0.11971378857649924,1.0
894.5,abs,0.17003882464226358,0.08249721426732799,0.48516692844054804
894.5,inel,0.0989699410388182,0.3550011040532234,3.586958831409065
894.5,pipro,0.7309912343189181,0.4427878931029493,0.6057362555318537
895.0,cex,0.0,0.11968176902659965,1.0
895.0,abs,0.16994897209288284,0.08242828096408437,0.48501782593327214
895.0,inel,0.09895156801653422,0.35498122874389837,3.5874239879107637
895.0,pipro,0.7310994598905829,0.4429087212654176,0.6058118567502482
895.5,cex,0.0,0.11964974604622881,1.0
895.5,abs,0.16985912145356685,0.08235939700399124,0.4848688507228929
895.5,inel,0.09893319538481975,0.35496131896312333,3.5878889545863024
895.5,pipro,0.7312076831616136,0.4430295379866567,0.6058874218485708
896.0,cex,0.0,0.11961771964769004,1.0
896.0,abs,0.16976927272425463,0.08229056236303467,0.48472000287527867
896.0,inel,0.09891482314366223,0.354941374731559,3.5883537315337266
896.0,pipro,0.7313159041320831,0.4431503432577163,0.6059629508312714
896.5,cex,0.0,0.1195856898432791,1.0
896.5,abs,0.16967942590488544,0.08222177701719667,0.48457128245640374
896.5,inel,0.09889645129304932,0.35492139606986806,3.588818318851172
896.5,pipro,0.7314241228020653,0.4432711370696562,0.6060384437028095
897.0,cex,0.0,0.11955365664528379,1.0
897.0,abs,0.16958958099539825,0.08215304094245461,0.4844226895323469
897.0,inel,0.09887807983296848,0.3549013829987147,3.589282716636873
897.0,pipro,0.7315323391716332,0.44339191941354683,0.606113900467656
897.5,cex,0.0,0.1195216200659839,1.0
897.5,abs,0.16949973799573229,0.08208435411478167,0.4842742241692929
897.5,inel,0.09885970876340731,0.3548813355387656,3.589746924989163
897.5,pipro,0.7316405532408605,0.4435126902804688,0.6061893211302924
898.0,cex,0.0,0.11948958011765161,1.0
898.0,abs,0.1694098969058265,0.08201571651014652,0.484125886433532
898.0,inel,0.09884133808435334,0.35486125371068933,3.5902109440064747
898.0,pipro,0.7317487650098202,0.4436334496615125,0.6062647056952106
898.5,cex,0.0,0.11945753681255109,1.0
898.5,abs,0.1693200577256201,0.08194712810451364,0.48397767639146094
898.5,inel,0.09882296779579411,0.35484113753515645,3.5906747737873386
898.5,pipro,0.7318569744785858,0.4437541975477788,0.6063400541669131
899.0,cex,0.0,0.1194254901629387,1.0
899.0,abs,0.16923022045505218,0.08187858887384324,0.48382959410958354
899.0,inel,0.0988045978977172,0.3548209870328393,3.5911384144303793
899.0,pipro,0.7319651816472306,0.4438749339303788,0.6064153665499128
899.5,cex,0.0,0.11939344018106335,1.0
899.5,abs,0.16914038509406182,0.08181009879409135,0.48368163965451166
899.5,inel,0.09878622839011014,0.35480080222441196,3.5916018660343183
899.5,pipro,0.7320733865158281,0.4439956588004333,0.6064906428487327
900.0,cex,0.0,0.1193613868791654,1.0
900.0,abs,0.1690505516425882,0.0817416578412097,0.48353381309296395
900.0,inel,0.09876785927296049,0.3547805831305513,3.592065128697985
900.0,pipro,0.7321815890844514,0.4441163721490736,0.6065658830679069
900.5,cex,0.0,0.11930661683315177,1.0
900.5,abs,0.16896609666923992,0.08171060280819732,0.4835917051936765
900.5,inel,0.09873175403417067,0.3547350488404809,3.5929175199065995
900.5,pipro,0.7323021492965894,0.44424773151817,0.6066454016895768
901.0,cex,0.0,0.11925186218466806,1.0
901.0,abs,0.16888164191096605,0.08167955290624017,0.48364968496280614
901.0,inel,0.09869564888732707,0.3546894914421878,3.593770297281377
901.0,pipro,0.7324227092017068,0.44437909346690396,0.6067248979093621
901.5,cex,0.0,0.1191971229362156,1.0
901.5,abs,0.16879718736776586,0.0816485081388887,0.48370775255275733
901.5,inel,0.09865954383242936,0.354643910947954,3.5946234613683936
901.5,pipro,0.7325432687998049,0.4445104579769417,0.6068043717133943
902.0,cex,0.0,0.1191423990902907,1.0
902.0,abs,0.16871273303963844,0.08161746850969089,0.4837659081162248
902.0,inel,0.09862343886947712,0.3545983073700674,3.5954770127145883
902.0,pipro,0.7326638280908845,0.444641825029951,0.6068838230878169
902.5,cex,0.0,0.11908769064938546,1.0
902.5,abs,0.16862827892658303,0.08158643402219254,0.48382415180619526
902.5,inel,0.09858733399847003,0.35455268072082313,3.5963309518677664
902.5,pipro,0.7327843870749471,0.4447731946075989,0.6069632520187808
903.0,cex,0.0,0.11903299761598704,1.0
903.0,abs,0.16854382502859877,0.08155540467993712,0.4838824837759477
903.0,inel,0.09855122921940776,0.3545070310125231,3.5971852793766046
903.0,pipro,0.7329049457519935,0.44490456669155276,0.607042658492447
903.5,cex,0.0,0.11897831999257798,1.0
903.5,abs,0.16845937134568484,0.08152438048646567,0.48394090417905355
903.5,inel,0.09851512453228992,0.3544613582574758,3.5980399957906504
903.5,pipro,0.7330255041220252,0.44503594126348056,0.6071220424949858
904.0,cex,0.0,0.11892365778163608,1.0
904.0,abs,0.16837491787784045,0.08149336144531694,0.48399941316937767
904.0,inel,0.09847901993711618,0.3544156624679964,3.59889510166032
904.0,pipro,0.7331460621850433,0.4451673183050506,0.6072014040125773
904.5,cex,0.0,0.11886901098563478,1.0
904.5,abs,0.1682904646250648,0.08146234756002745,0.48405801090108
904.5,inel,0.09844291543388624,0.35436994365640656,3.5997505975369006
904.5,pipro,0.7332666199410489,0.4452986977979312,0.6072807430314107
905.0,cex,0.0,0.11881437960704258,1.0
905.0,abs,0.16820601158735698,0.08143133883413123,0.4841166975286151
905.0,inel,0.09840681102259963,0.35432420183503494,3.6006064839725633
905.0,pipro,0.7333871773900434,0.44543007972379123,0.6073600595376846
905.5,cex,0.0,0.11875976364832333,1.0
905.5,abs,0.1681215587647162,0.08140033527116004,0.484175473206733
905.5,inel,0.0983707067032561,0.35427843701621653,3.6014627615203443
905.5,pipro,0.7335077345320276,0.44556146406430014,0.6074393535176081
906.0,cex,0.0,0.11870516311193637,1.0
906.0,abs,0.16803710615714174,0.0813693368746434,0.4842343380904809
906.0,inel,0.09833460247585527,0.35423264921229336,3.6023194307341653
906.0,pipro,0.733628291367003,0.4456928508011269,0.6075186249573978
906.5,cex,0.0,0.11865057800033638,1.0
906.5,abs,0.1679526537646326,0.08133834364810828,0.48429329233520263
906.5,inel,0.09829849834039675,0.35418683843561377,3.6031764921688243
906.5,pipro,0.7337488478949705,0.4458242399159416,0.6075978738432817
907.0,cex,0.0,0.11859600831597317,1.0
907.0,abs,0.16786820158718813,0.08130735559507955,0.4843523360965405
907.0,inel,0.09826239429688027,0.35414100469853316,3.6040339463800013
907.0,pipro,0.7338694041159317,0.4459556313904141,0.6076771001614956
907.5,cex,0.0,0.11854145406129209,1.0
907.5,abs,0.16778374962480738,0.08127637271907957,0.48441146953043535
907.5,inel,0.09822629034530539,0.3540951480134129,3.6048917939242573
907.5,pipro,0.7339899600298873,0.4460870252062154,0.6077563038982866
908.0,cex,0.0,0.11848691523873367,1.0
908.0,abs,0.1676992978774896,0.0812453950236284,0.48447069279312727
908.0,inel,0.09819018648567182,0.3540492683926216,3.6057500353590366
908.0,pipro,0.7341105156368385,0.4462184213450163,0.6078354850399103
908.5,cex,0.0,0.11843239185073398,1.0
908.5,abs,0.16761484634523396,0.08121442251224383,0.48453000604115704
908.5,inel,0.09815408271797918,0.35400336584853387,3.6066086712426686
908.5,pipro,0.7342310709367867,0.4463498197884883,0.6079146435726316
909.0,cex,0.0,0.11837788389972427,1.0
909.0,abs,0.16753039502803965,0.08118345518844115,0.4845894094313658
909.0,inel,0.09811797904222715,0.35395744039353194,3.6074677021343753
909.0,pipro,0.7343516259297332,0.44648122051830264,0.6079937794827248
909.5,cex,0.0,0.11832339138813122,1.0
909.5,abs,0.1674459439259058,0.0811524930557335,0.4846489031208971
909.5,inel,0.09808187545841535,0.3539114920400032,3.6083271285942553
909.5,pipro,0.7344721806156789,0.446612623516132,0.6080728927564749
910.0,cex,0.0,0.11826891431837676,1.0
910.0,abs,0.1673614930388316,0.08112153611763151,0.4847084872671965
910.0,inel,0.0980457719665434,0.3538655208003431,3.609186951183313
910.0,pipro,0.7345927349946249,0.4467440287636486,0.6081519833801753
910.5,cex,0.0,0.1182144526928782,1.0
910.5,abs,0.1672770423668163,0.08109058437764353,0.48476816202801265
910.5,inel,0.09800966856661103,0.3538195266869527,3.61004717046343
910.5,pipro,0.7347132890665727,0.4468754362425255,0.6082310513401288
911.0,cex,0.0,0.11816000651404818,1.0
911.0,abs,0.16719259190985894,0.08105963783927557,0.4848279275613986
911.0,inel,0.09797356525861782,0.35377350971224,3.610907786997389
911.0,pipro,0.7348338428315233,0.4470068459344363,0.6083100966226488
911.5,cex,0.0,0.11809770894878592,1.0
911.5,abs,0.16710814166795884,0.0810160719799911,0.48481223698225734
911.5,inel,0.09793746204256344,0.3537406760403094,3.61190364404761
911.5,pipro,0.7349543962894777,0.44714554303091353,0.608399031679233
912.0,cex,0.0,0.11802988111452474,1.0
912.0,abs,0.1670236916411151,0.08096361495722762,0.4847432969640898
912.0,inel,0.09790135891844753,0.35371712698805474,3.6129950686660375
912.0,pipro,0.7350749494404373,0.44728937694019294,0.6084949259673235
912.5,cex,0.0,0.1179620779916059,1.0
912.5,abs,0.16693924182932693,0.08091118212927911,0.4846744315036484
912.5,inel,0.09786525588626978,0.3536935367927735,3.614086874751591
912.5,pipro,0.7351955022844032,0.44743320308634155,0.6085907785018744
913.0,cex,0.0,0.11789429958569761,1.0
913.0,abs,0.16685350390440337,0.0808587734955319,0.48460938250274277
913.0,inel,0.09782839758231583,0.3536699054733861,3.6152069768473654
913.0,pipro,0.7353180985132809,0.4475770214453843,0.6086848975298279
913.5,cex,0.0,0.11782654590245158,1.0
913.5,abs,0.1667677675218078,0.08080638905536011,0.4845444072086248
913.5,inel,0.09779153994140094,0.3536462330488295,3.616327478437735
913.5,pipro,0.7354406925367912,0.4477208319933589,0.6087789763835527
914.0,cex,0.0,0.11775881694750248,1.0
914.0,abs,0.1666820326814986,0.08075402880812581,0.4844795057331297
914.0,inel,0.09775468296350723,0.35362251953805535,3.6174483801463104
914.0,pipro,0.7355632843549943,0.4478646347063164,0.6088730150513738
914.5,cex,0.0,0.11769111272646804,1.0
914.5,abs,0.1665962993834341,0.08070169275317914,0.48441467818824735
914.5,inel,0.09771782664861677,0.3535987649600319,3.6185696825977987
914.5,pipro,0.7356858739679492,0.44800842956032094,0.6089670135216417
915.0,cex,0.0,0.11762343324494931,1.0
915.0,abs,0.1665105676275727,0.08064938088985808,0.484349924686121
915.0,inel,0.0976809709967117,0.3535749693337422,3.6196913864179834
915.0,pipro,0.7358084613757157,0.4481522165314504,0.6090609717827322
915.5,cex,0.0,0.1175557785085307,1.0
915.5,abs,0.16642483741387276,0.0805970932174886,0.4842852453390484
915.5,inel,0.09764411600777412,0.3535511326781857,3.620813492233747
915.5,pipro,0.7359310465783532,0.44829599559579497,0.6091548898230451
916.0,cex,0.0,0.11748814852277935,1.0
916.0,abs,0.16633910874229277,0.08054482973538471,0.48422064025948264
916.0,inel,0.09760726168178614,0.3535272550123768,3.6219360006730548
916.0,pipro,0.7360536295759211,0.4484397667294591,0.6092487676310062
916.5,cex,0.0,0.11742054329324605,1.0
916.5,abs,0.16625338161279105,0.08049259044284839,0.4841561095600327
916.5,inel,0.09757040801872989,0.3535033363553459,3.6230589123649706
916.5,pipro,0.7361762103684791,0.4485835299085597,0.6093426051950656
917.0,cex,0.0,0.1173529628254645,1.0
917.0,abs,0.166167656025326,0.08044037533916948,0.4840916533534624
917.0,inel,0.09753355501858746,0.3534793767261383,3.624182227939645
917.0,pipro,0.7362987889560865,0.4487272851092277,0.6094364025036991
917.5,cex,0.0,0.11728540712495185,1.0
917.5,abs,0.16608193197985596,0.08038818442362608,0.4840272717526934
917.5,inel,0.09749670268134097,0.3534553761438158,3.625305948028337
917.5,pipro,0.7364213653388031,0.44887103230760633,0.6095301595454059
918.0,cex,0.0,0.11721787619720836,1.0
918.0,abs,0.16599620947633945,0.080336017695484,0.48396296487080226
918.0,inel,0.09745985100697256,0.35343133462745463,3.6264300732633905
918.0,pipro,0.736543939516688,0.449014771479853,0.6096238763087123
918.5,cex,0.0,0.11715037004771721,1.0
918.5,abs,0.16591048851473478,0.08028387515399732,0.48389873282102464
918.5,inel,0.09742299999546435,0.3534072521961475,3.627554604278259
918.5,pipro,0.736666511489801,0.449158502602138,0.6097175527821677
919.0,cex,0.0,0.11708288868194537,1.0
919.0,abs,0.1658247690950003,0.08023175679840797,0.48383457571675276
919.0,inel,0.09738614964679836,0.3533831288690012,3.628679541707489
919.0,pipro,0.7367890812582012,0.4493022256506455,0.6098111889543482
919.5,cex,0.0,0.11701543210534274,1.0
919.5,abs,0.16573905121709456,0.08017966262794604,0.4837704936715373
919.5,inel,0.09734929996095686,0.3533589646651397,3.629804886186739
919.5,pipro,0.7369116488219487,0.44944594060157156,0.6099047848138521
920.0,cex,0.0,0.11694800032334227,1.0
920.0,abs,0.16565333488097586,0.08012759264182959,0.4837064867990876
920.0,inel,0.09731245093792182,0.3533347596037005,3.6309306383527638
920.0,pipro,0.7370342141811024,0.4495896474311276,0.6099983403493063
920.5,cex,0.0,0.11688059334136047,1.0
920.5,abs,0.1655676200866026,0.08007554683926472,0.4836425552132719
920.5,inel,0.09727560257767544,0.3533105137038378,3.6320567988434327
920.5,pipro,0.737156777335722,0.449733346115537,0.61009185554936
921.0,cex,0.0,0.11681321116479719,1.0
921.0,abs,0.1654819068339332,0.0800235252194457,0.4835786990281183
921.0,inel,0.09723875488019983,0.3532862269847206,3.6331833682977184
921.0,pipro,0.7372793382858669,0.4498770366310365,0.6101853304026875
921.5,cex,0.0,0.11674585379903489,1.0
921.5,abs,0.16539619512292608,0.07997152778155465,0.48351491835781385
921.5,inel,0.09720190784547707,0.353261899465533,3.6343103473557052
921.5,pipro,0.7374018970315969,0.45002071895387746,0.6102787648979896
922.0,cex,0.0,0.11667852124944006,1.0
922.0,abs,0.16531048495353962,0.07991955452476202,0.4834512133167073
922.0,inel,0.09716506147348933,0.35323753116547485,3.6354377366585906
922.0,pipro,0.737524453572971,0.4501643930603231,0.6103721590239903
922.5,cex,0.0,0.11661121352136206,1.0
922.5,abs,0.1652247763257323,0.07986760544822613,0.48338758401930704
922.5,inel,0.0971282157642187,0.3532131221037607,3.636565536848683
922.5,pipro,0.737647007910049,0.45030805892665116,0.6104655127694399
923.0,cex,0.0,0.11654393062013346,1.0
923.0,abs,0.16513906923946242,0.07981568055109356,0.48332403058028395
923.0,inel,0.09709137071764733,0.35318867229962086,3.637693748569411
923.0,pipro,0.7377695600428904,0.45045171652915217,0.6105588261231123
923.5,cex,0.0,0.11647667255107035,1.0
923.5,abs,0.16505336369468843,0.0797637798324989,0.4832605531144699
923.5,inel,0.09705452633375727,0.35316418177230047,3.6388223724653193
923.5,pipro,0.7378921099715542,0.45059536584413024,0.6106520990738074
924.0,cex,0.0,0.11640943931947206,1.0
924.0,abs,0.16496765969136878,0.0797119032915649,0.48319715173685934
924.0,inel,0.09701768261253073,0.3531396505410602,3.639951409182072
924.0,pipro,0.7380146576961004,0.45073900684790286,0.6107453316103487
924.5,cex,0.0,0.11634223093062104,1.0
924.5,abs,0.1648819572294619,0.07966005092740235,0.48313382656260895
924.5,inel,0.09698083955394979,0.3531150786251753,3.64108085936645
924.5,pipro,0.7381372032165884,0.4508826395168013,0.6108385237215862
925.0,cex,0.0,0.11627504738978328,1.0
925.0,abs,0.1647962563089261,0.07960822273911022,0.4830705777070391
925.0,inel,0.09694399715799658,0.35309046604393657,3.6422107236663632
925.0,pipro,0.7382597465330774,0.4510262638271699,0.6109316753963937
925.5,cex,0.0,0.11621991851019815,1.0
925.5,abs,0.16471055692971995,0.07957708570498431,0.4831328798125485
925.5,inel,0.0969071554246532,0.35304419253568126,3.643117899690891
925.5,pipro,0.7383822876456269,0.4511588032491363,0.6110097855782556
926.0,cex,0.0,0.11616480608867119,1.0
926.0,abs,0.16462485909180175,0.0795459542209428,0.4831952759733852
926.0,inel,0.09687031435390182,0.3529978956767035,3.6440254997736066
926.0,pipro,0.7385048265542964,0.45129134401368254,0.6110878734798664
926.5,cex,0.0,0.11610971012733835,1.0
926.5,abs,0.16453916279512998,0.07951482829052066,0.48325776635636397
926.5,inel,0.09683347394572453,0.35295157548008327,3.6449335245156416
926.5,pipro,0.7386273632591454,0.4514238861020577,0.6111659390875787
927.0,cex,0.0,0.11605463062833064,1.0
927.0,abs,0.164453468039663,0.07948370791725025,0.48332035112862637
927.0,inel,0.09679663420010347,0.35290523195890855,3.645841974519103
927.0,pipro,0.7387498977602335,0.4515564294955106,0.6112439823877531
927.5,cex,0.0,0.1159995675937737,1.0
927.5,abs,0.16436777482535933,0.0794525931046613,0.4833830304576407
927.5,inel,0.09675979511702079,0.3528588651262728,3.646750850387055
927.5,pipro,0.73887243005762,0.45168897417529225,0.6113220033667623
928.0,cex,0.0,0.11594452102578828,1.0
928.0,abs,0.16428208315217727,0.07942148385628092,0.48344580451120445
928.0,inel,0.09672295669645857,0.35281247499527735,3.6476601527235495
928.0,pipro,0.7389949601513642,0.4518215201226535,0.6114000020109872
928.5,cex,0.0,0.11588949092648997,1.0
928.5,abs,0.16419639302007535,0.07939038017563362,0.4835086734574432
928.5,inel,0.09668611893839894,0.3527660615790288,3.648569882133593
928.5,pipro,0.7391174880415258,0.4519540673188476,0.6114779783068203
929.0,cex,0.0,0.11583447729798928,1.0
929.0,abs,0.16411070442901196,0.07935928206624131,0.48357163746481335
929.0,inel,0.09664928184282405,0.3527196248906413,3.649480039223176
929.0,pipro,0.739240013728164,0.4520866157451281,0.6115559322406634
929.5,cex,0.0,0.1157794801423917,1.0
929.5,abs,0.16402501737894554,0.07932818953162321,0.48363469670210124
929.5,inel,0.09661244540971606,0.3526731649432348,3.650390624599255
929.5,pipro,0.7393625372113384,0.4522191653827503,0.611633863798929
930.0,cex,0.0,0.11572449946179762,1.0
930.0,abs,0.16393933186983453,0.079297102575296,0.48369785133842536
930.0,inel,0.09657560963905704,0.3526266817499364,3.6513016388697728
930.0,pipro,0.7394850584911085,0.45235171621296993,0.6117117729680389
930.5,cex,0.0,0.1156695352583022,1.0
930.5,abs,0.1638536479016373,0.07926602120077363,0.48376110154323615
930.5,inel,0.09653877453082914,0.3525801753238792,3.652213082643644
930.5,pipro,0.7396075775675335,0.45248426821704496,0.6117896597344268
931.0,cex,0.0,0.11561458753399574,1.0
931.0,abs,0.16376796547431238,0.07923494541156756,0.4838244474863178
931.0,inel,0.09650194008501452,0.3525336456782033,3.653124956530766
931.0,pipro,0.7397300944406731,0.45261682137623344,0.6118675240845344
931.5,cex,0.0,0.11555965629096306,1.0
931.5,abs,0.1636822845878181,0.07920387521118645,0.483887889337788
931.5,inel,0.09646510630159527,0.35248709282605534,3.6540372611420233
931.5,pipro,0.7398526091105865,0.45274937567179513,0.611945366004815
932.0,cex,0.0,0.11550474153128441,1.0
932.0,abs,0.163596605242113,0.07917281060313648,0.48395142726809975
932.0,inel,0.09642827318055355,0.3524405167805881,3.6549499970892754
932.0,pipro,0.7399751215773334,0.45288193108499103,0.6120231854817314
932.5,cex,0.0,0.11544984325703458,1.0
932.5,abs,0.16351092743715548,0.0791417515909212,0.4840150614480423
932.5,inel,0.0963914407218715,0.35239391755496063,3.655863164985368
932.5,pipro,0.740097631840973,0.45301448759708357,0.6121009825017575
933.0,cex,0.0,0.1153949614702833,1.0
933.0,abs,0.163425251172904,0.07911069817804132,0.4840787920487402
933.0,inel,0.09635460892553124,0.3523472951623397,3.656776765444145
933.0,pipro,0.7402201399015649,0.45314704518933563,0.612178757051376
933.5,cex,0.0,0.11534009617309546,1.0
933.5,abs,0.16333957644931693,0.07907965036799522,0.4841426192416573
933.5,inel,0.0963177777915149,0.35230064961589747,3.6576907990804304
933.5,pipro,0.7403426457591682,0.4532796038430119,0.6122565091170808
934.0,cex,0.0,0.11528524736753056,1.0
934.0,abs,0.16325390326635275,0.07904860816427839,0.4842065431985944
934.0,inel,0.09628094731980459,0.35225398092881244,3.6586052665100364
934.0,pipro,0.7404651494138427,0.4534121635393785,0.612334238685376
934.5,cex,0.0,0.11523041505564315,1.0
934.5,abs,0.16316823162396993,0.0790175715703838,0.48427056409169217
934.5,inel,0.0962441175103825,0.35220728911427057,3.6595201683497756
934.5,pipro,0.7405876508656476,0.45354472425970244,0.6124119457427754
935.0,cex,0.0,0.11517559923948271,1.0
935.0,abs,0.16308256152212688,0.07898654058980184,0.48433468209343167
935.0,inel,0.09620728836323073,0.3521605741854634,3.6604355052174506
935.0,pipro,0.7407101501146425,0.453677285985252,0.612489630275803
935.5,cex,0.0,0.11512079992109366,1.0
935.5,abs,0.16299689296078207,0.07895551522602015,0.4843988973766345
935.5,inel,0.09617045987833141,0.3521138361555896,3.6613512777318635
935.5,pipro,0.7408326471608865,0.45380984869729657,0.6125672922709935
936.0,cex,0.0,0.11506601710251513,1.0
936.0,abs,0.16291122593989396,0.07892449548252387,0.48446321011446464
936.0,inel,0.09613363205566672,0.3520670750378535,3.6622674865128064
936.0,pipro,0.7409551420044392,0.4539424123771075,0.6126449317148915
936.5,cex,0.0,0.11500310876888345,1.0
936.5,abs,0.162825560459421,0.0788804175962969,0.4844473888112627
936.5,inel,0.09609680489521877,0.35203393609624456,3.6633261270246433
936.5,pipro,0.7410776346453603,0.4540825375385751,0.612732750673112
937.0,cex,0.0,0.11493447762596122,1.0
937.0,abs,0.16273989651932164,0.07882714011611779,0.4843750168340489
937.0,inel,0.09605997839696968,0.3520103906325913,3.6644854236579327
937.0,pipro,0.7412001250837087,0.45422799162532973,0.6128277320164115
937.5,cex,0.0,0.11486587306966328,1.0
937.5,abs,0.16265423411955426,0.07877388876529108,0.4843027246827809
937.5,inel,0.09602315256090162,0.3519868027068273,3.665645142025342
937.5,pipro,0.7413226133195441,0.45437343545821834,0.6129226699609156
938.0,cex,0.0,0.11479729510518123,1.0
938.0,abs,0.16257794084556773,0.07872066354215973,0.48420261157653754
938.0,inel,0.0959827426144419,0.35196317233965746,3.6669422309953856
938.0,pipro,0.7414393165399904,0.4545188690130016,0.6130223456911683
938.5,cex,0.0,0.11472874373768793,1.0
938.5,abs,0.16250165013343296,0.07866746444505342,0.4841025576076193
938.5,inel,0.09594233402490769,0.3519394995518035,3.6682399185789674
938.5,pipro,0.7415560158416594,0.45466429226545513,0.6131219793954679
939.0,cex,0.0,0.11466024287356717,1.0
939.0,abs,0.16242536198302088,0.07861430785964825,0.4840026637457406
939.0,inel,0.09590192679223067,0.3519158577217894,3.669538970621592
939.0,pipro,0.7416727112247485,0.45480959154499523,0.6132214178326086
939.5,cex,0.0,0.11459180245410204,1.0
939.5,abs,0.16234907639420249,0.078561200592347,0.483902972146212
939.5,inel,0.09586152091634251,0.3518922774993039,3.6708397085249374
939.5,pipro,0.7417894026894551,0.45495471945424704,0.6133205972001606
940.0,cex,0.0,0.11452338861489929,1.0
940.0,abs,0.16227279336684874,0.07850811941772336,0.4838033399735759
940.0,inel,0.09582111639717483,0.3518686550077062,3.6721410503006893
940.0,pipro,0.7419060902359765,0.4550998369596711,0.6134197345851662
940.5,cex,0.0,0.11445500136102664,1.0
940.5,abs,0.16219651290083062,0.0784550643340398,0.48370376730607273
940.5,inel,0.09578071323465936,0.35184499026768196,3.6734429968763562
940.5,pipro,0.7420227738645099,0.45524494403725163,0.6135188299764737
941.0,cex,0.0,0.11438664069753356,1.0
941.0,abs,0.1621202349960192,0.07840203533954562,0.48360425422200226
941.0,inel,0.09574031142872774,0.3518212832999334,3.674745549181139
941.0,pipro,0.742139453575253,0.4553900406629875,0.613617883362956
941.5,cex,0.0,0.1143183066294507,1.0
941.5,abs,0.16204395965228546,0.07834903243247694,0.4835048007997249
941.5,inel,0.09569991097931167,0.3517975341251778,3.6760487081459154
941.5,pipro,0.7422561293684029,0.4555351268128946,0.6137168947335152
942.0,cex,0.0,0.11424999916178988,1.0
942.0,abs,0.16196768686950036,0.07829605561105678,0.4834054071176617
942.0,inel,0.09565951188634278,0.3517737427641489,3.6773524747032638
942.0,pipro,0.7423728012441568,0.4556802024630044,0.6138158640770799
942.5,cex,0.0,0.11418171829954474,1.0
942.5,abs,0.161891416647535,0.07824310487349521,0.4833060732542954
942.5,inel,0.09561911414975284,0.3517499092375955,3.678656849787441
942.5,pipro,0.7424894692027122,0.45582526758936454,0.6139147913826055
943.0,cex,0.0,0.11411346404768967,1.0
943.0,abs,0.16181514898626037,0.078190180217989,0.4832067992881685
943.0,inel,0.09557871776947345,0.3517260335662826,3.6799618343344123
943.0,pipro,0.7426061332442662,0.4559703221680387,0.614013676639075
943.5,cex,0.0,0.11404523641118086,1.0
943.5,abs,0.16173888388554752,0.078137281642722,0.48310758529788583
943.5,inel,0.09553832274543637,0.351702115770991,3.6812674292818364
943.5,pipro,0.7427227933690161,0.4561153661751062,0.6141125198354976
944.0,cex,0.0,0.11397703539495564,1.0
944.0,abs,0.1616626213452675,0.07808440914586492,0.4830084313621132
944.0,inel,0.09549792907757328,0.35167815587251644,3.682573635569072
944.0,pipro,0.7428394495771592,0.45626039958666303,0.614211320960911
944.5,cex,0.0,0.11390886100393267,1.0
944.5,abs,0.1615863613652914,0.07803156272557549,0.4829093375595782
944.5,inel,0.09545753676581589,0.3516541538916705,3.683880454137181
944.5,pipro,0.7429561018688927,0.45640542237882137,0.6143100800043795
945.0,cex,0.0,0.11384071324301237,1.0
945.0,abs,0.1615101039454902,0.07797874237999836,0.4828103039690709
945.0,inel,0.09541714581009589,0.35163010984928106,3.685187885928944
945.0,pipro,0.7430727502444138,0.4565504345277082,0.614408796954993
945.5,cex,0.0,0.113772592117076,1.0
945.5,abs,0.16143384908573513,0.07792594810726503,0.4827113306694416
945.5,inel,0.09537675621034504,0.3516060237661909,3.6864959318888424
945.5,pipro,0.7431893947039198,0.45669543600946805,0.6145074718018704
946.0,cex,0.0,0.11370449763098657,1.0
946.0,abs,0.16135759678589717,0.07787317990549412,0.48261241773960484
946.0,inel,0.095336367966495,0.35158189566325826,3.687804592963077
946.0,pipro,0.7433060352476077,0.45684042680026105,0.6146061045341571
946.5,cex,0.0,0.11363642978958836,1.0
946.5,abs,0.16128134704584743,0.07782043777279124,0.4825135652585369
946.5,inel,0.09529598107847753,0.35155772556135695,3.689113870099563
946.5,pipro,0.743422671875675,0.4569854068762635,0.6147046951410255
947.0,cex,0.0,0.11356838859770722,1.0
947.0,abs,0.161205099865457,0.07776772170724892,0.48241477330527666
947.0,inel,0.09525559554622436,0.3515335134813766,3.6904237642479405
947.0,pipro,0.7435393045883186,0.4571303762136672,0.6148032436116746
947.5,cex,0.0,0.11350037406015019,1.0
947.5,abs,0.16112885524459705,0.07771503170694675,0.4823160419589258
947.5,inel,0.09521521136966722,0.3515092594442219,3.6917342763595697
947.5,pipro,0.7436559333857358,0.45727533478868115,0.6149017499353314
948.0,cex,0.0,0.11343238618170604,1.0
948.0,abs,0.16105261318313868,0.07766236776995135,0.48221737129864944
948.0,inel,0.09517482854873784,0.35148496347081304,3.6930454073875425
948.0,pipro,0.7437725582681236,0.4574202825775296,0.6150002141012488
948.5,cex,0.0,0.11336442496714462,1.0
948.5,abs,0.16097637368095294,0.07760972989431629,0.4821187614036757
948.5,inel,0.09513444708336795,0.3514606255820859,3.6943571582866817
948.5,pipro,0.7438891792356791,0.45756521955645313,0.6150986360987074
949.0,cex,0.0,0.11329649042121745,1.0
949.0,abs,0.1609001367379111,0.07755711807808235,0.48202021235329656
949.0,inel,0.09509406697348934,0.3514362457989911,3.6956695300135363
949.0,pipro,0.7440057962885996,0.45771014570170915,0.6151970159170151
949.5,cex,0.0,0.11322858254865754,1.0
949.5,abs,0.1608239023538842,0.07750453231927724,0.4819217242268675
949.5,inel,0.09505368821903368,0.3514118241424951,3.6969825235264038
949.5,pipro,0.7441224094270821,0.4578550609895701,0.6152953535455058
950.0,cex,0.0,0.11316070135417922,1.0
950.0,abs,0.16074767052874347,0.07745197261591573,0.4818232971038075
950.0,inel,0.09501331081993282,0.3513873606335793,3.698296139785309
950.0,pipro,0.7442390186513238,0.4579999653963258,0.6153936489735415
950.5,cex,0.0,0.11309071214571406,1.0
950.5,abs,0.16070063458464762,0.07739750267223054,0.48162537050506854
950.5,inel,0.0949679779021976,0.35136459228031053,3.699821771946771
950.5,pipro,0.7443313875131549,0.4581471929017449,0.6155150791537027
951.0,cex,0.0,0.11302075148748691,1.0
951.0,abs,0.16065359903777932,0.0773430609504607,0.48142750248796295
951.0,inel,0.09492264536730752,0.35134177958811635,3.701348379289086
951.0,pipro,0.7444237555949131,0.45829440797393606,0.6156364631428047
951.5,cex,0.0,0.11295081938444076,1.0
951.5,abs,0.16060656388813355,0.0772886474479351,0.4812296930888114
951.5,inel,0.09487731321525779,0.35131892257940206,3.7028759634279393
951.5,pipro,0.7445161228966087,0.45844161058822214,0.6157578009252677
952.0,cex,0.0,0.11288091584149773,1.0
952.0,abs,0.16055952913570531,0.07723426216196766,0.48103194234388336
952.0,inel,0.0948319814460435,0.3512960212765895,3.7044045259822624
952.0,pipro,0.7446084894182513,0.45858880071994507,0.6158790924855448
952.5,cex,0.0,0.11281104086355848,1.0
952.5,abs,0.16051249478048946,0.07717990508985788,0.4808342502894
952.5,inel,0.09478665005965982,0.35127307570211846,3.705934068574247
952.5,pipro,0.7447008551598507,0.45873597834446517,0.6160003378081217
953.0,cex,0.0,0.1127411944555029,1.0
953.0,abs,0.16046546082248103,0.07712557622889052,0.48063661696153187
953.0,inel,0.09474131905610192,0.35125008587844464,3.707464592829331
953.0,pipro,0.744793220121417,0.4588831434371619,0.6161215368775165
953.5,cex,0.0,0.11267137662218951,1.0
953.5,abs,0.160418427261675,0.07707127557633583,0.48043904239640095
953.5,inel,0.09469598843536492,0.3512270518280412,3.7089961003762317
953.5,pipro,0.74488558430296,0.4590302959734334,0.6162426896782802
954.0,cex,0.0,0.11260158736845573,1.0
954.0,abs,0.1603713940980663,0.07701700312944937,0.4802415266300788
954.0,inel,0.09465065819744399,0.3512039735733968,3.7105285928469214
954.0,pipro,0.7449779477044897,0.4591774359286981,0.6163637961949981
954.5,cex,0.0,0.11253182669911817,1.0
954.5,abs,0.16032436133164996,0.07696275888547228,0.48004406969858865
954.5,inel,0.09460532834233429,0.3511808511370188,3.712062071876678
954.5,pipro,0.7450703103260157,0.4593245632783908,0.6164848564122855
955.0,cex,0.0,0.11246209461897202,1.0
955.0,abs,0.1602773289624209,0.0769085428416309,0.4798466716379028
955.0,inel,0.09455999887003097,0.35115768454143004,3.7135965391040515
955.0,pipro,0.7451626721675482,0.459471677997967,0.616605870314792
955.5,cex,0.0,0.11239239113279183,1.0
955.5,abs,0.16023029699037408,0.07685435499513733,0.47964933248394587
955.5,inel,0.09451466978052914,0.3511344738091703,3.715131996170896
955.5,pipro,0.7452550332290967,0.4596187800629006,0.6167268378871995
956.0,cex,0.0,0.11232271624533059,1.0
956.0,abs,0.1601832654155045,0.07680019534318878,0.47945205227259097
956.0,inel,0.09446934107382399,0.351111218962796,3.7166684447223646
956.0,pipro,0.7453473935106715,0.4597658694486845,0.6168477591142228
956.5,cex,0.0,0.11225306996132052,1.0
956.5,abs,0.16013623423780718,0.07674606388296823,0.4792548310396633
956.5,inel,0.09442401274991064,0.3510879200248805,3.718205886406927
956.5,pipro,0.7454397530122823,0.4599129461308308,0.6169686339806095
957.0,cex,0.0,0.11218345228547295,1.0
957.0,abs,0.16008920345727698,0.07669196061164398,0.4790576688209381
957.0,inel,0.09437868480878428,0.3510645770180132,3.719744322876365
957.0,pipro,0.7455321117339389,0.46006001008486985,0.6170894624711395
957.5,cex,0.0,0.11211386322247795,1.0
957.5,abs,0.16004217307390894,0.07663788552636996,0.47886056565214147
957.5,inel,0.09433335725044005,0.35104118996480066,3.7212837557857945
957.5,pipro,0.7456244696756511,0.46020706128635147,0.6172102445706253
958.0,cex,0.0,0.11204430277700468,1.0
958.0,abs,0.15999514308769794,0.07658383862428539,0.47866352156894904
958.0,inel,0.09428803007487306,0.35101775888786524,3.7228241867936576
958.0,pipro,0.745716826837429,0.46035409971084473,0.617330980263913
958.5,cex,0.0,0.11197477095370136,1.0
958.5,abs,0.15994811349863908,0.07652981990251542,0.47846653660698896
958.5,inel,0.09424270328207852,0.3509942838098467,3.7243656175617454
958.5,pipro,0.7458091832192825,0.46050112533393656,0.6174516695358795
959.0,cex,0.0,0.11190526775719516,1.0
959.0,abs,0.15990108430672725,0.07647582935817032,0.47826961080183794
959.0,inel,0.09419737687205158,0.35097076475340044,3.725908049755191
959.0,pipro,0.7459015388212212,0.4606481381312341,0.6175723123714361
959.5,cex,0.0,0.11183579319209229,1.0
959.5,abs,0.15985405551195742,0.07642186698834622,0.47807274418902496
959.5,inel,0.09415205084478732,0.3509472017411984,3.7274514850424887
959.5,pipro,0.7459938936432552,0.4607951380783631,0.6176929087555264
960.0,cex,0.0,0.11176634726297789,1.0
960.0,abs,0.1598070271143246,0.07636793279012467,0.4778759368040286
960.0,inel,0.09410672520028097,0.3509235947959298,3.728995925095501
960.0,pipro,0.7460862476853944,0.4609421251509677,0.6178134586731255
960.5,cex,0.0,0.11169692997441641,1.0
960.5,abs,0.15975999911382374,0.07631402676057292,0.4776791886822789
960.5,inel,0.09406139993852766,0.350899943940299,3.730541371589452
960.5,pipro,0.7461786009476487,0.4610890993247116,0.6179339621092421
961.0,cex,0.0,0.1116275413309512,1.0
961.0,abs,0.15971297151044975,0.07626014889674372,0.4774824998591561
961.0,inel,0.0940160750595225,0.3508762491970275,3.732087826202958
961.0,pipro,0.7462709534300277,0.46123606057527766,0.6180544190489177
961.5,cex,0.0,0.11155818133710459,1.0
961.5,abs,0.15966594430419767,0.07620629919567552,0.4772858703699912
961.5,inel,0.09397075056326068,0.3508525105888528,3.733635290618015
961.5,pipro,0.7463633051325417,0.4613830088783671,0.6181748294772251
962.0,cex,0.0,0.11148884999737822,1.0
962.0,abs,0.1596189174950625,0.07615247765439229,0.4770893002500654
962.0,inel,0.09392542644973736,0.35082872813852845,3.735183766520013
962.0,pipro,0.7464556560552003,0.461529944209701,0.6182951933792715
962.5,cex,0.0,0.11141954731625264,1.0
962.5,abs,0.1595718910830391,0.07609868426990375,0.4768927895346117
962.5,inel,0.09388010271894767,0.35080490186882435,3.7367332555977484
962.5,pipro,0.7465480061980131,0.46167686654501927,0.618415510740196
963.0,cex,0.0,0.11135027329818763,1.0
963.0,abs,0.15951911795959148,0.07604491903920521,0.4767135125362748
963.0,inel,0.09383542100636012,0.3507810318025272,3.738258197602709
963.0,pipro,0.7466454610340483,0.46182377586007994,0.6185315520708965
963.5,cex,0.0,0.11128102794762208,1.0
963.5,abs,0.1594663445600625,0.07599118195927777,0.476534294235709
963.5,inel,0.09379073906002125,0.35075711796243864,3.7397841351689545
963.5,pipro,0.7467429163799163,0.4619706721306615,0.6186475452224139
964.0,cex,0.0,0.11121779774662706,1.0
964.0,abs,0.15941357088445,0.07594697360135216,0.4764147316943417
964.0,inel,0.09374605687992921,0.3507233962382605,3.7412069148409106
964.0,pipro,0.7468403722356209,0.4621118324137603,0.6187558273402612
964.5,cex,0.0,0.11116306922215263,1.0
964.5,abs,0.1593607969327517,0.07591623691842368,0.47637962648027793
964.5,inel,0.09370137446608214,0.35067581287472616,3.742483126559293
964.5,pipro,0.7469378286011661,0.4622448809846975,0.6188532208234391
965.0,cex,0.0,0.11110835828085695,1.0
965.0,abs,0.15930802270496566,0.07588550629054687,0.4763445368415931
965.0,inel,0.09365669181847826,0.35062820646756704,3.7437603193068245
965.0,pipro,0.7470352854765561,0.46237792896102914,0.6189505876768117
965.5,cex,0.0,0.1110536649241956,1.0
965.5,abs,0.15925524820108952,0.07585478172105907,0.47630946281455183
965.5,inel,0.09361200893711569,0.35058057703078055,3.7450384946474626
965.5,pipro,0.7471327428617947,0.4625109763239647,0.6190479278854473
966.0,cex,0.0,0.11099898915361844,1.0
966.0,abs,0.15920247342112123,0.07582406321329484,0.4762744044354485
966.0,inel,0.09356732582199263,0.35053292457837,3.746317654148224
966.0,pipro,0.7472302007568861,0.46264402305471675,0.6191452414344258
966.5,cex,0.0,0.11094433097057016,1.0
966.5,abs,0.15914969836505857,0.07579335077058562,0.476239361740607
966.5,inel,0.09352264247310724,0.3504852491243445,3.747597799379201
966.5,pipro,0.7473276591618341,0.46277706913449973,0.6192425283088381
967.0,cex,0.0,0.11088969037648984,1.0
967.0,abs,0.1590969230328994,0.07576264439626013,0.4762043347663819
967.0,inel,0.09347795889045767,0.35043755068271915,3.748878931913566
967.0,pipro,0.7474251180766429,0.46291011454453085,0.6193397884937857
967.5,cex,0.0,0.11083506737281101,1.0
967.5,abs,0.15904414742464154,0.07573194409364403,0.4761693235491574
967.5,inel,0.09343327507404207,0.35038982926751594,3.7501610533275884
967.5,pipro,0.7475225775013163,0.463043159266029,0.6194370219743812
968.0,cex,0.0,0.11078046196096202,1.0
968.0,abs,0.1589913715402828,0.07570124986606004,0.47613432812534745
968.0,inel,0.09338859102385866,0.35034208489276153,3.7514441652006196
968.0,pipro,0.7476200374358585,0.4631762032802164,0.619534228735749
968.5,cex,0.0,0.1107258741423655,1.0
968.5,abs,0.15893859537982105,0.07567056171682805,0.4760993485313966
968.5,inel,0.09334390673990557,0.35029431757248924,3.7527282691151225
968.5,pipro,0.7477174978802734,0.4633092465683173,0.619631408763024
969.0,cex,0.0,0.11067130391843887,1.0
969.0,abs,0.15888581894325413,0.07563987964926497,0.4760643848037795
969.0,inel,0.09329922222218097,0.3502465273207388,3.7540133666566744
969.0,pipro,0.7478149588345651,0.4634422891115574,0.6197285620413514
969.5,cex,0.0,0.11061675129059391,1.0
969.5,abs,0.1588330422305798,0.0756092036666848,0.476029436979001
969.5,inel,0.09325453747068299,0.35019871415155474,3.75529945941396
969.5,pipro,0.7479124202987372,0.46357533089116654,0.6198256885558894
970.0,cex,0.0,0.11056221626023716,1.0
970.0,abs,0.158780265241796,0.07557853377239863,0.47599450509359625
970.0,inel,0.09320985248540989,0.35015087807898876,3.756586548978798
970.0,pipro,0.7480098822727941,0.4637083718883755,0.6199227882918052
970.5,cex,0.0,0.1105076988287695,1.0
970.5,abs,0.15872748797690048,0.07554786996971455,0.4759595891841304
970.5,inel,0.09316516726635972,0.3501030191170977,3.7578746369461373
970.5,pipro,0.7481073447567399,0.4638414120844182,0.6200198612342782
971.0,cex,0.0,0.11045319899758642,1.0
971.0,abs,0.15867471043589113,0.07551721226193776,0.47592468928719905
971.0,inel,0.09312048181353073,0.35005513727994486,3.7591637249140675
971.0,pipro,0.7482048077505782,0.46397445146053096,0.6201169073684991
971.5,cex,0.0,0.11039871676807814,1.0
971.5,abs,0.15862193261876567,0.07548656065237053,0.4758898054394285
971.5,inel,0.09307579612692107,0.35000723258159894,3.7604538144838227
971.5,pipro,0.7483022712543134,0.46410748999795237,0.6202139266796688
972.0,cex,0.0,0.11034425214162918,1.0
972.0,abs,0.1585691545255221,0.07545591514431223,0.47585493767747505
972.0,inel,0.09303111020652885,0.34995930503613476,3.7617449072597964
972.0,pipro,0.748399735267949,0.46424052767792384,0.6203109191530007
972.5,cex,0.0,0.11028980511961883,1.0
972.5,abs,0.15851637615615813,0.07542527574105923,0.47582008603802584
972.5,inel,0.09298642405235227,0.34991135465763346,3.763037004849546
972.5,pipro,0.7484971997914895,0.46437356448168843,0.6204078847737172
973.0,cex,0.0,0.11023537570342085,1.0
973.0,abs,0.15846359751067166,0.07539464244590498,0.4757852505577981
973.0,inel,0.09294173766438957,0.34986338146018153,3.7643301088637915
973.0,pipro,0.7485946648249389,0.4645066003904927,0.6205048235270538
973.5,cex,0.0,0.11018096389440353,1.0
973.5,abs,0.1584108185890605,0.07536401526214008,0.4757504312735402
973.5,inel,0.0928970510426388,0.3498153854578714,3.765624220916439
973.5,pipro,0.7486921303683006,0.46463963538558506,0.6206017353982565
974.0,cex,0.0,0.1101265696939296,1.0
974.0,abs,0.15835803939132245,0.075333394193052,0.47571562822203045
974.0,inel,0.09285236418709818,0.3497673666648022,3.7669193426245826
974.0,pipro,0.7487895964215794,0.4647726694482162,0.6206986203725813
974.5,cex,0.0,0.11007219310335672,1.0
974.5,abs,0.1583052599174554,0.07530277924192552,0.47568084144007855
974.5,inel,0.09280767709776587,0.3497193250950769,3.768215475608489
974.5,pipro,0.7488870629847788,0.46490570255964087,0.6207954784352979
975.0,cex,0.0,0.11001783412403676,1.0
975.0,abs,0.15825248016745716,0.07527217041204226,0.47564607096452405
975.0,inel,0.09276298977464005,0.34967126076280713,3.7695126214916566
975.0,pipro,0.7489845300579029,0.46503873470111384,0.6208923095716842
975.5,cex,0.0,0.10996218736675992,1.0
975.5,abs,0.15819970014132553,0.07524103079562874,0.47560792295063264
975.5,inel,0.09271830221771885,0.3496239888241458,3.7708195734987395
975.5,pipro,0.7490819976409557,0.4651727930134655,0.620990484991509
976.0,cex,0.0,0.10990655929643939,1.0
976.0,abs,0.1581469198390584,0.07520989758858222,0.47556979083197565
976.0,inel,0.09267361442700044,0.3495766931900591,3.772127539769399
976.0,pipro,0.7491794657339411,0.46530684992491933,0.6210886325736075
976.5,cex,0.0,0.10985094991421734,1.0
976.5,abs,0.15809413926065358,0.0751787707943085,0.4755316746458227
976.5,inel,0.09262892640248302,0.3495293738751471,3.773436521939194
976.5,pipro,0.7492769343368634,0.46544090541632704,0.6211867523030837
977.0,cex,0.0,0.10979535922123015,1.0
977.0,abs,0.15804135840610883,0.07514765041621001,0.4754935744294722
977.0,inel,0.09258423814416472,0.349482030894016,3.7747465216469216
977.0,pipro,0.7493744034497264,0.46557495946854377,0.6212848441650543
977.5,cex,0.0,0.10973978721860801,1.0
977.5,abs,0.15798857727542215,0.07511653645768612,0.47545549022025274
977.5,inel,0.09253954965204375,0.3494346642612789,3.7760575405346333
977.5,pipro,0.749471873072534,0.46570901206242693,0.6213829081446469
978.0,cex,0.0,0.10968423390747556,1.0
978.0,abs,0.15793579586859122,0.0750854289221329,0.4754174220555226
978.0,inel,0.09249486092611824,0.3493872739915542,3.7773695802476306
978.0,pipro,0.7495693432052906,0.46584306317883734,0.6214809442270015
978.5,cex,0.0,0.10962869928895114,1.0
978.5,abs,0.15788301418561396,0.07505432781294316,0.4753793699726692
978.5,inel,0.09245017196638634,0.34933986009946705,3.7786826424344824
978.5,pipro,0.7496668138479998,0.4659771127986387,0.6215789523972697
979.0,cex,0.0,0.10957318336414762,1.0
979.0,abs,0.15783023222648812,0.07502323313350666,0.4753413340091111
979.0,inel,0.09240548277284621,0.34929242259964793,3.7799967287470215
979.0,pipro,0.7497642850006655,0.46611116090269783,0.6216769326406153
979.5,cex,0.0,0.10951768613417154,1.0
979.5,abs,0.1577774499912116,0.07499214488720969,0.4753033142022947
979.5,inel,0.09236079334549609,0.3492449615067338,3.781311840840359
979.5,pipro,0.7498617566632924,0.466245207471885,0.6217748849422139
980.0,cex,0.0,0.10946220760012375,1.0
980.0,abs,0.15772466747978223,0.07496106307743547,0.47526531058969756
980.0,inel,0.09231610368433409,0.3491974768353679,3.7826279803729004
980.0,pipro,0.7499592288358837,0.46637925248707285,0.621872809287253
980.5,cex,0.0,0.10940674776309911,1.0
980.5,abs,0.1576718846921978,0.07492998770756391,0.4752273232088265
980.5,inel,0.09227141378935835,0.3491499686001992,3.7839451490063394
980.5,pipro,0.7500567015184437,0.4665132959291378,0.6219707056609325
981.0,cex,0.0,0.10935130662418675,1.0
981.0,abs,0.15761910162845622,0.07489891878097175,0.4751893520972186
981.0,inel,0.09222672366056708,0.34910243681588277,3.785263348405672
981.0,pipro,0.7501541747109767,0.4666473377789588,0.6220685740484629
981.5,cex,0.0,0.10929588418446969,1.0
981.5,abs,0.15756631828855525,0.07486785630103251,0.47515139729244094
981.5,inel,0.09218203329795845,0.34905488149707997,3.786582580239207
981.5,pipro,0.7502516484134862,0.4667813780174178,0.6221664144350677
982.0,cex,0.0,0.1092404804450251,1.0
982.0,abs,0.15751353467249277,0.07483680027111647,0.4751134588320906
982.0,inel,0.0921373427015306,0.3490073026584577,3.787902846178566
982.0,pipro,0.7503491226259767,0.4669154166254007,0.6222642268059824
982.5,cex,0.0,0.10918509540692427,1.0
982.5,abs,0.15746075078026656,0.07480575069459057,0.4750755367537943
982.5,inel,0.09209265187128167,0.34895970031468926,3.789224147898704
982.5,pipro,0.7504465973484516,0.4670494535837959,0.6223620111464545
983.0,cex,0.0,0.10912972907123267,1.0
983.0,abs,0.15740796661187442,0.07477470757481865,0.47503763109520947
983.0,inel,0.09204796080720988,0.3489120744804541,3.790546487077905
983.0,pipro,0.7505440725809157,0.46718348887349453,0.6224597674417417
983.5,cex,0.0,0.10907438143900981,1.0
983.5,abs,0.15735518216731434,0.07474367091516126,0.4749997418940229
983.5,inel,0.09200326950931337,0.3488644251704371,3.7918698653977945
983.5,pipro,0.7506415483233723,0.46731752247539177,0.6225574956771164
984.0,cex,0.0,0.10901905251130914,1.0
984.0,abs,0.15730239744658406,0.07471264071897575,0.47496186918795236
984.0,inel,0.0919585779775903,0.3488167523993295,3.7931942845433504
984.0,pipro,0.7507390245758256,0.46745155437038555,0.6226551958378611
984.5,cex,0.0,0.10896374228917843,1.0
984.5,abs,0.15724961244968136,0.07468161698961615,0.47492401301474546
984.5,inel,0.09191388621203883,0.3487690561818282,3.794519746202904
984.5,pipro,0.7508365013382797,0.4675855845393773,0.6227528679092715
985.0,cex,0.0,0.10890845077365947,1.0
985.0,abs,0.15719682717660416,0.07465059973043336,0.4748861734121802
985.0,inel,0.09186919421265717,0.3487213365326367,3.795846252068161
985.0,pipro,0.7509339786107387,0.4677196129632704,0.6228505118766533
985.5,cex,0.0,0.10885317796578824,1.0
985.5,abs,0.15714404162735024,0.07461958894477497,0.4748483504180648
985.5,inel,0.09182450197944342,0.34867359346646387,3.7971738038341964
985.5,pipro,0.7510314563932065,0.4678536396229729,0.6229481277253262
986.0,cex,0.0,0.10879792386659465,1.0
986.0,abs,0.15709125580191743,0.07458858463598533,0.4748105440702379
986.0,inel,0.09177980951239577,0.34862582699802486,3.7985024031994694
986.0,pipro,0.7511289346856869,0.46798766449939516,0.6230457154406209
986.5,cex,0.0,0.1087338267268419,1.0
986.5,abs,0.15703846970030358,0.07454347561499891,0.47468289621810295
986.5,inel,0.09173511681151242,0.3485923058745582,3.799987594617759
986.5,pipro,0.7512264134881841,0.46813039178360105,0.6231548616746876
987.0,cex,0.0,0.1086635025438189,1.0
987.0,abs,0.1569856833225065,0.07448843136040087,0.4744918758443351
987.0,inel,0.09169042387679147,0.3485688158674901,3.8015836455928884
987.0,pipro,0.751323892800702,0.4682792502282901,0.6232721396396573
987.5,cex,0.0,0.1085932091782744,1.0
987.5,abs,0.1569328966685241,0.07443341769955457,0.4743009227490007
987.5,inel,0.09164573070823114,0.3485452803737097,3.8031807666345028
987.5,pipro,0.7514213726232448,0.4684280927484613,0.6233893655608416
988.0,cex,0.0,0.10852294663408571,1.0
988.0,abs,0.15688129678148363,0.07437843462803097,0.4741064496147746
988.0,inel,0.09159881269019834,0.3485216994181676,3.804871364402102
988.0,pipro,0.751519890528318,0.4685769193197157,0.623505678592627
988.5,cex,0.0,0.10845271491510713,1.0
988.5,abs,0.15682969584358467,0.0743234821413851,0.47391204670518655
988.5,inel,0.09155189371665579,0.3484980730258312,3.806563238379305
988.5,pipro,0.7516184104397595,0.46872572991767664,0.6236219382165386
989.0,cex,0.0,0.1083825140251692,1.0
989.0,abs,0.15677809385479513,0.07426856023515624,0.47371771405731183
989.0,inel,0.09150497378757426,0.34847440122168377,3.8082563908564735
989.0,pipro,0.7517169323576306,0.4688745245179908,0.6237381444201964
989.5,cex,0.0,0.10831234396807901,1.0
989.5,abs,0.15672649081508291,0.07421366890486787,0.47352345170817645
989.5,inel,0.09145805290292457,0.3484506840307259,3.8099508241289426
989.5,pipro,0.7518154562819924,0.4690233030963272,0.6238542971912578
990.0,cex,0.0,0.10824220474762078,1.0
990.0,abs,0.15667488672441596,0.07415880814602782,0.47332925969475764
990.0,inel,0.09141113106267752,0.3484269214779747,3.811646540497023
990.0,pipro,0.7519139822129066,0.4691720656283767,0.6239703965174161
990.5,cex,0.0,0.10817209636755461,1.0
990.5,abs,0.15662328158276206,0.07410397795412799,0.47313513805398305
990.5,inel,0.09136420826680393,0.34840311358846277,3.813343542266001
990.5,pipro,0.752012510150434,0.46932081208985466,0.624086442386405
991.0,cex,0.0,0.10810201883161794,1.0
991.0,abs,0.1565716753900892,0.07404917832464471,0.47294108682273145
991.0,inel,0.09131728451527463,0.34837926038724093,3.815041831746186
991.0,pipro,0.7521110400946363,0.4694695424564964,0.6242024347859915
991.5,cex,0.0,0.10803197214352436,1.0
991.5,abs,0.1565200681463652,0.07399440925303846,0.4727471060378324
991.5,inel,0.09127035980806036,0.3483553618993744,3.8167414112528792
991.5,pipro,0.7522095720455745,0.4696182567040628,0.624318373703984
992.0,cex,0.0,0.10796195630696435,1.0
992.0,abs,0.15646845985155802,0.07393967073475421,0.47255319573606686
992.0,inel,0.09122343414513197,0.3483314181499453,3.8184422831064135
992.0,pipro,0.75230810600331,0.46976695480833613,0.6244342591282265
992.5,cex,0.0,0.10789197132560516,1.0
992.5,abs,0.15641685050563547,0.07388496276522107,0.47235935595416617
992.5,inel,0.09117650752646024,0.3483074291640527,3.8201444496321684
992.5,pipro,0.7524066419679042,0.46991563674512105,0.6245500910465999
993.0,cex,0.0,0.10782201720309052,1.0
993.0,abs,0.15636524010856556,0.0738302853398526,0.4721655867288131
993.0,inel,0.091129579952016,0.3482833949668117,3.8218479131605707
993.0,pipro,0.7525051799394185,0.47006430249024517,0.6246658694470228
993.5,cex,0.0,0.10775209394304097,1.0
993.5,abs,0.15631362866031606,0.07377563845404674,0.4719718880966419
993.5,inel,0.09108265142177002,0.3482593155833529,3.823552676027106
993.5,pipro,0.7526037199179139,0.4702129520195594,0.6247815943174522
994.0,cex,0.0,0.107682201549054,1.0
994.0,abs,0.1562620161608549,0.07372102210318575,0.47177826009423757
994.0,inel,0.09103572193569313,0.3482351910388238,3.8252587405723455
994.0,pipro,0.752702261903452,0.47036158530893646,0.6248972656458803
994.5,cex,0.0,0.10761234002470342,1.0
994.5,abs,0.15621040261014993,0.07366643628263637,0.47158470275813646
994.5,inel,0.0909887914937561,0.3482110213583876,3.8269661091419462
994.5,pipro,0.752800805896094,0.47051020233427265,0.625012883420339
995.0,cex,0.0,0.10754250937354025,1.0
995.0,abs,0.15615878800816907,0.07361188098774966,0.4713912161248257
995.0,inel,0.09094186009592974,0.3481868065672236,3.8286747840866666
995.0,pipro,0.7528993518959012,0.4706588030714864,0.6251284476288957
995.5,cex,0.0,0.10747270959909187,1.0
995.5,abs,0.15610717235488022,0.07355735621386122,0.4711978002307443
995.5,inel,0.09089492774218484,0.34816254669052793,3.83038476776239
995.5,pipro,0.752997899902935,0.47080738749651896,0.6252439582596555
996.0,cex,0.0,0.1074029407048628,1.0
996.0,abs,0.1560555556502512,0.073502861956291,0.47100445511228217
996.0,inel,0.09084799443249218,0.3481382417535117,3.832096062530122
996.0,pipro,0.7530964499172567,0.47095595558533443,0.625359415300761
996.5,cex,0.0,0.10733320269433437,1.0
996.5,abs,0.15600393789424988,0.0734483982103435,0.470811180805781
996.5,inel,0.09080106016682256,0.34811389178140273,3.833808670756013
996.5,pipro,0.7531950019389275,0.47110450731391934,0.6254748187403912
997.0,cex,0.0,0.10726349557096429,1.0
997.0,abs,0.15595231908684423,0.07339396497130762,0.4706179773475325
997.0,inel,0.0907541249451468,0.34808949679944384,3.8355225948113603
997.0,pipro,0.7532935559680091,0.4712530426582842,0.6255901685667644
997.5,cex,0.0,0.10719381933818775,1.0
997.5,abs,0.15590069922800204,0.0733395622344569,0.47042484477378177
997.5,inel,0.09070718876743566,0.34806505683289485,3.837237837072644
997.5,pipro,0.7533921120045622,0.47140156159446056,0.6257054647681338
998.0,cex,0.0,0.10712417399941639,1.0
998.0,abs,0.15584907831769126,0.07328518999504935,0.4702317831207241
998.0,inel,0.09066025163365996,0.3480405719070309,3.8389543999215183
998.0,pipro,0.7534906700486489,0.47155006409850336,0.62582070733279
998.5,cex,0.0,0.1070545595580387,1.0
998.5,abs,0.1557974563558797,0.07323084824832744,0.4700387924245065
998.5,inel,0.09061331354379043,0.348016042047143,3.8406722857448345
998.5,pipro,0.75358923010033,0.47169855014649087,0.6259358962490623
999.0,cex,0.0,0.10698497601742024,1.0
999.0,abs,0.1557458333425352,0.07317653698951833,0.4698458727212277
999.0,inel,0.09056637449779789,0.3479914672785374,3.8423914969346464
999.0,pipro,0.7536877921596669,0.4718470197145241,0.6260510315053166
