# hA2018/hA2025 INTRANUKE pi+ FSI TGraph2D points (archival), extracted
# from hA_TGraphs_2D/TGraphs_{2018,2025}.root by scripts/extract_ha_tgraphs.py.
# model=2018: value = fate fraction(A, KE[MeV]).
# model=2025: value = log(cross section).
# The runtime table is ha_pion_fsi_weights_A40.csv.
model,graph,fate,A,KE,value
2018,TfracPipA_CEx,cex,1.0,0.0,0.157457
2018,TfracPipA_CEx,cex,1.0,50.0,0.214761
2018,TfracPipA_CEx,cex,1.0,100.0,0.391288
2018,TfracPipA_CEx,cex,1.0,150.0,0.44552
2018,TfracPipA_CEx,cex,1.0,200.0,0.506208
2018,TfracPipA_CEx,cex,1.0,250.0,0.544616
2018,TfracPipA_CEx,cex,1.0,300.0,0.56168
2018,TfracPipA_CEx,cex,1.0,350.0,0.570594
2018,TfracPipA_CEx,cex,1.0,400.0,0.285788
2018,TfracPipA_CEx,cex,1.0,450.0,0.0
2018,TfracPipA_CEx,cex,1.0,500.0,0.0
2018,TfracPipA_CEx,cex,1.0,550.0,0.0
2018,TfracPipA_CEx,cex,1.0,600.0,0.0
2018,TfracPipA_CEx,cex,1.0,650.0,0.0
2018,TfracPipA_CEx,cex,1.0,700.0,0.0
2018,TfracPipA_CEx,cex,1.0,750.0,0.0
2018,TfracPipA_CEx,cex,1.0,800.0,0.0
2018,TfracPipA_CEx,cex,1.0,850.0,0.0
2018,TfracPipA_CEx,cex,1.0,900.0,0.0
2018,TfracPipA_CEx,cex,1.0,950.0,0.0
2018,TfracPipA_CEx,cex,1.0,1000.0,0.0
2018,TfracPipA_CEx,cex,2.0,0.0,0.141891
2018,TfracPipA_CEx,cex,2.0,50.0,0.191423
2018,TfracPipA_CEx,cex,2.0,100.0,0.375092
2018,TfracPipA_CEx,cex,2.0,150.0,0.428576
2018,TfracPipA_CEx,cex,2.0,200.0,0.489624
2018,TfracPipA_CEx,cex,2.0,250.0,0.528956
2018,TfracPipA_CEx,cex,2.0,300.0,0.546154
2018,TfracPipA_CEx,cex,2.0,350.0,0.555517
2018,TfracPipA_CEx,cex,2.0,400.0,0.27834
2018,TfracPipA_CEx,cex,2.0,450.0,0.0
2018,TfracPipA_CEx,cex,2.0,500.0,0.0
2018,TfracPipA_CEx,cex,2.0,550.0,0.0
2018,TfracPipA_CEx,cex,2.0,600.0,0.0
2018,TfracPipA_CEx,cex,2.0,650.0,0.0
2018,TfracPipA_CEx,cex,2.0,700.0,0.0
2018,TfracPipA_CEx,cex,2.0,750.0,0.0
2018,TfracPipA_CEx,cex,2.0,800.0,0.0
2018,TfracPipA_CEx,cex,2.0,850.0,0.0
2018,TfracPipA_CEx,cex,2.0,900.0,0.0
2018,TfracPipA_CEx,cex,2.0,950.0,0.0
2018,TfracPipA_CEx,cex,2.0,1000.0,0.0
2018,TfracPipA_CEx,cex,2.0,70.0,0.0681377
2018,TfracPipA_CEx,cex,2.0,118.0,0.185496
2018,TfracPipA_CEx,cex,2.0,162.0,0.416405
2018,TfracPipA_CEx,cex,2.0,239.0,0.348199
2018,TfracPipA_CEx,cex,2.0,330.0,0.174507
2018,TfracPipA_CEx,cex,3.0,0.0,0.131378
2018,TfracPipA_CEx,cex,3.0,50.0,0.175946
2018,TfracPipA_CEx,cex,3.0,100.0,0.365331
2018,TfracPipA_CEx,cex,3.0,150.0,0.418307
2018,TfracPipA_CEx,cex,3.0,200.0,0.479484
2018,TfracPipA_CEx,cex,3.0,250.0,0.519317
2018,TfracPipA_CEx,cex,3.0,300.0,0.536579
2018,TfracPipA_CEx,cex,3.0,350.0,0.546201
2018,TfracPipA_CEx,cex,3.0,400.0,0.273735
2018,TfracPipA_CEx,cex,3.0,450.0,0.0
2018,TfracPipA_CEx,cex,3.0,500.0,0.0
2018,TfracPipA_CEx,cex,3.0,550.0,0.0
2018,TfracPipA_CEx,cex,3.0,600.0,0.0
2018,TfracPipA_CEx,cex,3.0,650.0,0.0
2018,TfracPipA_CEx,cex,3.0,700.0,0.0
2018,TfracPipA_CEx,cex,3.0,750.0,0.0
2018,TfracPipA_CEx,cex,3.0,800.0,0.0
2018,TfracPipA_CEx,cex,3.0,850.0,0.0
2018,TfracPipA_CEx,cex,3.0,900.0,0.0
2018,TfracPipA_CEx,cex,3.0,950.0,0.0
2018,TfracPipA_CEx,cex,3.0,1000.0,0.0
2018,TfracPipA_CEx,cex,3.0,70.0,0.0390245
2018,TfracPipA_CEx,cex,3.0,118.0,0.105508
2018,TfracPipA_CEx,cex,3.0,162.0,0.228133
2018,TfracPipA_CEx,cex,3.0,239.0,0.251708
2018,TfracPipA_CEx,cex,3.0,330.0,0.136151
2018,TfracPipA_CEx,cex,4.0,0.0,0.123401
2018,TfracPipA_CEx,cex,4.0,50.0,0.164352
2018,TfracPipA_CEx,cex,4.0,100.0,0.35829
2018,TfracPipA_CEx,cex,4.0,150.0,0.410874
2018,TfracPipA_CEx,cex,4.0,200.0,0.472102
2018,TfracPipA_CEx,cex,4.0,250.0,0.512268
2018,TfracPipA_CEx,cex,4.0,300.0,0.529569
2018,TfracPipA_CEx,cex,4.0,350.0,0.539371
2018,TfracPipA_CEx,cex,4.0,400.0,0.270358
2018,TfracPipA_CEx,cex,4.0,450.0,0.0
2018,TfracPipA_CEx,cex,4.0,500.0,0.0
2018,TfracPipA_CEx,cex,4.0,550.0,0.0
2018,TfracPipA_CEx,cex,4.0,600.0,0.0
2018,TfracPipA_CEx,cex,4.0,650.0,0.0
2018,TfracPipA_CEx,cex,4.0,700.0,0.0
2018,TfracPipA_CEx,cex,4.0,750.0,0.0
2018,TfracPipA_CEx,cex,4.0,800.0,0.0
2018,TfracPipA_CEx,cex,4.0,850.0,0.0
2018,TfracPipA_CEx,cex,4.0,900.0,0.0
2018,TfracPipA_CEx,cex,4.0,950.0,0.0
2018,TfracPipA_CEx,cex,4.0,1000.0,0.0
2018,TfracPipA_CEx,cex,4.0,70.0,0.0695104
2018,TfracPipA_CEx,cex,4.0,118.0,0.118394
2018,TfracPipA_CEx,cex,4.0,162.0,0.215679
2018,TfracPipA_CEx,cex,4.0,239.0,0.304381
2018,TfracPipA_CEx,cex,4.0,330.0,0.232212
2018,TfracPipA_CEx,cex,7.0,85.0,0.119
2018,TfracPipA_CEx,cex,7.0,125.0,0.101
2018,TfracPipA_CEx,cex,7.0,165.0,0.093
2018,TfracPipA_CEx,cex,7.0,205.0,0.117
2018,TfracPipA_CEx,cex,7.0,245.0,0.127
2018,TfracPipA_CEx,cex,7.0,0.0,0.107042
2018,TfracPipA_CEx,cex,7.0,50.0,0.140973
2018,TfracPipA_CEx,cex,7.0,100.0,0.344354
2018,TfracPipA_CEx,cex,7.0,150.0,0.396092
2018,TfracPipA_CEx,cex,7.0,200.0,0.457315
2018,TfracPipA_CEx,cex,7.0,250.0,0.498071
2018,TfracPipA_CEx,cex,7.0,300.0,0.515428
2018,TfracPipA_CEx,cex,7.0,350.0,0.52557
2018,TfracPipA_CEx,cex,7.0,400.0,0.26353
2018,TfracPipA_CEx,cex,7.0,450.0,0.0
2018,TfracPipA_CEx,cex,7.0,500.0,0.0
2018,TfracPipA_CEx,cex,7.0,550.0,0.0
2018,TfracPipA_CEx,cex,7.0,600.0,0.0
2018,TfracPipA_CEx,cex,7.0,650.0,0.0
2018,TfracPipA_CEx,cex,7.0,700.0,0.0
2018,TfracPipA_CEx,cex,7.0,750.0,0.0
2018,TfracPipA_CEx,cex,7.0,800.0,0.0
2018,TfracPipA_CEx,cex,7.0,850.0,0.0
2018,TfracPipA_CEx,cex,7.0,900.0,0.0
2018,TfracPipA_CEx,cex,7.0,950.0,0.0
2018,TfracPipA_CEx,cex,7.0,1000.0,0.0
2018,TfracPipA_CEx,cex,9.0,0.0,0.0995144
2018,TfracPipA_CEx,cex,9.0,50.0,0.130388
2018,TfracPipA_CEx,cex,9.0,100.0,0.338005
2018,TfracPipA_CEx,cex,9.0,150.0,0.389328
2018,TfracPipA_CEx,cex,9.0,200.0,0.450501
2018,TfracPipA_CEx,cex,9.0,250.0,0.491493
2018,TfracPipA_CEx,cex,9.0,300.0,0.508866
2018,TfracPipA_CEx,cex,9.0,350.0,0.519155
2018,TfracPipA_CEx,cex,9.0,400.0,0.260355
2018,TfracPipA_CEx,cex,9.0,450.0,0.0
2018,TfracPipA_CEx,cex,9.0,500.0,0.0
2018,TfracPipA_CEx,cex,9.0,550.0,0.0
2018,TfracPipA_CEx,cex,9.0,600.0,0.0
2018,TfracPipA_CEx,cex,9.0,650.0,0.0
2018,TfracPipA_CEx,cex,9.0,700.0,0.0
2018,TfracPipA_CEx,cex,9.0,750.0,0.0
2018,TfracPipA_CEx,cex,9.0,800.0,0.0
2018,TfracPipA_CEx,cex,9.0,850.0,0.0
2018,TfracPipA_CEx,cex,9.0,900.0,0.0
2018,TfracPipA_CEx,cex,9.0,950.0,0.0
2018,TfracPipA_CEx,cex,9.0,1000.0,0.0
2018,TfracPipA_CEx,cex,9.0,100.0,0.264797
2018,TfracPipA_CEx,cex,12.0,165.0,0.069
2018,TfracPipA_CEx,cex,12.0,205.0,0.072
2018,TfracPipA_CEx,cex,12.0,245.0,0.085
2018,TfracPipA_CEx,cex,12.0,315.0,0.101
2018,TfracPipA_CEx,cex,12.0,0.0,0.0909091
2018,TfracPipA_CEx,cex,12.0,50.0,0.118421
2018,TfracPipA_CEx,cex,12.0,100.0,0.330679
2018,TfracPipA_CEx,cex,12.0,150.0,0.381499
2018,TfracPipA_CEx,cex,12.0,200.0,0.442577
2018,TfracPipA_CEx,cex,12.0,250.0,0.483815
2018,TfracPipA_CEx,cex,12.0,300.0,0.501199
2018,TfracPipA_CEx,cex,12.0,350.0,0.51165
2018,TfracPipA_CEx,cex,12.0,400.0,0.256639
2018,TfracPipA_CEx,cex,12.0,450.0,0.0
2018,TfracPipA_CEx,cex,12.0,500.0,0.0
2018,TfracPipA_CEx,cex,12.0,550.0,0.0
2018,TfracPipA_CEx,cex,12.0,600.0,0.0
2018,TfracPipA_CEx,cex,12.0,650.0,0.0
2018,TfracPipA_CEx,cex,12.0,700.0,0.0
2018,TfracPipA_CEx,cex,12.0,750.0,0.0
2018,TfracPipA_CEx,cex,12.0,800.0,0.0
2018,TfracPipA_CEx,cex,12.0,850.0,0.0
2018,TfracPipA_CEx,cex,12.0,900.0,0.0
2018,TfracPipA_CEx,cex,12.0,950.0,0.0
2018,TfracPipA_CEx,cex,12.0,1000.0,0.0
2018,TfracPipA_CEx,cex,12.0,85.0,0.07125
2018,TfracPipA_CEx,cex,12.0,125.0,0.063
2018,TfracPipA_CEx,cex,16.0,0.0,0.0824374
2018,TfracPipA_CEx,cex,16.0,50.0,0.106775
2018,TfracPipA_CEx,cex,16.0,100.0,0.323299
2018,TfracPipA_CEx,cex,16.0,150.0,0.373588
2018,TfracPipA_CEx,cex,16.0,200.0,0.434528
2018,TfracPipA_CEx,cex,16.0,250.0,0.475984
2018,TfracPipA_CEx,cex,16.0,300.0,0.49337
2018,TfracPipA_CEx,cex,16.0,350.0,0.503978
2018,TfracPipA_CEx,cex,16.0,400.0,0.252838
2018,TfracPipA_CEx,cex,16.0,450.0,0.0
2018,TfracPipA_CEx,cex,16.0,500.0,0.0
2018,TfracPipA_CEx,cex,16.0,550.0,0.0
2018,TfracPipA_CEx,cex,16.0,600.0,0.0
2018,TfracPipA_CEx,cex,16.0,650.0,0.0
2018,TfracPipA_CEx,cex,16.0,700.0,0.0
2018,TfracPipA_CEx,cex,16.0,750.0,0.0
2018,TfracPipA_CEx,cex,16.0,800.0,0.0
2018,TfracPipA_CEx,cex,16.0,850.0,0.0
2018,TfracPipA_CEx,cex,16.0,900.0,0.0
2018,TfracPipA_CEx,cex,16.0,950.0,0.0
2018,TfracPipA_CEx,cex,16.0,1000.0,0.0
2018,TfracPipA_CEx,cex,16.0,100.0,0.253484
2018,TfracPipA_CEx,cex,27.0,85.0,0.054
2018,TfracPipA_CEx,cex,27.0,125.0,0.051
2018,TfracPipA_CEx,cex,27.0,165.0,0.064
2018,TfracPipA_CEx,cex,27.0,205.0,0.054
2018,TfracPipA_CEx,cex,27.0,245.0,0.067
2018,TfracPipA_CEx,cex,27.0,315.0,0.09
2018,TfracPipA_CEx,cex,48.0,0.0,0.0532357
2018,TfracPipA_CEx,cex,48.0,50.0,0.0676257
2018,TfracPipA_CEx,cex,48.0,100.0,0.294792
2018,TfracPipA_CEx,cex,48.0,150.0,0.342787
2018,TfracPipA_CEx,cex,48.0,200.0,0.402786
2018,TfracPipA_CEx,cex,48.0,250.0,0.44479
2018,TfracPipA_CEx,cex,48.0,300.0,0.462094
2018,TfracPipA_CEx,cex,48.0,350.0,0.47323
2018,TfracPipA_CEx,cex,48.0,400.0,0.237594
2018,TfracPipA_CEx,cex,48.0,450.0,0.0
2018,TfracPipA_CEx,cex,48.0,500.0,0.0
2018,TfracPipA_CEx,cex,48.0,550.0,0.0
2018,TfracPipA_CEx,cex,48.0,600.0,0.0
2018,TfracPipA_CEx,cex,48.0,650.0,0.0
2018,TfracPipA_CEx,cex,48.0,700.0,0.0
2018,TfracPipA_CEx,cex,48.0,750.0,0.0
2018,TfracPipA_CEx,cex,48.0,800.0,0.0
2018,TfracPipA_CEx,cex,48.0,850.0,0.0
2018,TfracPipA_CEx,cex,48.0,900.0,0.0
2018,TfracPipA_CEx,cex,48.0,950.0,0.0
2018,TfracPipA_CEx,cex,48.0,1000.0,0.0
2018,TfracPipA_CEx,cex,56.0,85.0,0.042
2018,TfracPipA_CEx,cex,56.0,165.0,0.056
2018,TfracPipA_CEx,cex,56.0,245.0,0.059
2018,TfracPipA_CEx,cex,56.0,315.0,0.07
2018,TfracPipA_CEx,cex,56.0,0.0,0.0497015
2018,TfracPipA_CEx,cex,56.0,50.0,0.0629895
2018,TfracPipA_CEx,cex,56.0,100.0,0.290772
2018,TfracPipA_CEx,cex,56.0,150.0,0.338412
2018,TfracPipA_CEx,cex,56.0,200.0,0.398225
2018,TfracPipA_CEx,cex,56.0,250.0,0.440265
2018,TfracPipA_CEx,cex,56.0,300.0,0.457546
2018,TfracPipA_CEx,cex,56.0,350.0,0.468746
2018,TfracPipA_CEx,cex,56.0,400.0,0.235368
2018,TfracPipA_CEx,cex,56.0,450.0,0.0
2018,TfracPipA_CEx,cex,56.0,500.0,0.0
2018,TfracPipA_CEx,cex,56.0,550.0,0.0
2018,TfracPipA_CEx,cex,56.0,600.0,0.0
2018,TfracPipA_CEx,cex,56.0,650.0,0.0
2018,TfracPipA_CEx,cex,56.0,700.0,0.0
2018,TfracPipA_CEx,cex,56.0,750.0,0.0
2018,TfracPipA_CEx,cex,56.0,800.0,0.0
2018,TfracPipA_CEx,cex,56.0,850.0,0.0
2018,TfracPipA_CEx,cex,56.0,900.0,0.0
2018,TfracPipA_CEx,cex,56.0,950.0,0.0
2018,TfracPipA_CEx,cex,56.0,1000.0,0.0
2018,TfracPipA_CEx,cex,56.0,125.0,0.0473
2018,TfracPipA_CEx,cex,56.0,205.0,0.0517
2018,TfracPipA_CEx,cex,58.0,0.0,0.0489193
2018,TfracPipA_CEx,cex,58.0,50.0,0.0619663
2018,TfracPipA_CEx,cex,58.0,100.0,0.289856
2018,TfracPipA_CEx,cex,58.0,150.0,0.337415
2018,TfracPipA_CEx,cex,58.0,200.0,0.397183
2018,TfracPipA_CEx,cex,58.0,250.0,0.439231
2018,TfracPipA_CEx,cex,58.0,300.0,0.456505
2018,TfracPipA_CEx,cex,58.0,350.0,0.467719
2018,TfracPipA_CEx,cex,58.0,400.0,0.234859
2018,TfracPipA_CEx,cex,58.0,450.0,0.0
2018,TfracPipA_CEx,cex,58.0,500.0,0.0
2018,TfracPipA_CEx,cex,58.0,550.0,0.0
2018,TfracPipA_CEx,cex,58.0,600.0,0.0
2018,TfracPipA_CEx,cex,58.0,650.0,0.0
2018,TfracPipA_CEx,cex,58.0,700.0,0.0
2018,TfracPipA_CEx,cex,58.0,750.0,0.0
2018,TfracPipA_CEx,cex,58.0,800.0,0.0
2018,TfracPipA_CEx,cex,58.0,850.0,0.0
2018,TfracPipA_CEx,cex,58.0,900.0,0.0
2018,TfracPipA_CEx,cex,58.0,950.0,0.0
2018,TfracPipA_CEx,cex,58.0,1000.0,0.0
2018,TfracPipA_CEx,cex,58.0,100.0,0.151753
2018,TfracPipA_CEx,cex,63.0,0.0,0.0471091
2018,TfracPipA_CEx,cex,63.0,50.0,0.0596025
2018,TfracPipA_CEx,cex,63.0,100.0,0.2877
2018,TfracPipA_CEx,cex,63.0,150.0,0.335064
2018,TfracPipA_CEx,cex,63.0,200.0,0.394725
2018,TfracPipA_CEx,cex,63.0,250.0,0.436786
2018,TfracPipA_CEx,cex,63.0,300.0,0.454046
2018,TfracPipA_CEx,cex,63.0,350.0,0.465293
2018,TfracPipA_CEx,cex,63.0,400.0,0.233655
2018,TfracPipA_CEx,cex,63.0,450.0,0.0
2018,TfracPipA_CEx,cex,63.0,500.0,0.0
2018,TfracPipA_CEx,cex,63.0,550.0,0.0
2018,TfracPipA_CEx,cex,63.0,600.0,0.0
2018,TfracPipA_CEx,cex,63.0,650.0,0.0
2018,TfracPipA_CEx,cex,63.0,700.0,0.0
2018,TfracPipA_CEx,cex,63.0,750.0,0.0
2018,TfracPipA_CEx,cex,63.0,800.0,0.0
2018,TfracPipA_CEx,cex,63.0,850.0,0.0
2018,TfracPipA_CEx,cex,63.0,900.0,0.0
2018,TfracPipA_CEx,cex,63.0,950.0,0.0
2018,TfracPipA_CEx,cex,63.0,1000.0,0.0
2018,TfracPipA_CEx,cex,93.0,85.0,0.039
2018,TfracPipA_CEx,cex,93.0,125.0,0.041
2018,TfracPipA_CEx,cex,93.0,165.0,0.052
2018,TfracPipA_CEx,cex,93.0,205.0,0.054
2018,TfracPipA_CEx,cex,93.0,245.0,0.076
2018,TfracPipA_CEx,cex,93.0,315.0,0.077
2018,TfracPipA_CEx,cex,93.0,0.0,0.0392173
2018,TfracPipA_CEx,cex,93.0,50.0,0.0493622
2018,TfracPipA_CEx,cex,93.0,100.0,0.277548
2018,TfracPipA_CEx,cex,93.0,150.0,0.323967
2018,TfracPipA_CEx,cex,93.0,200.0,0.383069
2018,TfracPipA_CEx,cex,93.0,250.0,0.425156
2018,TfracPipA_CEx,cex,93.0,300.0,0.442336
2018,TfracPipA_CEx,cex,93.0,350.0,0.453725
2018,TfracPipA_CEx,cex,93.0,400.0,0.227911
2018,TfracPipA_CEx,cex,93.0,450.0,0.0
2018,TfracPipA_CEx,cex,93.0,500.0,0.0
2018,TfracPipA_CEx,cex,93.0,550.0,0.0
2018,TfracPipA_CEx,cex,93.0,600.0,0.0
2018,TfracPipA_CEx,cex,93.0,650.0,0.0
2018,TfracPipA_CEx,cex,93.0,700.0,0.0
2018,TfracPipA_CEx,cex,93.0,750.0,0.0
2018,TfracPipA_CEx,cex,93.0,800.0,0.0
2018,TfracPipA_CEx,cex,93.0,850.0,0.0
2018,TfracPipA_CEx,cex,93.0,900.0,0.0
2018,TfracPipA_CEx,cex,93.0,950.0,0.0
2018,TfracPipA_CEx,cex,93.0,1000.0,0.0
2018,TfracPipA_CEx,cex,120.0,0.0,0.0346183
2018,TfracPipA_CEx,cex,120.0,50.0,0.0434432
2018,TfracPipA_CEx,cex,120.0,100.0,0.270919
2018,TfracPipA_CEx,cex,120.0,150.0,0.316693
2018,TfracPipA_CEx,cex,120.0,200.0,0.375383
2018,TfracPipA_CEx,cex,120.0,250.0,0.417449
2018,TfracPipA_CEx,cex,120.0,300.0,0.434563
2018,TfracPipA_CEx,cex,120.0,350.0,0.446035
2018,TfracPipA_CEx,cex,120.0,400.0,0.224091
2018,TfracPipA_CEx,cex,120.0,450.0,0.0
2018,TfracPipA_CEx,cex,120.0,500.0,0.0
2018,TfracPipA_CEx,cex,120.0,550.0,0.0
2018,TfracPipA_CEx,cex,120.0,600.0,0.0
2018,TfracPipA_CEx,cex,120.0,650.0,0.0
2018,TfracPipA_CEx,cex,120.0,700.0,0.0
2018,TfracPipA_CEx,cex,120.0,750.0,0.0
2018,TfracPipA_CEx,cex,120.0,800.0,0.0
2018,TfracPipA_CEx,cex,120.0,850.0,0.0
2018,TfracPipA_CEx,cex,120.0,900.0,0.0
2018,TfracPipA_CEx,cex,120.0,950.0,0.0
2018,TfracPipA_CEx,cex,120.0,1000.0,0.0
2018,TfracPipA_CEx,cex,165.0,0.0,0.0294849
2018,TfracPipA_CEx,cex,165.0,50.0,0.036878
2018,TfracPipA_CEx,cex,165.0,100.0,0.262666
2018,TfracPipA_CEx,cex,165.0,150.0,0.307608
2018,TfracPipA_CEx,cex,165.0,200.0,0.365728
2018,TfracPipA_CEx,cex,165.0,250.0,0.407724
2018,TfracPipA_CEx,cex,165.0,300.0,0.424744
2018,TfracPipA_CEx,cex,165.0,350.0,0.436306
2018,TfracPipA_CEx,cex,165.0,400.0,0.219256
2018,TfracPipA_CEx,cex,165.0,450.0,0.0
2018,TfracPipA_CEx,cex,165.0,500.0,0.0
2018,TfracPipA_CEx,cex,165.0,550.0,0.0
2018,TfracPipA_CEx,cex,165.0,600.0,0.0
2018,TfracPipA_CEx,cex,165.0,650.0,0.0
2018,TfracPipA_CEx,cex,165.0,700.0,0.0
2018,TfracPipA_CEx,cex,165.0,750.0,0.0
2018,TfracPipA_CEx,cex,165.0,800.0,0.0
2018,TfracPipA_CEx,cex,165.0,850.0,0.0
2018,TfracPipA_CEx,cex,165.0,900.0,0.0
2018,TfracPipA_CEx,cex,165.0,950.0,0.0
2018,TfracPipA_CEx,cex,165.0,1000.0,0.0
2018,TfracPipA_CEx,cex,181.0,0.0,0.0281161
2018,TfracPipA_CEx,cex,181.0,50.0,0.0351348
2018,TfracPipA_CEx,cex,181.0,100.0,0.260275
2018,TfracPipA_CEx,cex,181.0,150.0,0.30497
2018,TfracPipA_CEx,cex,181.0,200.0,0.362913
2018,TfracPipA_CEx,cex,181.0,250.0,0.40488
2018,TfracPipA_CEx,cex,181.0,300.0,0.42187
2018,TfracPipA_CEx,cex,181.0,350.0,0.433455
2018,TfracPipA_CEx,cex,181.0,400.0,0.217839
2018,TfracPipA_CEx,cex,181.0,450.0,0.0
2018,TfracPipA_CEx,cex,181.0,500.0,0.0
2018,TfracPipA_CEx,cex,181.0,550.0,0.0
2018,TfracPipA_CEx,cex,181.0,600.0,0.0
2018,TfracPipA_CEx,cex,181.0,650.0,0.0
2018,TfracPipA_CEx,cex,181.0,700.0,0.0
2018,TfracPipA_CEx,cex,181.0,750.0,0.0
2018,TfracPipA_CEx,cex,181.0,800.0,0.0
2018,TfracPipA_CEx,cex,181.0,850.0,0.0
2018,TfracPipA_CEx,cex,181.0,900.0,0.0
2018,TfracPipA_CEx,cex,181.0,950.0,0.0
2018,TfracPipA_CEx,cex,181.0,1000.0,0.0
2018,TfracPipA_CEx,cex,209.0,85.0,0.034
2018,TfracPipA_CEx,cex,209.0,125.0,0.04
2018,TfracPipA_CEx,cex,209.0,165.0,0.049
2018,TfracPipA_CEx,cex,209.0,245.0,0.072
2018,TfracPipA_CEx,cex,209.0,315.0,0.087
2018,TfracPipA_CEx,cex,209.0,0.0,0.0260947
2018,TfracPipA_CEx,cex,209.0,50.0,0.0325661
2018,TfracPipA_CEx,cex,209.0,100.0,0.256567
2018,TfracPipA_CEx,cex,209.0,150.0,0.300873
2018,TfracPipA_CEx,cex,209.0,200.0,0.358533
2018,TfracPipA_CEx,cex,209.0,250.0,0.400446
2018,TfracPipA_CEx,cex,209.0,300.0,0.417386
2018,TfracPipA_CEx,cex,209.0,350.0,0.429005
2018,TfracPipA_CEx,cex,209.0,400.0,0.215626
2018,TfracPipA_CEx,cex,209.0,450.0,0.0
2018,TfracPipA_CEx,cex,209.0,500.0,0.0
2018,TfracPipA_CEx,cex,209.0,550.0,0.0
2018,TfracPipA_CEx,cex,209.0,600.0,0.0
2018,TfracPipA_CEx,cex,209.0,650.0,0.0
2018,TfracPipA_CEx,cex,209.0,700.0,0.0
2018,TfracPipA_CEx,cex,209.0,750.0,0.0
2018,TfracPipA_CEx,cex,209.0,800.0,0.0
2018,TfracPipA_CEx,cex,209.0,850.0,0.0
2018,TfracPipA_CEx,cex,209.0,900.0,0.0
2018,TfracPipA_CEx,cex,209.0,950.0,0.0
2018,TfracPipA_CEx,cex,209.0,1000.0,0.0
2018,TfracPipA_CEx,cex,209.0,205.0,0.0646
2018,TfracPipA_Abs,abs,1.0,0.0,0.212717
2018,TfracPipA_Abs,abs,1.0,50.0,0.236405
2018,TfracPipA_Abs,abs,1.0,100.0,0.324947
2018,TfracPipA_Abs,abs,1.0,150.0,0.29751
2018,TfracPipA_Abs,abs,1.0,200.0,0.254892
2018,TfracPipA_Abs,abs,1.0,250.0,0.222797
2018,TfracPipA_Abs,abs,1.0,300.0,0.213938
2018,TfracPipA_Abs,abs,1.0,350.0,0.204243
2018,TfracPipA_Abs,abs,1.0,400.0,0.201362
2018,TfracPipA_Abs,abs,1.0,450.0,0.195107
2018,TfracPipA_Abs,abs,1.0,500.0,0.183453
2018,TfracPipA_Abs,abs,1.0,550.0,0.168089
2018,TfracPipA_Abs,abs,1.0,600.0,0.150035
2018,TfracPipA_Abs,abs,1.0,650.0,0.133776
2018,TfracPipA_Abs,abs,1.0,700.0,0.121903
2018,TfracPipA_Abs,abs,1.0,750.0,0.113672
2018,TfracPipA_Abs,abs,1.0,800.0,0.108236
2018,TfracPipA_Abs,abs,1.0,850.0,0.101737
2018,TfracPipA_Abs,abs,1.0,900.0,0.0964136
2018,TfracPipA_Abs,abs,1.0,950.0,0.091367
2018,TfracPipA_Abs,abs,1.0,1000.0,0.0882017
2018,TfracPipA_Abs,abs,2.0,0.0,0.290546
2018,TfracPipA_Abs,abs,2.0,50.0,0.319384
2018,TfracPipA_Abs,abs,2.0,100.0,0.35289
2018,TfracPipA_Abs,abs,2.0,150.0,0.324227
2018,TfracPipA_Abs,abs,2.0,200.0,0.279303
2018,TfracPipA_Abs,abs,2.0,250.0,0.245146
2018,TfracPipA_Abs,abs,2.0,300.0,0.235667
2018,TfracPipA_Abs,abs,2.0,350.0,0.225269
2018,TfracPipA_Abs,abs,2.0,400.0,0.222175
2018,TfracPipA_Abs,abs,2.0,450.0,0.215448
2018,TfracPipA_Abs,abs,2.0,500.0,0.202885
2018,TfracPipA_Abs,abs,2.0,550.0,0.186264
2018,TfracPipA_Abs,abs,2.0,600.0,0.166649
2018,TfracPipA_Abs,abs,2.0,650.0,0.148906
2018,TfracPipA_Abs,abs,2.0,700.0,0.1359
2018,TfracPipA_Abs,abs,2.0,750.0,0.126861
2018,TfracPipA_Abs,abs,2.0,800.0,0.12088
2018,TfracPipA_Abs,abs,2.0,850.0,0.113719
2018,TfracPipA_Abs,abs,2.0,900.0,0.107844
2018,TfracPipA_Abs,abs,2.0,950.0,0.102267
2018,TfracPipA_Abs,abs,2.0,1000.0,0.0987647
2018,TfracPipA_Abs,abs,3.0,0.0,0.343112
2018,TfracPipA_Abs,abs,3.0,50.0,0.374415
2018,TfracPipA_Abs,abs,3.0,100.0,0.369729
2018,TfracPipA_Abs,abs,3.0,150.0,0.340418
2018,TfracPipA_Abs,abs,3.0,200.0,0.294228
2018,TfracPipA_Abs,abs,3.0,250.0,0.258901
2018,TfracPipA_Abs,abs,3.0,300.0,0.249066
2018,TfracPipA_Abs,abs,3.0,350.0,0.238262
2018,TfracPipA_Abs,abs,3.0,400.0,0.235043
2018,TfracPipA_Abs,abs,3.0,450.0,0.22804
2018,TfracPipA_Abs,abs,3.0,500.0,0.214944
2018,TfracPipA_Abs,abs,3.0,550.0,0.197581
2018,TfracPipA_Abs,abs,3.0,600.0,0.177033
2018,TfracPipA_Abs,abs,3.0,650.0,0.158394
2018,TfracPipA_Abs,abs,3.0,700.0,0.144701
2018,TfracPipA_Abs,abs,3.0,750.0,0.135168
2018,TfracPipA_Abs,abs,3.0,800.0,0.128853
2018,TfracPipA_Abs,abs,3.0,850.0,0.121285
2018,TfracPipA_Abs,abs,3.0,900.0,0.115069
2018,TfracPipA_Abs,abs,3.0,950.0,0.109164
2018,TfracPipA_Abs,abs,3.0,1000.0,0.105454
2018,TfracPipA_Abs,abs,4.0,0.0,0.382997
2018,TfracPipA_Abs,abs,4.0,50.0,0.415636
2018,TfracPipA_Abs,abs,4.0,100.0,0.381876
2018,TfracPipA_Abs,abs,4.0,150.0,0.352139
2018,TfracPipA_Abs,abs,4.0,200.0,0.305094
2018,TfracPipA_Abs,abs,4.0,250.0,0.26896
2018,TfracPipA_Abs,abs,4.0,300.0,0.258877
2018,TfracPipA_Abs,abs,4.0,350.0,0.247787
2018,TfracPipA_Abs,abs,4.0,400.0,0.244481
2018,TfracPipA_Abs,abs,4.0,450.0,0.237284
2018,TfracPipA_Abs,abs,4.0,500.0,0.223811
2018,TfracPipA_Abs,abs,4.0,550.0,0.205919
2018,TfracPipA_Abs,abs,4.0,600.0,0.184704
2018,TfracPipA_Abs,abs,4.0,650.0,0.165419
2018,TfracPipA_Abs,abs,4.0,700.0,0.151228
2018,TfracPipA_Abs,abs,4.0,750.0,0.141337
2018,TfracPipA_Abs,abs,4.0,800.0,0.134778
2018,TfracPipA_Abs,abs,4.0,850.0,0.126913
2018,TfracPipA_Abs,abs,4.0,900.0,0.120448
2018,TfracPipA_Abs,abs,4.0,950.0,0.114303
2018,TfracPipA_Abs,abs,4.0,1000.0,0.110439
2018,TfracPipA_Abs,abs,7.0,85.0,0.169
2018,TfracPipA_Abs,abs,7.0,165.0,0.251
2018,TfracPipA_Abs,abs,7.0,0.0,0.464789
2018,TfracPipA_Abs,abs,7.0,50.0,0.498764
2018,TfracPipA_Abs,abs,7.0,100.0,0.405918
2018,TfracPipA_Abs,abs,7.0,150.0,0.375447
2018,TfracPipA_Abs,abs,7.0,200.0,0.326859
2018,TfracPipA_Abs,abs,7.0,250.0,0.28922
2018,TfracPipA_Abs,abs,7.0,300.0,0.278667
2018,TfracPipA_Abs,abs,7.0,350.0,0.267035
2018,TfracPipA_Abs,abs,7.0,400.0,0.263562
2018,TfracPipA_Abs,abs,7.0,450.0,0.255994
2018,TfracPipA_Abs,abs,7.0,500.0,0.241795
2018,TfracPipA_Abs,abs,7.0,550.0,0.222878
2018,TfracPipA_Abs,abs,7.0,600.0,0.200357
2018,TfracPipA_Abs,abs,7.0,650.0,0.179798
2018,TfracPipA_Abs,abs,7.0,700.0,0.164617
2018,TfracPipA_Abs,abs,7.0,750.0,0.154008
2018,TfracPipA_Abs,abs,7.0,800.0,0.146963
2018,TfracPipA_Abs,abs,7.0,850.0,0.1385
2018,TfracPipA_Abs,abs,7.0,900.0,0.131534
2018,TfracPipA_Abs,abs,7.0,950.0,0.124904
2018,TfracPipA_Abs,abs,7.0,1000.0,0.120731
2018,TfracPipA_Abs,abs,7.0,125.0,0.2278
2018,TfracPipA_Abs,abs,7.0,205.0,0.2432
2018,TfracPipA_Abs,abs,7.0,245.0,0.214
2018,TfracPipA_Abs,abs,9.0,0.0,0.502428
2018,TfracPipA_Abs,abs,9.0,50.0,0.536397
2018,TfracPipA_Abs,abs,9.0,100.0,0.416872
2018,TfracPipA_Abs,abs,9.0,150.0,0.386113
2018,TfracPipA_Abs,abs,9.0,200.0,0.336889
2018,TfracPipA_Abs,abs,9.0,250.0,0.298607
2018,TfracPipA_Abs,abs,9.0,300.0,0.28785
2018,TfracPipA_Abs,abs,9.0,350.0,0.275981
2018,TfracPipA_Abs,abs,9.0,400.0,0.272435
2018,TfracPipA_Abs,abs,9.0,450.0,0.264704
2018,TfracPipA_Abs,abs,9.0,500.0,0.250185
2018,TfracPipA_Abs,abs,9.0,550.0,0.230812
2018,TfracPipA_Abs,abs,9.0,600.0,0.207703
2018,TfracPipA_Abs,abs,9.0,650.0,0.186566
2018,TfracPipA_Abs,abs,9.0,700.0,0.170933
2018,TfracPipA_Abs,abs,9.0,750.0,0.159995
2018,TfracPipA_Abs,abs,9.0,800.0,0.152725
2018,TfracPipA_Abs,abs,9.0,850.0,0.143987
2018,TfracPipA_Abs,abs,9.0,900.0,0.136789
2018,TfracPipA_Abs,abs,9.0,950.0,0.129932
2018,TfracPipA_Abs,abs,9.0,1000.0,0.125616
2018,TfracPipA_Abs,abs,12.0,85.0,0.234
2018,TfracPipA_Abs,abs,12.0,125.0,0.26
2018,TfracPipA_Abs,abs,12.0,165.0,0.29
2018,TfracPipA_Abs,abs,12.0,205.0,0.251
2018,TfracPipA_Abs,abs,12.0,0.0,0.545455
2018,TfracPipA_Abs,abs,12.0,50.0,0.578947
2018,TfracPipA_Abs,abs,12.0,100.0,0.429511
2018,TfracPipA_Abs,abs,12.0,150.0,0.398457
2018,TfracPipA_Abs,abs,12.0,200.0,0.348553
2018,TfracPipA_Abs,abs,12.0,250.0,0.309565
2018,TfracPipA_Abs,abs,12.0,300.0,0.298581
2018,TfracPipA_Abs,abs,12.0,350.0,0.286447
2018,TfracPipA_Abs,abs,12.0,400.0,0.28282
2018,TfracPipA_Abs,abs,12.0,450.0,0.274905
2018,TfracPipA_Abs,abs,12.0,500.0,0.260024
2018,TfracPipA_Abs,abs,12.0,550.0,0.240133
2018,TfracPipA_Abs,abs,12.0,600.0,0.216353
2018,TfracPipA_Abs,abs,12.0,650.0,0.194553
2018,TfracPipA_Abs,abs,12.0,700.0,0.178396
2018,TfracPipA_Abs,abs,12.0,750.0,0.167077
2018,TfracPipA_Abs,abs,12.0,800.0,0.159547
2018,TfracPipA_Abs,abs,12.0,850.0,0.150487
2018,TfracPipA_Abs,abs,12.0,900.0,0.143019
2018,TfracPipA_Abs,abs,12.0,950.0,0.1359
2018,TfracPipA_Abs,abs,12.0,1000.0,0.131415
2018,TfracPipA_Abs,abs,12.0,245.0,0.2064
2018,TfracPipA_Abs,abs,12.0,315.0,0.216
2018,TfracPipA_Abs,abs,16.0,0.0,0.587813
2018,TfracPipA_Abs,abs,16.0,50.0,0.620357
2018,TfracPipA_Abs,abs,16.0,100.0,0.442243
2018,TfracPipA_Abs,abs,16.0,150.0,0.410932
2018,TfracPipA_Abs,abs,16.0,200.0,0.360401
2018,TfracPipA_Abs,abs,16.0,250.0,0.32074
2018,TfracPipA_Abs,abs,16.0,300.0,0.309538
2018,TfracPipA_Abs,abs,16.0,350.0,0.297147
2018,TfracPipA_Abs,abs,16.0,400.0,0.29344
2018,TfracPipA_Abs,abs,16.0,450.0,0.285347
2018,TfracPipA_Abs,abs,16.0,500.0,0.270111
2018,TfracPipA_Abs,abs,16.0,550.0,0.249708
2018,TfracPipA_Abs,abs,16.0,600.0,0.225261
2018,TfracPipA_Abs,abs,16.0,650.0,0.202796
2018,TfracPipA_Abs,abs,16.0,700.0,0.186113
2018,TfracPipA_Abs,abs,16.0,750.0,0.174408
2018,TfracPipA_Abs,abs,16.0,800.0,0.166613
2018,TfracPipA_Abs,abs,16.0,850.0,0.157228
2018,TfracPipA_Abs,abs,16.0,900.0,0.149483
2018,TfracPipA_Abs,abs,16.0,950.0,0.142096
2018,TfracPipA_Abs,abs,16.0,1000.0,0.137439
2018,TfracPipA_Abs,abs,27.0,85.0,0.25
2018,TfracPipA_Abs,abs,27.0,125.0,0.298
2018,TfracPipA_Abs,abs,27.0,165.0,0.299
2018,TfracPipA_Abs,abs,27.0,205.0,0.307
2018,TfracPipA_Abs,abs,27.0,245.0,0.227
2018,TfracPipA_Abs,abs,27.0,315.0,0.2205
2018,TfracPipA_Abs,abs,48.0,0.0,0.733821
2018,TfracPipA_Abs,abs,48.0,50.0,0.759553
2018,TfracPipA_Abs,abs,48.0,100.0,0.491423
2018,TfracPipA_Abs,abs,48.0,150.0,0.459498
2018,TfracPipA_Abs,abs,48.0,200.0,0.407123
2018,TfracPipA_Abs,abs,48.0,250.0,0.365256
2018,TfracPipA_Abs,abs,48.0,300.0,0.353308
2018,TfracPipA_Abs,abs,48.0,350.0,0.340028
2018,TfracPipA_Abs,abs,48.0,400.0,0.336041
2018,TfracPipA_Abs,abs,48.0,450.0,0.327317
2018,TfracPipA_Abs,abs,48.0,500.0,0.310815
2018,TfracPipA_Abs,abs,48.0,550.0,0.288554
2018,TfracPipA_Abs,abs,48.0,600.0,0.26163
2018,TfracPipA_Abs,abs,48.0,650.0,0.236645
2018,TfracPipA_Abs,abs,48.0,700.0,0.217939
2018,TfracPipA_Abs,abs,48.0,750.0,0.204736
2018,TfracPipA_Abs,abs,48.0,800.0,0.195908
2018,TfracPipA_Abs,abs,48.0,850.0,0.185239
2018,TfracPipA_Abs,abs,48.0,900.0,0.176403
2018,TfracPipA_Abs,abs,48.0,950.0,0.167948
2018,TfracPipA_Abs,abs,48.0,1000.0,0.162604
2018,TfracPipA_Abs,abs,56.0,85.0,0.222
2018,TfracPipA_Abs,abs,56.0,165.0,0.314
2018,TfracPipA_Abs,abs,56.0,205.0,0.347
2018,TfracPipA_Abs,abs,56.0,245.0,0.255
2018,TfracPipA_Abs,abs,56.0,315.0,0.229
2018,TfracPipA_Abs,abs,56.0,0.0,0.751493
2018,TfracPipA_Abs,abs,56.0,50.0,0.776037
2018,TfracPipA_Abs,abs,56.0,100.0,0.498359
2018,TfracPipA_Abs,abs,56.0,150.0,0.466396
2018,TfracPipA_Abs,abs,56.0,200.0,0.413837
2018,TfracPipA_Abs,abs,56.0,250.0,0.371713
2018,TfracPipA_Abs,abs,56.0,300.0,0.359673
2018,TfracPipA_Abs,abs,56.0,350.0,0.346282
2018,TfracPipA_Abs,abs,56.0,400.0,0.34226
2018,TfracPipA_Abs,abs,56.0,450.0,0.333456
2018,TfracPipA_Abs,abs,56.0,500.0,0.31679
2018,TfracPipA_Abs,abs,56.0,550.0,0.294283
2018,TfracPipA_Abs,abs,56.0,600.0,0.267026
2018,TfracPipA_Abs,abs,56.0,650.0,0.241694
2018,TfracPipA_Abs,abs,56.0,700.0,0.222705
2018,TfracPipA_Abs,abs,56.0,750.0,0.209291
2018,TfracPipA_Abs,abs,56.0,800.0,0.200316
2018,TfracPipA_Abs,abs,56.0,850.0,0.189463
2018,TfracPipA_Abs,abs,56.0,900.0,0.180471
2018,TfracPipA_Abs,abs,56.0,950.0,0.171861
2018,TfracPipA_Abs,abs,56.0,1000.0,0.166418
2018,TfracPipA_Abs,abs,56.0,125.0,0.26125
2018,TfracPipA_Abs,abs,58.0,0.0,0.755404
2018,TfracPipA_Abs,abs,58.0,50.0,0.779675
2018,TfracPipA_Abs,abs,58.0,100.0,0.499938
2018,TfracPipA_Abs,abs,58.0,150.0,0.467968
2018,TfracPipA_Abs,abs,58.0,200.0,0.41537
2018,TfracPipA_Abs,abs,58.0,250.0,0.373189
2018,TfracPipA_Abs,abs,58.0,300.0,0.361129
2018,TfracPipA_Abs,abs,58.0,350.0,0.347714
2018,TfracPipA_Abs,abs,58.0,400.0,0.343683
2018,TfracPipA_Abs,abs,58.0,450.0,0.334861
2018,TfracPipA_Abs,abs,58.0,500.0,0.318159
2018,TfracPipA_Abs,abs,58.0,550.0,0.295597
2018,TfracPipA_Abs,abs,58.0,600.0,0.268264
2018,TfracPipA_Abs,abs,58.0,650.0,0.242854
2018,TfracPipA_Abs,abs,58.0,700.0,0.223801
2018,TfracPipA_Abs,abs,58.0,750.0,0.210338
2018,TfracPipA_Abs,abs,58.0,800.0,0.201329
2018,TfracPipA_Abs,abs,58.0,850.0,0.190435
2018,TfracPipA_Abs,abs,58.0,900.0,0.181407
2018,TfracPipA_Abs,abs,58.0,950.0,0.172762
2018,TfracPipA_Abs,abs,58.0,1000.0,0.167296
2018,TfracPipA_Abs,abs,63.0,0.0,0.764454
2018,TfracPipA_Abs,abs,63.0,50.0,0.78808
2018,TfracPipA_Abs,abs,63.0,100.0,0.503659
2018,TfracPipA_Abs,abs,63.0,150.0,0.471676
2018,TfracPipA_Abs,abs,63.0,200.0,0.418989
2018,TfracPipA_Abs,abs,63.0,250.0,0.376678
2018,TfracPipA_Abs,abs,63.0,300.0,0.36457
2018,TfracPipA_Abs,abs,63.0,350.0,0.351097
2018,TfracPipA_Abs,abs,63.0,400.0,0.347049
2018,TfracPipA_Abs,abs,63.0,450.0,0.338185
2018,TfracPipA_Abs,abs,63.0,500.0,0.321396
2018,TfracPipA_Abs,abs,63.0,550.0,0.298705
2018,TfracPipA_Abs,abs,63.0,600.0,0.271196
2018,TfracPipA_Abs,abs,63.0,650.0,0.245601
2018,TfracPipA_Abs,abs,63.0,700.0,0.226397
2018,TfracPipA_Abs,abs,63.0,750.0,0.212821
2018,TfracPipA_Abs,abs,63.0,800.0,0.203733
2018,TfracPipA_Abs,abs,63.0,850.0,0.19274
2018,TfracPipA_Abs,abs,63.0,900.0,0.183628
2018,TfracPipA_Abs,abs,63.0,950.0,0.1749
2018,TfracPipA_Abs,abs,63.0,1000.0,0.16938
2018,TfracPipA_Abs,abs,93.0,85.0,0.313
2018,TfracPipA_Abs,abs,93.0,125.0,0.359
2018,TfracPipA_Abs,abs,93.0,165.0,0.352
2018,TfracPipA_Abs,abs,93.0,205.0,0.285
2018,TfracPipA_Abs,abs,93.0,245.0,0.196
2018,TfracPipA_Abs,abs,93.0,315.0,0.195
2018,TfracPipA_Abs,abs,93.0,0.0,0.803914
2018,TfracPipA_Abs,abs,93.0,50.0,0.82449
2018,TfracPipA_Abs,abs,93.0,100.0,0.521172
2018,TfracPipA_Abs,abs,93.0,150.0,0.489173
2018,TfracPipA_Abs,abs,93.0,200.0,0.436145
2018,TfracPipA_Abs,abs,93.0,250.0,0.393274
2018,TfracPipA_Abs,abs,93.0,300.0,0.380959
2018,TfracPipA_Abs,abs,93.0,350.0,0.36723
2018,TfracPipA_Abs,abs,93.0,400.0,0.3631
2018,TfracPipA_Abs,abs,93.0,450.0,0.354048
2018,TfracPipA_Abs,abs,93.0,500.0,0.336874
2018,TfracPipA_Abs,abs,93.0,550.0,0.313595
2018,TfracPipA_Abs,abs,93.0,600.0,0.285271
2018,TfracPipA_Abs,abs,93.0,650.0,0.25882
2018,TfracPipA_Abs,abs,93.0,700.0,0.23891
2018,TfracPipA_Abs,abs,93.0,750.0,0.224802
2018,TfracPipA_Abs,abs,93.0,800.0,0.215342
2018,TfracPipA_Abs,abs,93.0,850.0,0.203883
2018,TfracPipA_Abs,abs,93.0,900.0,0.194371
2018,TfracPipA_Abs,abs,93.0,950.0,0.185248
2018,TfracPipA_Abs,abs,93.0,1000.0,0.179473
2018,TfracPipA_Abs,abs,120.0,0.0,0.826908
2018,TfracPipA_Abs,abs,120.0,50.0,0.845535
2018,TfracPipA_Abs,abs,120.0,100.0,0.532609
2018,TfracPipA_Abs,abs,120.0,150.0,0.500642
2018,TfracPipA_Abs,abs,120.0,200.0,0.447459
2018,TfracPipA_Abs,abs,120.0,250.0,0.404274
2018,TfracPipA_Abs,abs,120.0,300.0,0.391837
2018,TfracPipA_Abs,abs,120.0,350.0,0.377955
2018,TfracPipA_Abs,abs,120.0,400.0,0.373776
2018,TfracPipA_Abs,abs,120.0,450.0,0.36461
2018,TfracPipA_Abs,abs,120.0,500.0,0.347198
2018,TfracPipA_Abs,abs,120.0,550.0,0.323554
2018,TfracPipA_Abs,abs,120.0,600.0,0.294717
2018,TfracPipA_Abs,abs,120.0,650.0,0.267718
2018,TfracPipA_Abs,abs,120.0,700.0,0.247352
2018,TfracPipA_Abs,abs,120.0,750.0,0.232898
2018,TfracPipA_Abs,abs,120.0,800.0,0.223196
2018,TfracPipA_Abs,abs,120.0,850.0,0.211432
2018,TfracPipA_Abs,abs,120.0,900.0,0.201656
2018,TfracPipA_Abs,abs,120.0,950.0,0.192273
2018,TfracPipA_Abs,abs,120.0,1000.0,0.186329
2018,TfracPipA_Abs,abs,165.0,0.0,0.852575
2018,TfracPipA_Abs,abs,165.0,50.0,0.868878
2018,TfracPipA_Abs,abs,165.0,100.0,0.546848
2018,TfracPipA_Abs,abs,165.0,150.0,0.514968
2018,TfracPipA_Abs,abs,165.0,200.0,0.46167
2018,TfracPipA_Abs,abs,165.0,250.0,0.418151
2018,TfracPipA_Abs,abs,165.0,300.0,0.405578
2018,TfracPipA_Abs,abs,165.0,350.0,0.391523
2018,TfracPipA_Abs,abs,165.0,400.0,0.387287
2018,TfracPipA_Abs,abs,165.0,450.0,0.37799
2018,TfracPipA_Abs,abs,165.0,500.0,0.360302
2018,TfracPipA_Abs,abs,165.0,550.0,0.336225
2018,TfracPipA_Abs,abs,165.0,600.0,0.306771
2018,TfracPipA_Abs,abs,165.0,650.0,0.279105
2018,TfracPipA_Abs,abs,165.0,700.0,0.258178
2018,TfracPipA_Abs,abs,165.0,750.0,0.243296
2018,TfracPipA_Abs,abs,165.0,800.0,0.233292
2018,TfracPipA_Abs,abs,165.0,850.0,0.221147
2018,TfracPipA_Abs,abs,165.0,900.0,0.211042
2018,TfracPipA_Abs,abs,165.0,950.0,0.201333
2018,TfracPipA_Abs,abs,165.0,1000.0,0.195176
2018,TfracPipA_Abs,abs,181.0,0.0,0.859419
2018,TfracPipA_Abs,abs,181.0,50.0,0.875076
2018,TfracPipA_Abs,abs,181.0,100.0,0.550973
2018,TfracPipA_Abs,abs,181.0,150.0,0.519128
2018,TfracPipA_Abs,abs,181.0,200.0,0.465813
2018,TfracPipA_Abs,abs,181.0,250.0,0.42221
2018,TfracPipA_Abs,abs,181.0,300.0,0.4096
2018,TfracPipA_Abs,abs,181.0,350.0,0.395499
2018,TfracPipA_Abs,abs,181.0,400.0,0.391247
2018,TfracPipA_Abs,abs,181.0,450.0,0.381915
2018,TfracPipA_Abs,abs,181.0,500.0,0.36415
2018,TfracPipA_Abs,abs,181.0,550.0,0.339953
2018,TfracPipA_Abs,abs,181.0,600.0,0.310325
2018,TfracPipA_Abs,abs,181.0,650.0,0.282469
2018,TfracPipA_Abs,abs,181.0,700.0,0.261381
2018,TfracPipA_Abs,abs,181.0,750.0,0.246376
2018,TfracPipA_Abs,abs,181.0,800.0,0.236285
2018,TfracPipA_Abs,abs,181.0,850.0,0.224029
2018,TfracPipA_Abs,abs,181.0,900.0,0.21383
2018,TfracPipA_Abs,abs,181.0,950.0,0.204025
2018,TfracPipA_Abs,abs,181.0,1000.0,0.197806
2018,TfracPipA_Abs,abs,209.0,165.0,0.398
2018,TfracPipA_Abs,abs,209.0,245.0,0.224
2018,TfracPipA_Abs,abs,209.0,0.0,0.869526
2018,TfracPipA_Abs,abs,209.0,50.0,0.884209
2018,TfracPipA_Abs,abs,209.0,100.0,0.557369
2018,TfracPipA_Abs,abs,209.0,150.0,0.525587
2018,TfracPipA_Abs,abs,209.0,200.0,0.472261
2018,TfracPipA_Abs,abs,209.0,250.0,0.428538
2018,TfracPipA_Abs,abs,209.0,300.0,0.415876
2018,TfracPipA_Abs,abs,209.0,350.0,0.401705
2018,TfracPipA_Abs,abs,209.0,400.0,0.397431
2018,TfracPipA_Abs,abs,209.0,450.0,0.388045
2018,TfracPipA_Abs,abs,209.0,500.0,0.370166
2018,TfracPipA_Abs,abs,209.0,550.0,0.345786
2018,TfracPipA_Abs,abs,209.0,600.0,0.315893
2018,TfracPipA_Abs,abs,209.0,650.0,0.287746
2018,TfracPipA_Abs,abs,209.0,700.0,0.26641
2018,TfracPipA_Abs,abs,209.0,750.0,0.251214
2018,TfracPipA_Abs,abs,209.0,800.0,0.240989
2018,TfracPipA_Abs,abs,209.0,850.0,0.228562
2018,TfracPipA_Abs,abs,209.0,900.0,0.218214
2018,TfracPipA_Abs,abs,209.0,950.0,0.208262
2018,TfracPipA_Abs,abs,209.0,1000.0,0.201947
2018,TfracPipA_Abs,abs,209.0,85.0,0.37525
2018,TfracPipA_Abs,abs,209.0,125.0,0.3333
2018,TfracPipA_Abs,abs,209.0,205.0,0.2717
2018,TfracPipA_Abs,abs,209.0,315.0,0.1947
2018,TfracPipA_Inelas,inel,1.0,0.0,0.629826
2018,TfracPipA_Inelas,inel,1.0,50.0,0.548834
2018,TfracPipA_Inelas,inel,1.0,100.0,0.283765
2018,TfracPipA_Inelas,inel,1.0,150.0,0.25697
2018,TfracPipA_Inelas,inel,1.0,200.0,0.2389
2018,TfracPipA_Inelas,inel,1.0,250.0,0.232587
2018,TfracPipA_Inelas,inel,1.0,300.0,0.224382
2018,TfracPipA_Inelas,inel,1.0,350.0,0.225163
2018,TfracPipA_Inelas,inel,1.0,400.0,0.227062
2018,TfracPipA_Inelas,inel,1.0,450.0,0.224532
2018,TfracPipA_Inelas,inel,1.0,500.0,0.217533
2018,TfracPipA_Inelas,inel,1.0,550.0,0.199256
2018,TfracPipA_Inelas,inel,1.0,600.0,0.171952
2018,TfracPipA_Inelas,inel,1.0,650.0,0.144418
2018,TfracPipA_Inelas,inel,1.0,700.0,0.124957
2018,TfracPipA_Inelas,inel,1.0,750.0,0.115233
2018,TfracPipA_Inelas,inel,1.0,800.0,0.110931
2018,TfracPipA_Inelas,inel,1.0,850.0,0.10836
2018,TfracPipA_Inelas,inel,1.0,900.0,0.103871
2018,TfracPipA_Inelas,inel,1.0,950.0,0.0984601
2018,TfracPipA_Inelas,inel,1.0,1000.0,0.0935439
2018,TfracPipA_Inelas,inel,2.0,0.0,0.567563
2018,TfracPipA_Inelas,inel,2.0,50.0,0.489192
2018,TfracPipA_Inelas,inel,2.0,100.0,0.272019
2018,TfracPipA_Inelas,inel,2.0,150.0,0.247197
2018,TfracPipA_Inelas,inel,2.0,200.0,0.231073
2018,TfracPipA_Inelas,inel,2.0,250.0,0.225899
2018,TfracPipA_Inelas,inel,2.0,300.0,0.218179
2018,TfracPipA_Inelas,inel,2.0,350.0,0.219213
2018,TfracPipA_Inelas,inel,2.0,400.0,0.221145
2018,TfracPipA_Inelas,inel,2.0,450.0,0.218857
2018,TfracPipA_Inelas,inel,2.0,500.0,0.212356
2018,TfracPipA_Inelas,inel,2.0,550.0,0.194902
2018,TfracPipA_Inelas,inel,2.0,600.0,0.168591
2018,TfracPipA_Inelas,inel,2.0,650.0,0.141896
2018,TfracPipA_Inelas,inel,2.0,700.0,0.122965
2018,TfracPipA_Inelas,inel,2.0,750.0,0.113518
2018,TfracPipA_Inelas,inel,2.0,800.0,0.109358
2018,TfracPipA_Inelas,inel,2.0,850.0,0.106914
2018,TfracPipA_Inelas,inel,2.0,900.0,0.102557
2018,TfracPipA_Inelas,inel,2.0,950.0,0.097279
2018,TfracPipA_Inelas,inel,2.0,1000.0,0.0924602
2018,TfracPipA_Inelas,inel,3.0,0.0,0.52551
2018,TfracPipA_Inelas,inel,3.0,50.0,0.449639
2018,TfracPipA_Inelas,inel,3.0,100.0,0.26494
2018,TfracPipA_Inelas,inel,3.0,150.0,0.241274
2018,TfracPipA_Inelas,inel,3.0,200.0,0.226288
2018,TfracPipA_Inelas,inel,3.0,250.0,0.221782
2018,TfracPipA_Inelas,inel,3.0,300.0,0.214354
2018,TfracPipA_Inelas,inel,3.0,350.0,0.215537
2018,TfracPipA_Inelas,inel,3.0,400.0,0.217486
2018,TfracPipA_Inelas,inel,3.0,450.0,0.215345
2018,TfracPipA_Inelas,inel,3.0,500.0,0.209144
2018,TfracPipA_Inelas,inel,3.0,550.0,0.192192
2018,TfracPipA_Inelas,inel,3.0,600.0,0.166491
2018,TfracPipA_Inelas,inel,3.0,650.0,0.140314
2018,TfracPipA_Inelas,inel,3.0,700.0,0.121712
2018,TfracPipA_Inelas,inel,3.0,750.0,0.112438
2018,TfracPipA_Inelas,inel,3.0,800.0,0.108367
2018,TfracPipA_Inelas,inel,3.0,850.0,0.106002
2018,TfracPipA_Inelas,inel,3.0,900.0,0.101726
2018,TfracPipA_Inelas,inel,3.0,950.0,0.0965316
2018,TfracPipA_Inelas,inel,3.0,1000.0,0.091774
2018,TfracPipA_Inelas,inel,4.0,0.0,0.493602
2018,TfracPipA_Inelas,inel,4.0,50.0,0.420012
2018,TfracPipA_Inelas,inel,4.0,100.0,0.259834
2018,TfracPipA_Inelas,inel,4.0,150.0,0.236987
2018,TfracPipA_Inelas,inel,4.0,200.0,0.222804
2018,TfracPipA_Inelas,inel,4.0,250.0,0.218772
2018,TfracPipA_Inelas,inel,4.0,300.0,0.211554
2018,TfracPipA_Inelas,inel,4.0,350.0,0.212842
2018,TfracPipA_Inelas,inel,4.0,400.0,0.214803
2018,TfracPipA_Inelas,inel,4.0,450.0,0.212766
2018,TfracPipA_Inelas,inel,4.0,500.0,0.206781
2018,TfracPipA_Inelas,inel,4.0,550.0,0.190195
2018,TfracPipA_Inelas,inel,4.0,600.0,0.164939
2018,TfracPipA_Inelas,inel,4.0,650.0,0.139143
2018,TfracPipA_Inelas,inel,4.0,700.0,0.120783
2018,TfracPipA_Inelas,inel,4.0,750.0,0.111636
2018,TfracPipA_Inelas,inel,4.0,800.0,0.10763
2018,TfracPipA_Inelas,inel,4.0,850.0,0.105323
2018,TfracPipA_Inelas,inel,4.0,900.0,0.101108
2018,TfracPipA_Inelas,inel,4.0,950.0,0.0959748
2018,TfracPipA_Inelas,inel,4.0,1000.0,0.0912625
2018,TfracPipA_Inelas,inel,7.0,125.0,0.308
2018,TfracPipA_Inelas,inel,7.0,165.0,0.386
2018,TfracPipA_Inelas,inel,7.0,205.0,0.498
2018,TfracPipA_Inelas,inel,7.0,245.0,0.53
2018,TfracPipA_Inelas,inel,7.0,0.0,0.428169
2018,TfracPipA_Inelas,inel,7.0,50.0,0.360263
2018,TfracPipA_Inelas,inel,7.0,100.0,0.249728
2018,TfracPipA_Inelas,inel,7.0,150.0,0.228461
2018,TfracPipA_Inelas,inel,7.0,200.0,0.215826
2018,TfracPipA_Inelas,inel,7.0,250.0,0.212709
2018,TfracPipA_Inelas,inel,7.0,300.0,0.205905
2018,TfracPipA_Inelas,inel,7.0,350.0,0.207396
2018,TfracPipA_Inelas,inel,7.0,400.0,0.209378
2018,TfracPipA_Inelas,inel,7.0,450.0,0.207547
2018,TfracPipA_Inelas,inel,7.0,500.0,0.20199
2018,TfracPipA_Inelas,inel,7.0,550.0,0.186133
2018,TfracPipA_Inelas,inel,7.0,600.0,0.161772
2018,TfracPipA_Inelas,inel,7.0,650.0,0.136745
2018,TfracPipA_Inelas,inel,7.0,700.0,0.118878
2018,TfracPipA_Inelas,inel,7.0,750.0,0.109989
2018,TfracPipA_Inelas,inel,7.0,800.0,0.106114
2018,TfracPipA_Inelas,inel,7.0,850.0,0.103925
2018,TfracPipA_Inelas,inel,7.0,900.0,0.0998333
2018,TfracPipA_Inelas,inel,7.0,950.0,0.0948261
2018,TfracPipA_Inelas,inel,7.0,1000.0,0.0902067
2018,TfracPipA_Inelas,inel,7.0,315.0,0.42445
2018,TfracPipA_Inelas,inel,9.0,0.0,0.398058
2018,TfracPipA_Inelas,inel,9.0,50.0,0.333215
2018,TfracPipA_Inelas,inel,9.0,100.0,0.245123
2018,TfracPipA_Inelas,inel,9.0,150.0,0.224559
2018,TfracPipA_Inelas,inel,9.0,200.0,0.21261
2018,TfracPipA_Inelas,inel,9.0,250.0,0.2099
2018,TfracPipA_Inelas,inel,9.0,300.0,0.203283
2018,TfracPipA_Inelas,inel,9.0,350.0,0.204864
2018,TfracPipA_Inelas,inel,9.0,400.0,0.206855
2018,TfracPipA_Inelas,inel,9.0,450.0,0.205117
2018,TfracPipA_Inelas,inel,9.0,500.0,0.199755
2018,TfracPipA_Inelas,inel,9.0,550.0,0.184232
2018,TfracPipA_Inelas,inel,9.0,600.0,0.160286
2018,TfracPipA_Inelas,inel,9.0,650.0,0.135617
2018,TfracPipA_Inelas,inel,9.0,700.0,0.117979
2018,TfracPipA_Inelas,inel,9.0,750.0,0.109211
2018,TfracPipA_Inelas,inel,9.0,800.0,0.105397
2018,TfracPipA_Inelas,inel,9.0,850.0,0.103263
2018,TfracPipA_Inelas,inel,9.0,900.0,0.0992294
2018,TfracPipA_Inelas,inel,9.0,950.0,0.0942811
2018,TfracPipA_Inelas,inel,9.0,1000.0,0.0897055
2018,TfracPipA_Inelas,inel,12.0,125.0,0.334
2018,TfracPipA_Inelas,inel,12.0,165.0,0.309
2018,TfracPipA_Inelas,inel,12.0,205.0,0.335
2018,TfracPipA_Inelas,inel,12.0,245.0,0.406
2018,TfracPipA_Inelas,inel,12.0,315.0,0.449
2018,TfracPipA_Inelas,inel,12.0,0.0,0.363636
2018,TfracPipA_Inelas,inel,12.0,50.0,0.302632
2018,TfracPipA_Inelas,inel,12.0,100.0,0.23981
2018,TfracPipA_Inelas,inel,12.0,150.0,0.220044
2018,TfracPipA_Inelas,inel,12.0,200.0,0.20887
2018,TfracPipA_Inelas,inel,12.0,250.0,0.20662
2018,TfracPipA_Inelas,inel,12.0,300.0,0.20022
2018,TfracPipA_Inelas,inel,12.0,350.0,0.201903
2018,TfracPipA_Inelas,inel,12.0,400.0,0.203903
2018,TfracPipA_Inelas,inel,12.0,450.0,0.202271
2018,TfracPipA_Inelas,inel,12.0,500.0,0.197134
2018,TfracPipA_Inelas,inel,12.0,550.0,0.182
2018,TfracPipA_Inelas,inel,12.0,600.0,0.158536
2018,TfracPipA_Inelas,inel,12.0,650.0,0.134286
2018,TfracPipA_Inelas,inel,12.0,700.0,0.116917
2018,TfracPipA_Inelas,inel,12.0,750.0,0.10829
2018,TfracPipA_Inelas,inel,12.0,800.0,0.104548
2018,TfracPipA_Inelas,inel,12.0,850.0,0.102479
2018,TfracPipA_Inelas,inel,12.0,900.0,0.0985132
2018,TfracPipA_Inelas,inel,12.0,950.0,0.0936345
2018,TfracPipA_Inelas,inel,12.0,1000.0,0.0891106
2018,TfracPipA_Inelas,inel,12.0,67.0,0.274976
2018,TfracPipA_Inelas,inel,12.0,85.0,0.372549
2018,TfracPipA_Inelas,inel,12.0,100.0,0.694963
2018,TfracPipA_Inelas,inel,16.0,0.0,0.32975
2018,TfracPipA_Inelas,inel,16.0,50.0,0.272869
2018,TfracPipA_Inelas,inel,16.0,100.0,0.234458
2018,TfracPipA_Inelas,inel,16.0,150.0,0.215481
2018,TfracPipA_Inelas,inel,16.0,200.0,0.205071
2018,TfracPipA_Inelas,inel,16.0,250.0,0.203276
2018,TfracPipA_Inelas,inel,16.0,300.0,0.197093
2018,TfracPipA_Inelas,inel,16.0,350.0,0.198875
2018,TfracPipA_Inelas,inel,16.0,400.0,0.200883
2018,TfracPipA_Inelas,inel,16.0,450.0,0.199359
2018,TfracPipA_Inelas,inel,16.0,500.0,0.194447
2018,TfracPipA_Inelas,inel,16.0,550.0,0.179706
2018,TfracPipA_Inelas,inel,16.0,600.0,0.156734
2018,TfracPipA_Inelas,inel,16.0,650.0,0.132911
2018,TfracPipA_Inelas,inel,16.0,700.0,0.115819
2018,TfracPipA_Inelas,inel,16.0,750.0,0.107337
2018,TfracPipA_Inelas,inel,16.0,800.0,0.103669
2018,TfracPipA_Inelas,inel,16.0,850.0,0.101666
2018,TfracPipA_Inelas,inel,16.0,900.0,0.09777
2018,TfracPipA_Inelas,inel,16.0,950.0,0.0929631
2018,TfracPipA_Inelas,inel,16.0,1000.0,0.0884925
2018,TfracPipA_Inelas,inel,27.0,125.0,0.3
2018,TfracPipA_Inelas,inel,27.0,205.0,0.253
2018,TfracPipA_Inelas,inel,27.0,245.0,0.308
2018,TfracPipA_Inelas,inel,27.0,315.0,0.379
2018,TfracPipA_Inelas,inel,27.0,165.0,0.2698
2018,TfracPipA_Inelas,inel,40.0,67.0,0.19162
2018,TfracPipA_Inelas,inel,40.0,85.0,0.33274
2018,TfracPipA_Inelas,inel,40.0,100.0,0.460636
2018,TfracPipA_Inelas,inel,48.0,0.0,0.212943
2018,TfracPipA_Inelas,inel,48.0,50.0,0.172821
2018,TfracPipA_Inelas,inel,48.0,100.0,0.213785
2018,TfracPipA_Inelas,inel,48.0,150.0,0.197715
2018,TfracPipA_Inelas,inel,48.0,200.0,0.190091
2018,TfracPipA_Inelas,inel,48.0,250.0,0.189954
2018,TfracPipA_Inelas,inel,48.0,300.0,0.184599
2018,TfracPipA_Inelas,inel,48.0,350.0,0.186742
2018,TfracPipA_Inelas,inel,48.0,400.0,0.188771
2018,TfracPipA_Inelas,inel,48.0,450.0,0.18765
2018,TfracPipA_Inelas,inel,48.0,500.0,0.183603
2018,TfracPipA_Inelas,inel,48.0,550.0,0.170402
2018,TfracPipA_Inelas,inel,48.0,600.0,0.149376
2018,TfracPipA_Inelas,inel,48.0,650.0,0.127268
2018,TfracPipA_Inelas,inel,48.0,700.0,0.11129
2018,TfracPipA_Inelas,inel,48.0,750.0,0.103394
2018,TfracPipA_Inelas,inel,48.0,800.0,0.100025
2018,TfracPipA_Inelas,inel,48.0,850.0,0.0982867
2018,TfracPipA_Inelas,inel,48.0,900.0,0.0946755
2018,TfracPipA_Inelas,inel,48.0,950.0,0.0901617
2018,TfracPipA_Inelas,inel,48.0,1000.0,0.0859107
2018,TfracPipA_Inelas,inel,56.0,125.0,0.336
2018,TfracPipA_Inelas,inel,56.0,165.0,0.258
2018,TfracPipA_Inelas,inel,56.0,205.0,0.206
2018,TfracPipA_Inelas,inel,56.0,245.0,0.267
2018,TfracPipA_Inelas,inel,56.0,315.0,0.278
2018,TfracPipA_Inelas,inel,56.0,0.0,0.198806
2018,TfracPipA_Inelas,inel,56.0,50.0,0.160973
2018,TfracPipA_Inelas,inel,56.0,100.0,0.210869
2018,TfracPipA_Inelas,inel,56.0,150.0,0.195192
2018,TfracPipA_Inelas,inel,56.0,200.0,0.187938
2018,TfracPipA_Inelas,inel,56.0,250.0,0.188022
2018,TfracPipA_Inelas,inel,56.0,300.0,0.182782
2018,TfracPipA_Inelas,inel,56.0,350.0,0.184972
2018,TfracPipA_Inelas,inel,56.0,400.0,0.187003
2018,TfracPipA_Inelas,inel,56.0,450.0,0.185938
2018,TfracPipA_Inelas,inel,56.0,500.0,0.182011
2018,TfracPipA_Inelas,inel,56.0,550.0,0.16903
2018,TfracPipA_Inelas,inel,56.0,600.0,0.148285
2018,TfracPipA_Inelas,inel,56.0,650.0,0.126426
2018,TfracPipA_Inelas,inel,56.0,700.0,0.110612
2018,TfracPipA_Inelas,inel,56.0,750.0,0.102801
2018,TfracPipA_Inelas,inel,56.0,800.0,0.099477
2018,TfracPipA_Inelas,inel,56.0,850.0,0.0977771
2018,TfracPipA_Inelas,inel,56.0,900.0,0.0942079
2018,TfracPipA_Inelas,inel,56.0,950.0,0.0897377
2018,TfracPipA_Inelas,inel,56.0,1000.0,0.0855195
2018,TfracPipA_Inelas,inel,58.0,0.0,0.195677
2018,TfracPipA_Inelas,inel,58.0,50.0,0.158358
2018,TfracPipA_Inelas,inel,58.0,100.0,0.210206
2018,TfracPipA_Inelas,inel,58.0,150.0,0.194617
2018,TfracPipA_Inelas,inel,58.0,200.0,0.187447
2018,TfracPipA_Inelas,inel,58.0,250.0,0.18758
2018,TfracPipA_Inelas,inel,58.0,300.0,0.182366
2018,TfracPipA_Inelas,inel,58.0,350.0,0.184567
2018,TfracPipA_Inelas,inel,58.0,400.0,0.186598
2018,TfracPipA_Inelas,inel,58.0,450.0,0.185546
2018,TfracPipA_Inelas,inel,58.0,500.0,0.181647
2018,TfracPipA_Inelas,inel,58.0,550.0,0.168715
2018,TfracPipA_Inelas,inel,58.0,600.0,0.148034
2018,TfracPipA_Inelas,inel,58.0,650.0,0.126233
2018,TfracPipA_Inelas,inel,58.0,700.0,0.110456
2018,TfracPipA_Inelas,inel,58.0,750.0,0.102665
2018,TfracPipA_Inelas,inel,58.0,800.0,0.0993509
2018,TfracPipA_Inelas,inel,58.0,850.0,0.0976599
2018,TfracPipA_Inelas,inel,58.0,900.0,0.0941003
2018,TfracPipA_Inelas,inel,58.0,950.0,0.0896401
2018,TfracPipA_Inelas,inel,58.0,1000.0,0.0854294
2018,TfracPipA_Inelas,inel,63.0,0.0,0.188436
2018,TfracPipA_Inelas,inel,63.0,50.0,0.152318
2018,TfracPipA_Inelas,inel,63.0,100.0,0.208641
2018,TfracPipA_Inelas,inel,63.0,150.0,0.19326
2018,TfracPipA_Inelas,inel,63.0,200.0,0.186286
2018,TfracPipA_Inelas,inel,63.0,250.0,0.186536
2018,TfracPipA_Inelas,inel,63.0,300.0,0.181384
2018,TfracPipA_Inelas,inel,63.0,350.0,0.18361
2018,TfracPipA_Inelas,inel,63.0,400.0,0.185642
2018,TfracPipA_Inelas,inel,63.0,450.0,0.184619
2018,TfracPipA_Inelas,inel,63.0,500.0,0.180784
2018,TfracPipA_Inelas,inel,63.0,550.0,0.167971
2018,TfracPipA_Inelas,inel,63.0,600.0,0.147441
2018,TfracPipA_Inelas,inel,63.0,650.0,0.125775
2018,TfracPipA_Inelas,inel,63.0,700.0,0.110087
2018,TfracPipA_Inelas,inel,63.0,750.0,0.102342
2018,TfracPipA_Inelas,inel,63.0,800.0,0.0990519
2018,TfracPipA_Inelas,inel,63.0,850.0,0.0973818
2018,TfracPipA_Inelas,inel,63.0,900.0,0.093845
2018,TfracPipA_Inelas,inel,63.0,950.0,0.0894084
2018,TfracPipA_Inelas,inel,63.0,1000.0,0.0852156
2018,TfracPipA_Inelas,inel,93.0,125.0,0.253
2018,TfracPipA_Inelas,inel,93.0,165.0,0.221
2018,TfracPipA_Inelas,inel,93.0,205.0,0.258
2018,TfracPipA_Inelas,inel,93.0,245.0,0.307
2018,TfracPipA_Inelas,inel,93.0,315.0,0.29
2018,TfracPipA_Inelas,inel,93.0,0.0,0.156869
2018,TfracPipA_Inelas,inel,93.0,50.0,0.126148
2018,TfracPipA_Inelas,inel,93.0,100.0,0.20128
2018,TfracPipA_Inelas,inel,93.0,150.0,0.18686
2018,TfracPipA_Inelas,inel,93.0,200.0,0.180786
2018,TfracPipA_Inelas,inel,93.0,250.0,0.18157
2018,TfracPipA_Inelas,inel,93.0,300.0,0.176705
2018,TfracPipA_Inelas,inel,93.0,350.0,0.179045
2018,TfracPipA_Inelas,inel,93.0,400.0,0.181078
2018,TfracPipA_Inelas,inel,93.0,450.0,0.180194
2018,TfracPipA_Inelas,inel,93.0,500.0,0.176661
2018,TfracPipA_Inelas,inel,93.0,550.0,0.164405
2018,TfracPipA_Inelas,inel,93.0,600.0,0.144593
2018,TfracPipA_Inelas,inel,93.0,650.0,0.123571
2018,TfracPipA_Inelas,inel,93.0,700.0,0.108306
2018,TfracPipA_Inelas,inel,93.0,750.0,0.100785
2018,TfracPipA_Inelas,inel,93.0,800.0,0.0976077
2018,TfracPipA_Inelas,inel,93.0,850.0,0.0960376
2018,TfracPipA_Inelas,inel,93.0,900.0,0.0926101
2018,TfracPipA_Inelas,inel,93.0,950.0,0.0882871
2018,TfracPipA_Inelas,inel,93.0,1000.0,0.0841802
2018,TfracPipA_Inelas,inel,120.0,0.0,0.138473
2018,TfracPipA_Inelas,inel,120.0,50.0,0.111021
2018,TfracPipA_Inelas,inel,120.0,100.0,0.196472
2018,TfracPipA_Inelas,inel,120.0,150.0,0.182665
2018,TfracPipA_Inelas,inel,120.0,200.0,0.177158
2018,TfracPipA_Inelas,inel,120.0,250.0,0.178278
2018,TfracPipA_Inelas,inel,120.0,300.0,0.1736
2018,TfracPipA_Inelas,inel,120.0,350.0,0.17601
2018,TfracPipA_Inelas,inel,120.0,400.0,0.178043
2018,TfracPipA_Inelas,inel,120.0,450.0,0.177247
2018,TfracPipA_Inelas,inel,120.0,500.0,0.17391
2018,TfracPipA_Inelas,inel,120.0,550.0,0.162019
2018,TfracPipA_Inelas,inel,120.0,600.0,0.142682
2018,TfracPipA_Inelas,inel,120.0,650.0,0.122087
2018,TfracPipA_Inelas,inel,120.0,700.0,0.107105
2018,TfracPipA_Inelas,inel,120.0,750.0,0.0997322
2018,TfracPipA_Inelas,inel,120.0,800.0,0.0966308
2018,TfracPipA_Inelas,inel,120.0,850.0,0.095127
2018,TfracPipA_Inelas,inel,120.0,900.0,0.0917726
2018,TfracPipA_Inelas,inel,120.0,950.0,0.0875259
2018,TfracPipA_Inelas,inel,120.0,1000.0,0.0834768
2018,TfracPipA_Inelas,inel,120.0,67.0,0.185942
2018,TfracPipA_Inelas,inel,120.0,85.0,0.242681
2018,TfracPipA_Inelas,inel,120.0,100.0,0.305789
2018,TfracPipA_Inelas,inel,165.0,0.0,0.11794
2018,TfracPipA_Inelas,inel,165.0,50.0,0.0942437
2018,TfracPipA_Inelas,inel,165.0,100.0,0.190487
2018,TfracPipA_Inelas,inel,165.0,150.0,0.177424
2018,TfracPipA_Inelas,inel,165.0,200.0,0.172602
2018,TfracPipA_Inelas,inel,165.0,250.0,0.174125
2018,TfracPipA_Inelas,inel,165.0,300.0,0.169678
2018,TfracPipA_Inelas,inel,165.0,350.0,0.172171
2018,TfracPipA_Inelas,inel,165.0,400.0,0.174201
2018,TfracPipA_Inelas,inel,165.0,450.0,0.173515
2018,TfracPipA_Inelas,inel,165.0,500.0,0.17042
2018,TfracPipA_Inelas,inel,165.0,550.0,0.158984
2018,TfracPipA_Inelas,inel,165.0,600.0,0.140244
2018,TfracPipA_Inelas,inel,165.0,650.0,0.120189
2018,TfracPipA_Inelas,inel,165.0,700.0,0.105564
2018,TfracPipA_Inelas,inel,165.0,750.0,0.0983805
2018,TfracPipA_Inelas,inel,165.0,800.0,0.0953749
2018,TfracPipA_Inelas,inel,165.0,850.0,0.093955
2018,TfracPipA_Inelas,inel,165.0,900.0,0.0906936
2018,TfracPipA_Inelas,inel,165.0,950.0,0.0865442
2018,TfracPipA_Inelas,inel,165.0,1000.0,0.0825691
2018,TfracPipA_Inelas,inel,181.0,0.0,0.112465
2018,TfracPipA_Inelas,inel,181.0,50.0,0.0897889
2018,TfracPipA_Inelas,inel,181.0,100.0,0.188753
2018,TfracPipA_Inelas,inel,181.0,150.0,0.175903
2018,TfracPipA_Inelas,inel,181.0,200.0,0.171273
2018,TfracPipA_Inelas,inel,181.0,250.0,0.17291
2018,TfracPipA_Inelas,inel,181.0,300.0,0.16853
2018,TfracPipA_Inelas,inel,181.0,350.0,0.171046
2018,TfracPipA_Inelas,inel,181.0,400.0,0.173075
2018,TfracPipA_Inelas,inel,181.0,450.0,0.17242
2018,TfracPipA_Inelas,inel,181.0,500.0,0.169394
2018,TfracPipA_Inelas,inel,181.0,550.0,0.158091
2018,TfracPipA_Inelas,inel,181.0,600.0,0.139525
2018,TfracPipA_Inelas,inel,181.0,650.0,0.119628
2018,TfracPipA_Inelas,inel,181.0,700.0,0.105108
2018,TfracPipA_Inelas,inel,181.0,750.0,0.09798
2018,TfracPipA_Inelas,inel,181.0,800.0,0.0950026
2018,TfracPipA_Inelas,inel,181.0,850.0,0.0936073
2018,TfracPipA_Inelas,inel,181.0,900.0,0.0903732
2018,TfracPipA_Inelas,inel,181.0,950.0,0.0862524
2018,TfracPipA_Inelas,inel,181.0,1000.0,0.0822993
2018,TfracPipA_Inelas,inel,208.0,67.0,0.0841394
2018,TfracPipA_Inelas,inel,208.0,85.0,0.0776725
2018,TfracPipA_Inelas,inel,208.0,100.0,0.229514
2018,TfracPipA_Inelas,inel,209.0,165.0,0.175
2018,TfracPipA_Inelas,inel,209.0,315.0,0.294
2018,TfracPipA_Inelas,inel,209.0,0.0,0.104379
2018,TfracPipA_Inelas,inel,209.0,50.0,0.0832245
2018,TfracPipA_Inelas,inel,209.0,100.0,0.186064
2018,TfracPipA_Inelas,inel,209.0,150.0,0.17354
2018,TfracPipA_Inelas,inel,209.0,200.0,0.169206
2018,TfracPipA_Inelas,inel,209.0,250.0,0.171016
2018,TfracPipA_Inelas,inel,209.0,300.0,0.166738
2018,TfracPipA_Inelas,inel,209.0,350.0,0.16929
2018,TfracPipA_Inelas,inel,209.0,400.0,0.171317
2018,TfracPipA_Inelas,inel,209.0,450.0,0.17071
2018,TfracPipA_Inelas,inel,209.0,500.0,0.167792
2018,TfracPipA_Inelas,inel,209.0,550.0,0.156694
2018,TfracPipA_Inelas,inel,209.0,600.0,0.138398
2018,TfracPipA_Inelas,inel,209.0,650.0,0.118748
2018,TfracPipA_Inelas,inel,209.0,700.0,0.104393
2018,TfracPipA_Inelas,inel,209.0,750.0,0.0973509
2018,TfracPipA_Inelas,inel,209.0,800.0,0.0944175
2018,TfracPipA_Inelas,inel,209.0,850.0,0.0930605
2018,TfracPipA_Inelas,inel,209.0,900.0,0.0898692
2018,TfracPipA_Inelas,inel,209.0,950.0,0.0857933
2018,TfracPipA_Inelas,inel,209.0,1000.0,0.0818745
2018,TfracPipA_Inelas,inel,209.0,125.0,0.2464
2018,TfracPipA_Inelas,inel,209.0,205.0,0.2484
2018,TfracPipA_Inelas,inel,209.0,245.0,0.2601
2018,TfracPipA_PiPro,pipro,1.0,0.0,0.0
2018,TfracPipA_PiPro,pipro,1.0,50.0,0.0
2018,TfracPipA_PiPro,pipro,1.0,100.0,0.0
2018,TfracPipA_PiPro,pipro,1.0,150.0,0.0
2018,TfracPipA_PiPro,pipro,1.0,200.0,0.0
2018,TfracPipA_PiPro,pipro,1.0,250.0,0.0
2018,TfracPipA_PiPro,pipro,1.0,300.0,0.0
2018,TfracPipA_PiPro,pipro,1.0,350.0,0.0
2018,TfracPipA_PiPro,pipro,1.0,400.0,0.285788
2018,TfracPipA_PiPro,pipro,1.0,450.0,0.580361
2018,TfracPipA_PiPro,pipro,1.0,500.0,0.599014
2018,TfracPipA_PiPro,pipro,1.0,550.0,0.632656
2018,TfracPipA_PiPro,pipro,1.0,600.0,0.678013
2018,TfracPipA_PiPro,pipro,1.0,650.0,0.721806
2018,TfracPipA_PiPro,pipro,1.0,700.0,0.753141
2018,TfracPipA_PiPro,pipro,1.0,750.0,0.771095
2018,TfracPipA_PiPro,pipro,1.0,800.0,0.780833
2018,TfracPipA_PiPro,pipro,1.0,850.0,0.789903
2018,TfracPipA_PiPro,pipro,1.0,900.0,0.799716
2018,TfracPipA_PiPro,pipro,1.0,950.0,0.810173
2018,TfracPipA_PiPro,pipro,1.0,1000.0,0.818254
2018,TfracPipA_PiPro,pipro,2.0,0.0,0.0
2018,TfracPipA_PiPro,pipro,2.0,50.0,0.0
2018,TfracPipA_PiPro,pipro,2.0,100.0,0.0
2018,TfracPipA_PiPro,pipro,2.0,150.0,0.0
2018,TfracPipA_PiPro,pipro,2.0,200.0,0.0
2018,TfracPipA_PiPro,pipro,2.0,250.0,0.0
2018,TfracPipA_PiPro,pipro,2.0,300.0,0.0
2018,TfracPipA_PiPro,pipro,2.0,350.0,0.0
2018,TfracPipA_PiPro,pipro,2.0,400.0,0.27834
2018,TfracPipA_PiPro,pipro,2.0,450.0,0.565695
2018,TfracPipA_PiPro,pipro,2.0,500.0,0.584759
2018,TfracPipA_PiPro,pipro,2.0,550.0,0.618833
2018,TfracPipA_PiPro,pipro,2.0,600.0,0.66476
2018,TfracPipA_PiPro,pipro,2.0,650.0,0.709198
2018,TfracPipA_PiPro,pipro,2.0,700.0,0.741135
2018,TfracPipA_PiPro,pipro,2.0,750.0,0.75962
2018,TfracPipA_PiPro,pipro,2.0,800.0,0.769761
2018,TfracPipA_PiPro,pipro,2.0,850.0,0.779366
2018,TfracPipA_PiPro,pipro,2.0,900.0,0.7896
2018,TfracPipA_PiPro,pipro,2.0,950.0,0.800454
2018,TfracPipA_PiPro,pipro,2.0,1000.0,0.808775
2018,TfracPipA_PiPro,pipro,3.0,0.0,0.0
2018,TfracPipA_PiPro,pipro,3.0,50.0,0.0
2018,TfracPipA_PiPro,pipro,3.0,100.0,0.0
2018,TfracPipA_PiPro,pipro,3.0,150.0,0.0
2018,TfracPipA_PiPro,pipro,3.0,200.0,0.0
2018,TfracPipA_PiPro,pipro,3.0,250.0,0.0
2018,TfracPipA_PiPro,pipro,3.0,300.0,0.0
2018,TfracPipA_PiPro,pipro,3.0,350.0,0.0
2018,TfracPipA_PiPro,pipro,3.0,400.0,0.273735
2018,TfracPipA_PiPro,pipro,3.0,450.0,0.556615
2018,TfracPipA_PiPro,pipro,3.0,500.0,0.575912
2018,TfracPipA_PiPro,pipro,3.0,550.0,0.610228
2018,TfracPipA_PiPro,pipro,3.0,600.0,0.656476
2018,TfracPipA_PiPro,pipro,3.0,650.0,0.701292
2018,TfracPipA_PiPro,pipro,3.0,700.0,0.733587
2018,TfracPipA_PiPro,pipro,3.0,750.0,0.752394
2018,TfracPipA_PiPro,pipro,3.0,800.0,0.76278
2018,TfracPipA_PiPro,pipro,3.0,850.0,0.772713
2018,TfracPipA_PiPro,pipro,3.0,900.0,0.783205
2018,TfracPipA_PiPro,pipro,3.0,950.0,0.794304
2018,TfracPipA_PiPro,pipro,3.0,1000.0,0.802772
2018,TfracPipA_PiPro,pipro,4.0,0.0,0.0
2018,TfracPipA_PiPro,pipro,4.0,50.0,0.0
2018,TfracPipA_PiPro,pipro,4.0,100.0,0.0
2018,TfracPipA_PiPro,pipro,4.0,150.0,0.0
2018,TfracPipA_PiPro,pipro,4.0,200.0,0.0
2018,TfracPipA_PiPro,pipro,4.0,250.0,0.0
2018,TfracPipA_PiPro,pipro,4.0,300.0,0.0
2018,TfracPipA_PiPro,pipro,4.0,350.0,0.0
2018,TfracPipA_PiPro,pipro,4.0,400.0,0.270358
2018,TfracPipA_PiPro,pipro,4.0,450.0,0.54995
2018,TfracPipA_PiPro,pipro,4.0,500.0,0.569407
2018,TfracPipA_PiPro,pipro,4.0,550.0,0.603886
2018,TfracPipA_PiPro,pipro,4.0,600.0,0.650357
2018,TfracPipA_PiPro,pipro,4.0,650.0,0.695438
2018,TfracPipA_PiPro,pipro,4.0,700.0,0.727988
2018,TfracPipA_PiPro,pipro,4.0,750.0,0.747027
2018,TfracPipA_PiPro,pipro,4.0,800.0,0.757592
2018,TfracPipA_PiPro,pipro,4.0,850.0,0.767764
2018,TfracPipA_PiPro,pipro,4.0,900.0,0.778444
2018,TfracPipA_PiPro,pipro,4.0,950.0,0.789722
2018,TfracPipA_PiPro,pipro,4.0,1000.0,0.798298
2018,TfracPipA_PiPro,pipro,7.0,0.0,0.0
2018,TfracPipA_PiPro,pipro,7.0,50.0,0.0
2018,TfracPipA_PiPro,pipro,7.0,100.0,0.0
2018,TfracPipA_PiPro,pipro,7.0,150.0,0.0
2018,TfracPipA_PiPro,pipro,7.0,200.0,0.0
2018,TfracPipA_PiPro,pipro,7.0,250.0,0.0
2018,TfracPipA_PiPro,pipro,7.0,300.0,0.0
2018,TfracPipA_PiPro,pipro,7.0,350.0,0.0
2018,TfracPipA_PiPro,pipro,7.0,400.0,0.26353
2018,TfracPipA_PiPro,pipro,7.0,450.0,0.536459
2018,TfracPipA_PiPro,pipro,7.0,500.0,0.556214
2018,TfracPipA_PiPro,pipro,7.0,550.0,0.590989
2018,TfracPipA_PiPro,pipro,7.0,600.0,0.637871
2018,TfracPipA_PiPro,pipro,7.0,650.0,0.683456
2018,TfracPipA_PiPro,pipro,7.0,700.0,0.716505
2018,TfracPipA_PiPro,pipro,7.0,750.0,0.736003
2018,TfracPipA_PiPro,pipro,7.0,800.0,0.746923
2018,TfracPipA_PiPro,pipro,7.0,850.0,0.757575
2018,TfracPipA_PiPro,pipro,7.0,900.0,0.768632
2018,TfracPipA_PiPro,pipro,7.0,950.0,0.78027
2018,TfracPipA_PiPro,pipro,7.0,1000.0,0.789063
2018,TfracPipA_PiPro,pipro,9.0,0.0,0.0
2018,TfracPipA_PiPro,pipro,9.0,50.0,0.0
2018,TfracPipA_PiPro,pipro,9.0,100.0,0.0
2018,TfracPipA_PiPro,pipro,9.0,150.0,0.0
2018,TfracPipA_PiPro,pipro,9.0,200.0,0.0
2018,TfracPipA_PiPro,pipro,9.0,250.0,0.0
2018,TfracPipA_PiPro,pipro,9.0,300.0,0.0
2018,TfracPipA_PiPro,pipro,9.0,350.0,0.0
2018,TfracPipA_PiPro,pipro,9.0,400.0,0.260355
2018,TfracPipA_PiPro,pipro,9.0,450.0,0.530179
2018,TfracPipA_PiPro,pipro,9.0,500.0,0.55006
2018,TfracPipA_PiPro,pipro,9.0,550.0,0.584956
2018,TfracPipA_PiPro,pipro,9.0,600.0,0.632011
2018,TfracPipA_PiPro,pipro,9.0,650.0,0.677817
2018,TfracPipA_PiPro,pipro,9.0,700.0,0.711088
2018,TfracPipA_PiPro,pipro,9.0,750.0,0.730795
2018,TfracPipA_PiPro,pipro,9.0,800.0,0.741878
2018,TfracPipA_PiPro,pipro,9.0,850.0,0.75275
2018,TfracPipA_PiPro,pipro,9.0,900.0,0.763982
2018,TfracPipA_PiPro,pipro,9.0,950.0,0.775786
2018,TfracPipA_PiPro,pipro,9.0,1000.0,0.784679
2018,TfracPipA_PiPro,pipro,12.0,0.0,0.0
2018,TfracPipA_PiPro,pipro,12.0,50.0,0.0
2018,TfracPipA_PiPro,pipro,12.0,100.0,0.0
2018,TfracPipA_PiPro,pipro,12.0,150.0,0.0
2018,TfracPipA_PiPro,pipro,12.0,200.0,0.0
2018,TfracPipA_PiPro,pipro,12.0,250.0,0.0
2018,TfracPipA_PiPro,pipro,12.0,300.0,0.0
2018,TfracPipA_PiPro,pipro,12.0,350.0,0.0
2018,TfracPipA_PiPro,pipro,12.0,400.0,0.256639
2018,TfracPipA_PiPro,pipro,12.0,450.0,0.522824
2018,TfracPipA_PiPro,pipro,12.0,500.0,0.542842
2018,TfracPipA_PiPro,pipro,12.0,550.0,0.577867
2018,TfracPipA_PiPro,pipro,12.0,600.0,0.625111
2018,TfracPipA_PiPro,pipro,12.0,650.0,0.671162
2018,TfracPipA_PiPro,pipro,12.0,700.0,0.704686
2018,TfracPipA_PiPro,pipro,12.0,750.0,0.724633
2018,TfracPipA_PiPro,pipro,12.0,800.0,0.735905
2018,TfracPipA_PiPro,pipro,12.0,850.0,0.747034
2018,TfracPipA_PiPro,pipro,12.0,900.0,0.758468
2018,TfracPipA_PiPro,pipro,12.0,950.0,0.770466
2018,TfracPipA_PiPro,pipro,12.0,1000.0,0.779475
2018,TfracPipA_PiPro,pipro,16.0,0.0,0.0
2018,TfracPipA_PiPro,pipro,16.0,50.0,0.0
2018,TfracPipA_PiPro,pipro,16.0,100.0,0.0
2018,TfracPipA_PiPro,pipro,16.0,150.0,0.0
2018,TfracPipA_PiPro,pipro,16.0,200.0,0.0
2018,TfracPipA_PiPro,pipro,16.0,250.0,0.0
2018,TfracPipA_PiPro,pipro,16.0,300.0,0.0
2018,TfracPipA_PiPro,pipro,16.0,350.0,0.0
2018,TfracPipA_PiPro,pipro,16.0,400.0,0.252838
2018,TfracPipA_PiPro,pipro,16.0,450.0,0.515295
2018,TfracPipA_PiPro,pipro,16.0,500.0,0.535442
2018,TfracPipA_PiPro,pipro,16.0,550.0,0.570585
2018,TfracPipA_PiPro,pipro,16.0,600.0,0.618005
2018,TfracPipA_PiPro,pipro,16.0,650.0,0.664293
2018,TfracPipA_PiPro,pipro,16.0,700.0,0.698068
2018,TfracPipA_PiPro,pipro,16.0,750.0,0.718255
2018,TfracPipA_PiPro,pipro,16.0,800.0,0.729717
2018,TfracPipA_PiPro,pipro,16.0,850.0,0.741106
2018,TfracPipA_PiPro,pipro,16.0,900.0,0.752747
2018,TfracPipA_PiPro,pipro,16.0,950.0,0.764941
2018,TfracPipA_PiPro,pipro,16.0,1000.0,0.774069
2018,TfracPipA_PiPro,pipro,48.0,0.0,0.0
2018,TfracPipA_PiPro,pipro,48.0,50.0,0.0
2018,TfracPipA_PiPro,pipro,48.0,100.0,0.0
2018,TfracPipA_PiPro,pipro,48.0,150.0,0.0
2018,TfracPipA_PiPro,pipro,48.0,200.0,0.0
2018,TfracPipA_PiPro,pipro,48.0,250.0,0.0
2018,TfracPipA_PiPro,pipro,48.0,300.0,0.0
2018,TfracPipA_PiPro,pipro,48.0,350.0,0.0
2018,TfracPipA_PiPro,pipro,48.0,400.0,0.237594
2018,TfracPipA_PiPro,pipro,48.0,450.0,0.485032
2018,TfracPipA_PiPro,pipro,48.0,500.0,0.505581
2018,TfracPipA_PiPro,pipro,48.0,550.0,0.541044
2018,TfracPipA_PiPro,pipro,48.0,600.0,0.588994
2018,TfracPipA_PiPro,pipro,48.0,650.0,0.636087
2018,TfracPipA_PiPro,pipro,48.0,700.0,0.670771
2018,TfracPipA_PiPro,pipro,48.0,750.0,0.69187
2018,TfracPipA_PiPro,pipro,48.0,800.0,0.704067
2018,TfracPipA_PiPro,pipro,48.0,850.0,0.716475
2018,TfracPipA_PiPro,pipro,48.0,900.0,0.728921
2018,TfracPipA_PiPro,pipro,48.0,950.0,0.74189
2018,TfracPipA_PiPro,pipro,48.0,1000.0,0.751485
2018,TfracPipA_PiPro,pipro,56.0,0.0,0.0
2018,TfracPipA_PiPro,pipro,56.0,50.0,0.0
2018,TfracPipA_PiPro,pipro,56.0,100.0,0.0
2018,TfracPipA_PiPro,pipro,56.0,150.0,0.0
2018,TfracPipA_PiPro,pipro,56.0,200.0,0.0
2018,TfracPipA_PiPro,pipro,56.0,250.0,0.0
2018,TfracPipA_PiPro,pipro,56.0,300.0,0.0
2018,TfracPipA_PiPro,pipro,56.0,350.0,0.0
2018,TfracPipA_PiPro,pipro,56.0,400.0,0.235368
2018,TfracPipA_PiPro,pipro,56.0,450.0,0.480606
2018,TfracPipA_PiPro,pipro,56.0,500.0,0.501199
2018,TfracPipA_PiPro,pipro,56.0,550.0,0.536687
2018,TfracPipA_PiPro,pipro,56.0,600.0,0.58469
2018,TfracPipA_PiPro,pipro,56.0,650.0,0.63188
2018,TfracPipA_PiPro,pipro,56.0,700.0,0.666683
2018,TfracPipA_PiPro,pipro,56.0,750.0,0.687907
2018,TfracPipA_PiPro,pipro,56.0,800.0,0.700207
2018,TfracPipA_PiPro,pipro,56.0,850.0,0.71276
2018,TfracPipA_PiPro,pipro,56.0,900.0,0.725321
2018,TfracPipA_PiPro,pipro,56.0,950.0,0.738401
2018,TfracPipA_PiPro,pipro,56.0,1000.0,0.748062
2018,TfracPipA_PiPro,pipro,58.0,0.0,0.0
2018,TfracPipA_PiPro,pipro,58.0,50.0,0.0
2018,TfracPipA_PiPro,pipro,58.0,100.0,0.0
2018,TfracPipA_PiPro,pipro,58.0,150.0,0.0
2018,TfracPipA_PiPro,pipro,58.0,200.0,0.0
2018,TfracPipA_PiPro,pipro,58.0,250.0,0.0
2018,TfracPipA_PiPro,pipro,58.0,300.0,0.0
2018,TfracPipA_PiPro,pipro,58.0,350.0,0.0
2018,TfracPipA_PiPro,pipro,58.0,400.0,0.234859
2018,TfracPipA_PiPro,pipro,58.0,450.0,0.479593
2018,TfracPipA_PiPro,pipro,58.0,500.0,0.500194
2018,TfracPipA_PiPro,pipro,58.0,550.0,0.535688
2018,TfracPipA_PiPro,pipro,58.0,600.0,0.583702
2018,TfracPipA_PiPro,pipro,58.0,650.0,0.630914
2018,TfracPipA_PiPro,pipro,58.0,700.0,0.665743
2018,TfracPipA_PiPro,pipro,58.0,750.0,0.686996
2018,TfracPipA_PiPro,pipro,58.0,800.0,0.69932
2018,TfracPipA_PiPro,pipro,58.0,850.0,0.711905
2018,TfracPipA_PiPro,pipro,58.0,900.0,0.724493
2018,TfracPipA_PiPro,pipro,58.0,950.0,0.737598
2018,TfracPipA_PiPro,pipro,58.0,1000.0,0.747274
2018,TfracPipA_PiPro,pipro,63.0,0.0,0.0
2018,TfracPipA_PiPro,pipro,63.0,50.0,0.0
2018,TfracPipA_PiPro,pipro,63.0,100.0,0.0
2018,TfracPipA_PiPro,pipro,63.0,150.0,0.0
2018,TfracPipA_PiPro,pipro,63.0,200.0,0.0
2018,TfracPipA_PiPro,pipro,63.0,250.0,0.0
2018,TfracPipA_PiPro,pipro,63.0,300.0,0.0
2018,TfracPipA_PiPro,pipro,63.0,350.0,0.0
2018,TfracPipA_PiPro,pipro,63.0,400.0,0.233655
2018,TfracPipA_PiPro,pipro,63.0,450.0,0.477197
2018,TfracPipA_PiPro,pipro,63.0,500.0,0.497819
2018,TfracPipA_PiPro,pipro,63.0,550.0,0.533324
2018,TfracPipA_PiPro,pipro,63.0,600.0,0.581364
2018,TfracPipA_PiPro,pipro,63.0,650.0,0.628624
2018,TfracPipA_PiPro,pipro,63.0,700.0,0.663516
2018,TfracPipA_PiPro,pipro,63.0,750.0,0.684836
2018,TfracPipA_PiPro,pipro,63.0,800.0,0.697215
2018,TfracPipA_PiPro,pipro,63.0,850.0,0.709878
2018,TfracPipA_PiPro,pipro,63.0,900.0,0.722527
2018,TfracPipA_PiPro,pipro,63.0,950.0,0.735692
2018,TfracPipA_PiPro,pipro,63.0,1000.0,0.745404
2018,TfracPipA_PiPro,pipro,93.0,0.0,0.0
2018,TfracPipA_PiPro,pipro,93.0,50.0,0.0
2018,TfracPipA_PiPro,pipro,93.0,100.0,0.0
2018,TfracPipA_PiPro,pipro,93.0,150.0,0.0
2018,TfracPipA_PiPro,pipro,93.0,200.0,0.0
2018,TfracPipA_PiPro,pipro,93.0,250.0,0.0
2018,TfracPipA_PiPro,pipro,93.0,300.0,0.0
2018,TfracPipA_PiPro,pipro,93.0,350.0,0.0
2018,TfracPipA_PiPro,pipro,93.0,400.0,0.227911
2018,TfracPipA_PiPro,pipro,93.0,450.0,0.465758
2018,TfracPipA_PiPro,pipro,93.0,500.0,0.486465
2018,TfracPipA_PiPro,pipro,93.0,550.0,0.522001
2018,TfracPipA_PiPro,pipro,93.0,600.0,0.570135
2018,TfracPipA_PiPro,pipro,93.0,650.0,0.617609
2018,TfracPipA_PiPro,pipro,93.0,700.0,0.652784
2018,TfracPipA_PiPro,pipro,93.0,750.0,0.674413
2018,TfracPipA_PiPro,pipro,93.0,800.0,0.68705
2018,TfracPipA_PiPro,pipro,93.0,850.0,0.700079
2018,TfracPipA_PiPro,pipro,93.0,900.0,0.713019
2018,TfracPipA_PiPro,pipro,93.0,950.0,0.726465
2018,TfracPipA_PiPro,pipro,93.0,1000.0,0.736347
2018,TfracPipA_PiPro,pipro,120.0,0.0,0.0
2018,TfracPipA_PiPro,pipro,120.0,50.0,0.0
2018,TfracPipA_PiPro,pipro,120.0,100.0,0.0
2018,TfracPipA_PiPro,pipro,120.0,150.0,0.0
2018,TfracPipA_PiPro,pipro,120.0,200.0,0.0
2018,TfracPipA_PiPro,pipro,120.0,250.0,0.0
2018,TfracPipA_PiPro,pipro,120.0,300.0,0.0
2018,TfracPipA_PiPro,pipro,120.0,350.0,0.0
2018,TfracPipA_PiPro,pipro,120.0,400.0,0.224091
2018,TfracPipA_PiPro,pipro,120.0,450.0,0.458143
2018,TfracPipA_PiPro,pipro,120.0,500.0,0.478891
2018,TfracPipA_PiPro,pipro,120.0,550.0,0.514427
2018,TfracPipA_PiPro,pipro,120.0,600.0,0.5626
2018,TfracPipA_PiPro,pipro,120.0,650.0,0.610194
2018,TfracPipA_PiPro,pipro,120.0,700.0,0.645543
2018,TfracPipA_PiPro,pipro,120.0,750.0,0.667369
2018,TfracPipA_PiPro,pipro,120.0,800.0,0.680173
2018,TfracPipA_PiPro,pipro,120.0,850.0,0.693441
2018,TfracPipA_PiPro,pipro,120.0,900.0,0.706571
2018,TfracPipA_PiPro,pipro,120.0,950.0,0.720201
2018,TfracPipA_PiPro,pipro,120.0,1000.0,0.730194
2018,TfracPipA_PiPro,pipro,165.0,0.0,0.0
2018,TfracPipA_PiPro,pipro,165.0,50.0,0.0
2018,TfracPipA_PiPro,pipro,165.0,100.0,0.0
2018,TfracPipA_PiPro,pipro,165.0,150.0,0.0
2018,TfracPipA_PiPro,pipro,165.0,200.0,0.0
2018,TfracPipA_PiPro,pipro,165.0,250.0,0.0
2018,TfracPipA_PiPro,pipro,165.0,300.0,0.0
2018,TfracPipA_PiPro,pipro,165.0,350.0,0.0
2018,TfracPipA_PiPro,pipro,165.0,400.0,0.219256
2018,TfracPipA_PiPro,pipro,165.0,450.0,0.448495
2018,TfracPipA_PiPro,pipro,165.0,500.0,0.469279
2018,TfracPipA_PiPro,pipro,165.0,550.0,0.504791
2018,TfracPipA_PiPro,pipro,165.0,600.0,0.552985
2018,TfracPipA_PiPro,pipro,165.0,650.0,0.600706
2018,TfracPipA_PiPro,pipro,165.0,700.0,0.636258
2018,TfracPipA_PiPro,pipro,165.0,750.0,0.658324
2018,TfracPipA_PiPro,pipro,165.0,800.0,0.671333
2018,TfracPipA_PiPro,pipro,165.0,850.0,0.684898
2018,TfracPipA_PiPro,pipro,165.0,900.0,0.698264
2018,TfracPipA_PiPro,pipro,165.0,950.0,0.712123
2018,TfracPipA_PiPro,pipro,165.0,1000.0,0.722255
2018,TfracPipA_PiPro,pipro,181.0,0.0,0.0
2018,TfracPipA_PiPro,pipro,181.0,50.0,0.0
2018,TfracPipA_PiPro,pipro,181.0,100.0,0.0
2018,TfracPipA_PiPro,pipro,181.0,150.0,0.0
2018,TfracPipA_PiPro,pipro,181.0,200.0,0.0
2018,TfracPipA_PiPro,pipro,181.0,250.0,0.0
2018,TfracPipA_PiPro,pipro,181.0,300.0,0.0
2018,TfracPipA_PiPro,pipro,181.0,350.0,0.0
2018,TfracPipA_PiPro,pipro,181.0,400.0,0.217839
2018,TfracPipA_PiPro,pipro,181.0,450.0,0.445665
2018,TfracPipA_PiPro,pipro,181.0,500.0,0.466456
2018,TfracPipA_PiPro,pipro,181.0,550.0,0.501956
2018,TfracPipA_PiPro,pipro,181.0,600.0,0.55015
2018,TfracPipA_PiPro,pipro,181.0,650.0,0.597903
2018,TfracPipA_PiPro,pipro,181.0,700.0,0.633511
2018,TfracPipA_PiPro,pipro,181.0,750.0,0.655644
2018,TfracPipA_PiPro,pipro,181.0,800.0,0.668713
2018,TfracPipA_PiPro,pipro,181.0,850.0,0.682363
2018,TfracPipA_PiPro,pipro,181.0,900.0,0.695797
2018,TfracPipA_PiPro,pipro,181.0,950.0,0.709723
2018,TfracPipA_PiPro,pipro,181.0,1000.0,0.719895
2018,TfracPipA_PiPro,pipro,209.0,0.0,0.0
2018,TfracPipA_PiPro,pipro,209.0,50.0,0.0
2018,TfracPipA_PiPro,pipro,209.0,100.0,0.0
2018,TfracPipA_PiPro,pipro,209.0,150.0,0.0
2018,TfracPipA_PiPro,pipro,209.0,200.0,0.0
2018,TfracPipA_PiPro,pipro,209.0,250.0,0.0
2018,TfracPipA_PiPro,pipro,209.0,300.0,0.0
2018,TfracPipA_PiPro,pipro,209.0,350.0,0.0
2018,TfracPipA_PiPro,pipro,209.0,400.0,0.215626
2018,TfracPipA_PiPro,pipro,209.0,450.0,0.441245
2018,TfracPipA_PiPro,pipro,209.0,500.0,0.462042
2018,TfracPipA_PiPro,pipro,209.0,550.0,0.49752
2018,TfracPipA_PiPro,pipro,209.0,600.0,0.545708
2018,TfracPipA_PiPro,pipro,209.0,650.0,0.593506
2018,TfracPipA_PiPro,pipro,209.0,700.0,0.629197
2018,TfracPipA_PiPro,pipro,209.0,750.0,0.651435
2018,TfracPipA_PiPro,pipro,209.0,800.0,0.664594
2018,TfracPipA_PiPro,pipro,209.0,850.0,0.678377
2018,TfracPipA_PiPro,pipro,209.0,900.0,0.691917
2018,TfracPipA_PiPro,pipro,209.0,950.0,0.705945
2018,TfracPipA_PiPro,pipro,209.0,1000.0,0.716179
2025,TPipA_CEx,cex,3.0,25.0,0.05209327431826181
2025,TPipA_CEx,cex,3.0,50.0,1.2121826114450944
2025,TPipA_CEx,cex,3.0,75.0,1.8956557133633993
2025,TPipA_CEx,cex,3.0,100.0,2.279029526221999
2025,TPipA_CEx,cex,3.0,125.0,2.524526802385493
2025,TPipA_CEx,cex,3.0,150.0,2.6527841837852235
2025,TPipA_CEx,cex,3.0,175.0,2.7372072397996927
2025,TPipA_CEx,cex,3.0,200.0,2.7893912040870807
2025,TPipA_CEx,cex,3.0,225.0,2.8389865294582473
2025,TPipA_CEx,cex,3.0,250.0,2.8440048469422683
2025,TPipA_CEx,cex,3.0,275.0,2.7928202403922646
2025,TPipA_CEx,cex,3.0,300.0,2.7388737695327396
2025,TPipA_CEx,cex,3.0,325.0,2.6818503632182487
2025,TPipA_CEx,cex,3.0,350.0,2.6334921584511854
2025,TPipA_CEx,cex,3.0,375.0,2.507408979279781
2025,TPipA_CEx,cex,3.0,400.0,2.3631038268516074
2025,TPipA_CEx,cex,3.0,425.0,2.2760810432415757
2025,TPipA_CEx,cex,3.0,450.0,2.180757288276985
2025,TPipA_CEx,cex,3.0,475.0,2.150351441160548
2025,TPipA_CEx,cex,3.0,500.0,2.118992008150823
2025,TPipA_CEx,cex,3.0,525.0,2.0738034273421797
2025,TPipA_CEx,cex,3.0,550.0,2.0264757968948803
2025,TPipA_CEx,cex,3.0,575.0,1.9806211206813131
2025,TPipA_CEx,cex,3.0,600.0,1.93256231894651
2025,TPipA_CEx,cex,3.0,625.0,1.8848813473549069
2025,TPipA_CEx,cex,3.0,650.0,1.8348125729720726
2025,TPipA_CEx,cex,3.0,675.0,1.7921408964754328
2025,TPipA_CEx,cex,3.0,700.0,1.747566870041187
2025,TPipA_CEx,cex,3.0,725.0,1.7182250505098287
2025,TPipA_CEx,cex,3.0,750.0,1.6879961958179341
2025,TPipA_CEx,cex,3.0,775.0,1.6753417511013688
2025,TPipA_CEx,cex,3.0,800.0,1.662525116802542
2025,TPipA_CEx,cex,3.0,825.0,1.6510914331406117
2025,TPipA_CEx,cex,3.0,850.0,1.6395255068792356
2025,TPipA_CEx,cex,3.0,875.0,1.6086279845310283
2025,TPipA_CEx,cex,3.0,900.0,1.5767452848874957
2025,TPipA_CEx,cex,3.0,925.0,1.5070802171284803
2025,TPipA_CEx,cex,3.0,950.0,1.4321960720074298
2025,TPipA_CEx,cex,3.0,975.0,1.3512470671251844
2025,TPipA_CEx,cex,3.0,1000.0,1.2631635515765762
2025,TPipA_CEx,cex,3.0,1025.0,1.1665652863403129
2025,TPipA_CEx,cex,27.0,25.0,2.4295822589815237
2025,TPipA_CEx,cex,27.0,50.0,3.20217941228812
2025,TPipA_CEx,cex,27.0,75.0,3.5903888696801656
2025,TPipA_CEx,cex,27.0,100.0,3.819571475787234
2025,TPipA_CEx,cex,27.0,125.0,3.9772630679280203
2025,TPipA_CEx,cex,27.0,150.0,4.067128132482845
2025,TPipA_CEx,cex,27.0,175.0,4.130707558167887
2025,TPipA_CEx,cex,27.0,200.0,4.163198228464896
2025,TPipA_CEx,cex,27.0,225.0,4.191472210641434
2025,TPipA_CEx,cex,27.0,250.0,4.2147480282166745
2025,TPipA_CEx,cex,27.0,275.0,4.223920103272954
2025,TPipA_CEx,cex,27.0,300.0,4.2330088154003285
2025,TPipA_CEx,cex,27.0,325.0,4.244906854337407
2025,TPipA_CEx,cex,27.0,350.0,4.260935751304098
2025,TPipA_CEx,cex,27.0,375.0,4.273986838502987
2025,TPipA_CEx,cex,27.0,400.0,4.286869786863606
2025,TPipA_CEx,cex,27.0,425.0,4.290296578571933
2025,TPipA_CEx,cex,27.0,450.0,4.293711681124678
2025,TPipA_CEx,cex,27.0,475.0,4.291256931287759
2025,TPipA_CEx,cex,27.0,500.0,4.2887961408228055
2025,TPipA_CEx,cex,27.0,525.0,4.267422416220243
2025,TPipA_CEx,cex,27.0,550.0,4.245581859411386
2025,TPipA_CEx,cex,27.0,575.0,4.2151095179029126
2025,TPipA_CEx,cex,27.0,600.0,4.183679349114454
2025,TPipA_CEx,cex,27.0,625.0,4.146190528858205
2025,TPipA_CEx,cex,27.0,650.0,4.107241373019174
2025,TPipA_CEx,cex,27.0,675.0,4.068932903680139
2025,TPipA_CEx,cex,27.0,700.0,4.029098235093404
2025,TPipA_CEx,cex,27.0,725.0,4.006756473511685
2025,TPipA_CEx,cex,27.0,750.0,3.9839041285644368
2025,TPipA_CEx,cex,27.0,775.0,3.9700694359756326
2025,TPipA_CEx,cex,27.0,800.0,3.9560406563948667
2025,TPipA_CEx,cex,27.0,825.0,3.954416564393832
2025,TPipA_CEx,cex,27.0,850.0,3.952789830426591
2025,TPipA_CEx,cex,27.0,875.0,3.937153960956603
2025,TPipA_CEx,cex,27.0,900.0,3.9212697224665267
2025,TPipA_CEx,cex,27.0,925.0,3.8875488414761334
2025,TPipA_CEx,cex,27.0,950.0,3.852651061183442
2025,TPipA_CEx,cex,27.0,975.0,3.8164912510779945
2025,TPipA_CEx,cex,27.0,1000.0,3.778974696100096
2025,TPipA_CEx,cex,27.0,1025.0,3.739995601561894
2025,TPipA_CEx,cex,12.0,25.0,1.7259782206689789
2025,TPipA_CEx,cex,12.0,50.0,2.6303322335695616
2025,TPipA_CEx,cex,12.0,75.0,3.0580024583357788
2025,TPipA_CEx,cex,12.0,100.0,3.3326578002808622
2025,TPipA_CEx,cex,12.0,125.0,3.53478899330681
2025,TPipA_CEx,cex,12.0,150.0,3.669516113817093
2025,TPipA_CEx,cex,12.0,175.0,3.7531798062665263
2025,TPipA_CEx,cex,12.0,200.0,3.7795829028442682
2025,TPipA_CEx,cex,12.0,225.0,3.797318256980384
2025,TPipA_CEx,cex,12.0,250.0,3.8079796441637144
2025,TPipA_CEx,cex,12.0,275.0,3.7993311700891463
2025,TPipA_CEx,cex,12.0,300.0,3.7906072469168186
2025,TPipA_CEx,cex,12.0,325.0,3.7798542268803965
2025,TPipA_CEx,cex,12.0,350.0,3.766016567711362
2025,TPipA_CEx,cex,12.0,375.0,3.7460436012707827
2025,TPipA_CEx,cex,12.0,400.0,3.725663571369284
2025,TPipA_CEx,cex,12.0,425.0,3.7167090923097494
2025,TPipA_CEx,cex,12.0,450.0,3.7076737300574703
2025,TPipA_CEx,cex,12.0,475.0,3.6988693881432844
2025,TPipA_CEx,cex,12.0,500.0,3.689986840734977
2025,TPipA_CEx,cex,12.0,525.0,3.65507419090582
2025,TPipA_CEx,cex,12.0,550.0,3.618898415979675
2025,TPipA_CEx,cex,12.0,575.0,3.578125251979369
2025,TPipA_CEx,cex,12.0,600.0,3.535618711508386
2025,TPipA_CEx,cex,12.0,625.0,3.496959883395915
2025,TPipA_CEx,cex,12.0,650.0,3.456746241605661
2025,TPipA_CEx,cex,12.0,675.0,3.402836703905566
2025,TPipA_CEx,cex,12.0,700.0,3.345854495225095
2025,TPipA_CEx,cex,12.0,725.0,3.307468584146819
2025,TPipA_CEx,cex,12.0,750.0,3.2675501728073826
2025,TPipA_CEx,cex,12.0,775.0,3.2603309629107877
2025,TPipA_CEx,cex,12.0,800.0,3.2530592568119063
2025,TPipA_CEx,cex,12.0,825.0,3.2469772549790754
2025,TPipA_CEx,cex,12.0,850.0,3.240858035929343
2025,TPipA_CEx,cex,12.0,875.0,3.215301444374612
2025,TPipA_CEx,cex,12.0,900.0,3.1890745452313887
2025,TPipA_CEx,cex,12.0,925.0,3.152875328899366
2025,TPipA_CEx,cex,12.0,950.0,3.115316353023502
2025,TPipA_CEx,cex,12.0,975.0,3.0762914632123572
2025,TPipA_CEx,cex,12.0,1000.0,3.035681567381748
2025,TPipA_CEx,cex,12.0,1025.0,2.9933524440047092
2025,TPipA_CEx,cex,56.0,25.0,2.878853847365059
2025,TPipA_CEx,cex,56.0,50.0,3.6132098786768636
2025,TPipA_CEx,cex,56.0,75.0,3.9858280531334613
2025,TPipA_CEx,cex,56.0,100.0,4.205424321780724
2025,TPipA_CEx,cex,56.0,125.0,4.3556536548068765
2025,TPipA_CEx,cex,56.0,150.0,4.437865138927406
2025,TPipA_CEx,cex,56.0,175.0,4.493981072563884
2025,TPipA_CEx,cex,56.0,200.0,4.518187874030615
2025,TPipA_CEx,cex,56.0,225.0,4.552258477411362
2025,TPipA_CEx,cex,56.0,250.0,4.584359610282544
2025,TPipA_CEx,cex,56.0,275.0,4.60234583125057
2025,TPipA_CEx,cex,56.0,300.0,4.620014255617902
2025,TPipA_CEx,cex,56.0,325.0,4.64338800217752
2025,TPipA_CEx,cex,56.0,350.0,4.674977533699215
2025,TPipA_CEx,cex,56.0,375.0,4.699186347093056
2025,TPipA_CEx,cex,56.0,400.0,4.722822919822228
2025,TPipA_CEx,cex,56.0,425.0,4.7462987679987885
2025,TPipA_CEx,cex,56.0,450.0,4.7692361182597836
2025,TPipA_CEx,cex,56.0,475.0,4.7808027546312495
2025,TPipA_CEx,cex,56.0,500.0,4.792237132256912
2025,TPipA_CEx,cex,56.0,525.0,4.7862993655160695
2025,TPipA_CEx,cex,56.0,550.0,4.7803261309971345
2025,TPipA_CEx,cex,56.0,575.0,4.760523085716459
2025,TPipA_CEx,cex,56.0,600.0,4.740319943353666
2025,TPipA_CEx,cex,56.0,625.0,4.710106251579732
2025,TPipA_CEx,cex,56.0,650.0,4.678951176117589
2025,TPipA_CEx,cex,56.0,675.0,4.656704581308476
2025,TPipA_CEx,cex,56.0,700.0,4.633951793087834
2025,TPipA_CEx,cex,56.0,725.0,4.606870639397355
2025,TPipA_CEx,cex,56.0,750.0,4.5790356343030405
2025,TPipA_CEx,cex,56.0,775.0,4.565708515806997
2025,TPipA_CEx,cex,56.0,800.0,4.552201383457236
2025,TPipA_CEx,cex,56.0,825.0,4.546282442424957
2025,TPipA_CEx,cex,56.0,850.0,4.540328258827567
2025,TPipA_CEx,cex,56.0,875.0,4.532944272419731
2025,TPipA_CEx,cex,56.0,900.0,4.525505356909445
2025,TPipA_CEx,cex,56.0,925.0,4.498799048713118
2025,TPipA_CEx,cex,56.0,950.0,4.471359897332829
2025,TPipA_CEx,cex,56.0,975.0,4.443146545579129
2025,TPipA_CEx,cex,56.0,1000.0,4.41411403343549
2025,TPipA_CEx,cex,56.0,1025.0,4.384213367030975
2025,TPipA_CEx,cex,93.0,25.0,3.233796555072773
2025,TPipA_CEx,cex,93.0,50.0,3.9162846317852282
2025,TPipA_CEx,cex,93.0,75.0,4.268355332680484
2025,TPipA_CEx,cex,93.0,100.0,4.49449076108967
2025,TPipA_CEx,cex,93.0,125.0,4.659591797086452
2025,TPipA_CEx,cex,93.0,150.0,4.77889123084662
2025,TPipA_CEx,cex,93.0,175.0,4.8619911609298345
2025,TPipA_CEx,cex,93.0,200.0,4.905162046158459
2025,TPipA_CEx,cex,93.0,225.0,4.943064782004982
2025,TPipA_CEx,cex,93.0,250.0,4.974267282517906
2025,TPipA_CEx,cex,93.0,275.0,4.986966867015472
2025,TPipA_CEx,cex,93.0,300.0,4.999507192476641
2025,TPipA_CEx,cex,93.0,325.0,5.017867412502886
2025,TPipA_CEx,cex,93.0,350.0,5.044634720537601
2025,TPipA_CEx,cex,93.0,375.0,5.042981289410129
2025,TPipA_CEx,cex,93.0,400.0,5.041325119919844
2025,TPipA_CEx,cex,93.0,425.0,5.053707050403559
2025,TPipA_CEx,cex,93.0,450.0,5.065937541880911
2025,TPipA_CEx,cex,93.0,475.0,5.080682365274955
2025,TPipA_CEx,cex,93.0,500.0,5.095212934171497
2025,TPipA_CEx,cex,93.0,525.0,5.09639638980989
2025,TPipA_CEx,cex,93.0,550.0,5.097578446536422
2025,TPipA_CEx,cex,93.0,575.0,5.080540638042451
2025,TPipA_CEx,cex,93.0,600.0,5.063207503656382
2025,TPipA_CEx,cex,93.0,625.0,5.036519391708303
2025,TPipA_CEx,cex,93.0,650.0,5.009099448622496
2025,TPipA_CEx,cex,93.0,675.0,4.9872151715469135
2025,TPipA_CEx,cex,93.0,700.0,4.964841237111827
2025,TPipA_CEx,cex,93.0,725.0,4.944955499731854
2025,TPipA_CEx,cex,93.0,750.0,4.9246662827456635
2025,TPipA_CEx,cex,93.0,775.0,4.913446484104081
2025,TPipA_CEx,cex,93.0,800.0,4.9020993717965355
2025,TPipA_CEx,cex,93.0,825.0,4.898711807701318
2025,TPipA_CEx,cex,93.0,850.0,4.89531272899808
2025,TPipA_CEx,cex,93.0,875.0,4.884961709778109
2025,TPipA_CEx,cex,93.0,900.0,4.87450242532699
2025,TPipA_CEx,cex,93.0,925.0,4.851027808504043
2025,TPipA_CEx,cex,93.0,950.0,4.826988860039886
2025,TPipA_CEx,cex,93.0,975.0,4.802357777024194
2025,TPipA_CEx,cex,93.0,1000.0,4.777104649895559
2025,TPipA_CEx,cex,93.0,1025.0,4.751197244084124
2025,TPipA_CEx,cex,209.0,25.0,3.652159425640783
2025,TPipA_CEx,cex,209.0,50.0,4.33500432505334
2025,TPipA_CEx,cex,209.0,75.0,4.685471420240752
2025,TPipA_CEx,cex,209.0,100.0,4.945650821092486
2025,TPipA_CEx,cex,209.0,125.0,5.152558337291103
2025,TPipA_CEx,cex,209.0,150.0,5.27083026889383
2025,TPipA_CEx,cex,209.0,175.0,5.36886179108713
2025,TPipA_CEx,cex,209.0,200.0,5.447446465027764
2025,TPipA_CEx,cex,209.0,225.0,5.487037140195134
2025,TPipA_CEx,cex,209.0,250.0,5.513540917292921
2025,TPipA_CEx,cex,209.0,275.0,5.52597444455845
2025,TPipA_CEx,cex,209.0,300.0,5.538255275830548
2025,TPipA_CEx,cex,209.0,325.0,5.545178323385426
2025,TPipA_CEx,cex,209.0,350.0,5.54424344984859
2025,TPipA_CEx,cex,209.0,375.0,5.537558360018061
2025,TPipA_CEx,cex,209.0,400.0,5.530828278821482
2025,TPipA_CEx,cex,209.0,425.0,5.516969333783985
2025,TPipA_CEx,cex,209.0,450.0,5.502915611806338
2025,TPipA_CEx,cex,209.0,475.0,5.526960169223486
2025,TPipA_CEx,cex,209.0,500.0,5.550440134700887
2025,TPipA_CEx,cex,209.0,525.0,5.551349762721112
2025,TPipA_CEx,cex,209.0,550.0,5.552258564070109
2025,TPipA_CEx,cex,209.0,575.0,5.540915249216318
2025,TPipA_CEx,cex,209.0,600.0,5.529441785843497
2025,TPipA_CEx,cex,209.0,625.0,5.51154713834107
2025,TPipA_CEx,cex,209.0,650.0,5.493326428804931
2025,TPipA_CEx,cex,209.0,675.0,5.475749070809228
2025,TPipA_CEx,cex,209.0,700.0,5.457857212981107
2025,TPipA_CEx,cex,209.0,725.0,5.4467304750908045
2025,TPipA_CEx,cex,209.0,750.0,5.435478538545602
2025,TPipA_CEx,cex,209.0,775.0,5.4258183628273935
2025,TPipA_CEx,cex,209.0,800.0,5.416063957095861
2025,TPipA_CEx,cex,209.0,825.0,5.416497656621768
2025,TPipA_CEx,cex,209.0,850.0,5.416931168133935
2025,TPipA_CEx,cex,209.0,875.0,5.411020409753258
2025,TPipA_CEx,cex,209.0,900.0,5.405074506472001
2025,TPipA_CEx,cex,209.0,925.0,5.387333461912985
2025,TPipA_CEx,cex,209.0,950.0,5.369271979228512
2025,TPipA_CEx,cex,209.0,975.0,5.3508782696800425
2025,TPipA_CEx,cex,209.0,1000.0,5.332139881767087
2025,TPipA_CEx,cex,209.0,1025.0,5.313043650596303
2025,TPipA_CEx,cex,7.0,25.0,2.16593547231719
2025,TPipA_CEx,cex,7.0,50.0,2.8811901803653157
2025,TPipA_CEx,cex,7.0,75.0,3.233025050782559
2025,TPipA_CEx,cex,7.0,100.0,3.479763214677614
2025,TPipA_CEx,cex,7.0,125.0,3.6703213121245857
2025,TPipA_CEx,cex,7.0,150.0,3.754765387396417
2025,TPipA_CEx,cex,7.0,175.0,3.774124146434823
2025,TPipA_CEx,cex,7.0,200.0,3.7002567614012816
2025,TPipA_CEx,cex,7.0,225.0,3.6652995197674714
2025,TPipA_CEx,cex,7.0,250.0,3.630026366890572
2025,TPipA_CEx,cex,7.0,275.0,3.5493675854677362
2025,TPipA_CEx,cex,7.0,300.0,3.4616276002697854
2025,TPipA_CEx,cex,7.0,325.0,3.366710003251082
2025,TPipA_CEx,cex,7.0,350.0,3.2639372172292007
2025,TPipA_CEx,cex,7.0,375.0,3.1447462832510906
2025,TPipA_CEx,cex,7.0,400.0,3.0094018181631914
2025,TPipA_CEx,cex,7.0,425.0,3.1294946894905733
2025,TPipA_CEx,cex,7.0,450.0,3.236699239913402
2025,TPipA_CEx,cex,7.0,475.0,3.202842373296203
2025,TPipA_CEx,cex,7.0,500.0,3.167798928117624
2025,TPipA_CEx,cex,7.0,525.0,3.132041741252081
2025,TPipA_CEx,cex,7.0,550.0,3.094958412336422
2025,TPipA_CEx,cex,7.0,575.0,3.051440358397328
2025,TPipA_CEx,cex,7.0,600.0,3.0059419767078497
2025,TPipA_CEx,cex,7.0,625.0,2.9591284533476037
2025,TPipA_CEx,cex,7.0,650.0,2.910015331149585
2025,TPipA_CEx,cex,7.0,675.0,2.8575253964378584
2025,TPipA_CEx,cex,7.0,700.0,2.802126893200541
2025,TPipA_CEx,cex,7.0,725.0,2.77157383241328
2025,TPipA_CEx,cex,7.0,750.0,2.7400577825703216
2025,TPipA_CEx,cex,7.0,775.0,2.7333000567777943
2025,TPipA_CEx,cex,7.0,800.0,2.7264963532462656
2025,TPipA_CEx,cex,7.0,825.0,2.7226563434915723
2025,TPipA_CEx,cex,7.0,850.0,2.7188015312018243
2025,TPipA_CEx,cex,7.0,875.0,2.705926614554211
2025,TPipA_CEx,cex,7.0,900.0,2.692883770020449
2025,TPipA_CEx,cex,7.0,925.0,2.6503130315802026
2025,TPipA_CEx,cex,7.0,950.0,2.60584913357211
2025,TPipA_CEx,cex,7.0,975.0,2.5593158265750517
2025,TPipA_CEx,cex,7.0,1000.0,2.510511041703192
2025,TPipA_CEx,cex,7.0,1025.0,2.4592015873432005
2025,TPipA_CEx,cex,0.0,0.0,0.0
2025,TPipA_CEx,cex,0.0,0.0,0.0
2025,TPipA_CEx,cex,0.0,0.0,0.0
2025,TPipA_CEx,cex,0.0,0.0,0.0
2025,TPipA_CEx,cex,0.0,0.0,0.0
2025,TPipA_CEx,cex,0.0,0.0,0.0
2025,TPipA_CEx,cex,0.0,0.0,0.0
2025,TPipA_Abs,abs,3.0,0.0,1.5414294847946848
2025,TPipA_Abs,abs,3.0,25.0,2.464315942037979
2025,TPipA_Abs,abs,3.0,50.0,2.9070975432754826
2025,TPipA_Abs,abs,3.0,75.0,3.0724533785003265
2025,TPipA_Abs,abs,3.0,100.0,3.21430700368157
2025,TPipA_Abs,abs,3.0,125.0,3.2413783336139415
2025,TPipA_Abs,abs,3.0,150.0,3.2677360818191716
2025,TPipA_Abs,abs,3.0,175.0,3.1682421023889527
2025,TPipA_Abs,abs,3.0,200.0,3.057744167956801
2025,TPipA_Abs,abs,3.0,225.0,2.977994739484233
2025,TPipA_Abs,abs,3.0,250.0,2.8913298543307158
2025,TPipA_Abs,abs,3.0,275.0,2.7396285161523863
2025,TPipA_Abs,abs,3.0,300.0,2.5607259900489283
2025,TPipA_Abs,abs,3.0,325.0,2.379436961504393
2025,TPipA_Abs,abs,3.0,350.0,2.157840206347281
2025,TPipA_Abs,abs,3.0,375.0,1.9512453202569737
2025,TPipA_Abs,abs,3.0,400.0,1.6905499558566242
2025,TPipA_Abs,abs,3.0,425.0,1.4601519805094028
2025,TPipA_Abs,abs,3.0,450.0,1.1602613267674335
2025,TPipA_Abs,abs,3.0,475.0,0.8812122119809657
2025,TPipA_Abs,abs,3.0,500.0,0.4927926017943126
2025,TPipA_Abs,abs,3.0,525.0,0.307650127240549
2025,TPipA_Abs,abs,3.0,550.0,0.08026022247701473
2025,TPipA_Abs,abs,3.0,575.0,-0.04902429157511425
2025,TPipA_Abs,abs,3.0,600.0,-0.19754037780053588
2025,TPipA_Abs,abs,3.0,625.0,-0.26733710858653736
2025,TPipA_Abs,abs,3.0,650.0,-0.34237200608568036
2025,TPipA_Abs,abs,3.0,675.0,-0.3922991608164664
2025,TPipA_Abs,abs,3.0,700.0,-0.44485063484245774
2025,TPipA_Abs,abs,3.0,725.0,-0.4629994161168866
2025,TPipA_Abs,abs,3.0,750.0,-0.48148367351410387
2025,TPipA_Abs,abs,3.0,775.0,-0.49652174705731933
2025,TPipA_Abs,abs,3.0,800.0,-0.5117894214030897
2025,TPipA_Abs,abs,3.0,825.0,-0.5233942794418458
2025,TPipA_Abs,abs,3.0,850.0,-0.5351371006644651
2025,TPipA_Abs,abs,3.0,875.0,-0.5691735683465983
2025,TPipA_Abs,abs,3.0,900.0,-0.6044112913965695
2025,TPipA_Abs,abs,3.0,925.0,-0.6475201089354626
2025,TPipA_Abs,abs,3.0,950.0,-0.6925733452349326
2025,TPipA_Abs,abs,3.0,975.0,-0.7397525331692676
2025,TPipA_Abs,abs,3.0,1000.0,-0.7892682890780991
2025,TPipA_Abs,abs,3.0,1025.0,-0.841361846761697
2025,TPipA_Abs,abs,27.0,0.0,3.593955069880929
2025,TPipA_Abs,abs,27.0,25.0,4.688366285721374
2025,TPipA_Abs,abs,27.0,50.0,5.196584983472463
2025,TPipA_Abs,abs,27.0,75.0,5.441605822588403
2025,TPipA_Abs,abs,27.0,100.0,5.588031700057702
2025,TPipA_Abs,abs,27.0,125.0,5.685045834993264
2025,TPipA_Abs,abs,27.0,150.0,5.686252223756024
2025,TPipA_Abs,abs,27.0,175.0,5.670671376007436
2025,TPipA_Abs,abs,27.0,200.0,5.6287091007546985
2025,TPipA_Abs,abs,27.0,225.0,5.557220583108528
2025,TPipA_Abs,abs,27.0,250.0,5.467018848122839
2025,TPipA_Abs,abs,27.0,275.0,5.342763097796334
2025,TPipA_Abs,abs,27.0,300.0,5.200847609033493
2025,TPipA_Abs,abs,27.0,325.0,5.035158246766741
2025,TPipA_Abs,abs,27.0,350.0,4.835999001858241
2025,TPipA_Abs,abs,27.0,375.0,4.685088498232529
2025,TPipA_Abs,abs,27.0,400.0,4.507285622299347
2025,TPipA_Abs,abs,27.0,425.0,4.401125325539448
2025,TPipA_Abs,abs,27.0,450.0,4.282341649347474
2025,TPipA_Abs,abs,27.0,475.0,4.129556610377595
2025,TPipA_Abs,abs,27.0,500.0,3.949143823035543
2025,TPipA_Abs,abs,27.0,525.0,3.8329813132380606
2025,TPipA_Abs,abs,27.0,550.0,3.701529602524168
2025,TPipA_Abs,abs,27.0,575.0,3.6348381769515536
2025,TPipA_Abs,abs,27.0,600.0,3.563379154328953
2025,TPipA_Abs,abs,27.0,625.0,3.5431016652658682
2025,TPipA_Abs,abs,27.0,650.0,3.5224044744643614
2025,TPipA_Abs,abs,27.0,675.0,3.511892841166408
2025,TPipA_Abs,abs,27.0,700.0,3.5012695385679726
2025,TPipA_Abs,abs,27.0,725.0,3.4793706507160005
2025,TPipA_Abs,abs,27.0,750.0,3.456981444106324
2025,TPipA_Abs,abs,27.0,775.0,3.444800784477593
2025,TPipA_Abs,abs,27.0,800.0,3.4324699249662625
2025,TPipA_Abs,abs,27.0,825.0,3.4129444472552897
2025,TPipA_Abs,abs,27.0,850.0,3.393030120195518
2025,TPipA_Abs,abs,27.0,875.0,3.358411306820525
2025,TPipA_Abs,abs,27.0,900.0,3.3225509210041535
2025,TPipA_Abs,abs,27.0,925.0,3.285170178629085
2025,TPipA_Abs,abs,27.0,950.0,3.2463376727553985
2025,TPipA_Abs,abs,27.0,975.0,3.2059360661247442
2025,TPipA_Abs,abs,27.0,1000.0,3.1638331947079736
2025,TPipA_Abs,abs,27.0,1025.0,3.119879459421855
2025,TPipA_Abs,abs,12.0,0.0,1.8650065232790658
2025,TPipA_Abs,abs,12.0,25.0,3.713099540447212
2025,TPipA_Abs,abs,12.0,50.0,4.344179702451312
2025,TPipA_Abs,abs,12.0,75.0,4.734007154525965
2025,TPipA_Abs,abs,12.0,100.0,4.97812104863167
2025,TPipA_Abs,abs,12.0,125.0,5.105824884811827
2025,TPipA_Abs,abs,12.0,150.0,5.136597376636549
2025,TPipA_Abs,abs,12.0,175.0,5.095424430403747
2025,TPipA_Abs,abs,12.0,200.0,5.025603292601415
2025,TPipA_Abs,abs,12.0,225.0,4.8911285687399575
2025,TPipA_Abs,abs,12.0,250.0,4.729522882972406
2025,TPipA_Abs,abs,12.0,275.0,4.581367967379322
2025,TPipA_Abs,abs,12.0,300.0,4.4073805285695675
2025,TPipA_Abs,abs,12.0,325.0,4.204283699973921
2025,TPipA_Abs,abs,12.0,350.0,3.9638367653500097
2025,TPipA_Abs,abs,12.0,375.0,3.7949397573633012
2025,TPipA_Abs,abs,12.0,400.0,3.591601078682704
2025,TPipA_Abs,abs,12.0,425.0,3.4129464897846384
2025,TPipA_Abs,abs,12.0,450.0,3.195278300449842
2025,TPipA_Abs,abs,12.0,475.0,2.986338489799751
2025,TPipA_Abs,abs,12.0,500.0,2.721889987908471
2025,TPipA_Abs,abs,12.0,525.0,2.5619291859468514
2025,TPipA_Abs,abs,12.0,550.0,2.3714163247513333
2025,TPipA_Abs,abs,12.0,575.0,2.2803543101126884
2025,TPipA_Abs,abs,12.0,600.0,2.180161607083483
2025,TPipA_Abs,abs,12.0,625.0,2.11890104843504
2025,TPipA_Abs,abs,12.0,650.0,2.0536413096554713
2025,TPipA_Abs,abs,12.0,675.0,2.0427778166443105
2025,TPipA_Abs,abs,12.0,700.0,2.0317950108124756
2025,TPipA_Abs,abs,12.0,725.0,2.0472874708903546
2025,TPipA_Abs,abs,12.0,750.0,2.0625435717789475
2025,TPipA_Abs,abs,12.0,775.0,2.0625435717789475
2025,TPipA_Abs,abs,12.0,800.0,2.0625435717789475
2025,TPipA_Abs,abs,12.0,825.0,2.043154431303065
2025,TPipA_Abs,abs,12.0,850.0,2.0233819063146044
2025,TPipA_Abs,abs,12.0,875.0,2.0079017688771907
2025,TPipA_Abs,abs,12.0,900.0,1.9921782238648724
2025,TPipA_Abs,abs,12.0,925.0,1.9490673028533765
2025,TPipA_Abs,abs,12.0,950.0,1.9040136190952448
2025,TPipA_Abs,abs,12.0,975.0,1.8568340966349763
2025,TPipA_Abs,abs,12.0,1000.0,1.8073178081439074
2025,TPipA_Abs,abs,12.0,1025.0,1.755221514258823
2025,TPipA_Abs,abs,56.0,0.0,3.6495185011275093
2025,TPipA_Abs,abs,56.0,25.0,5.112142722136817
2025,TPipA_Abs,abs,56.0,50.0,5.6508909142480075
2025,TPipA_Abs,abs,56.0,75.0,5.932277056966697
2025,TPipA_Abs,abs,56.0,100.0,6.100461372371078
2025,TPipA_Abs,abs,56.0,125.0,6.213616805253429
2025,TPipA_Abs,abs,56.0,150.0,6.22493306206203
2025,TPipA_Abs,abs,56.0,175.0,6.225586095105305
2025,TPipA_Abs,abs,56.0,200.0,6.210233208531817
2025,TPipA_Abs,abs,56.0,225.0,6.170248090005453
2025,TPipA_Abs,abs,56.0,250.0,6.113538335416322
2025,TPipA_Abs,abs,56.0,275.0,6.0160282147999515
2025,TPipA_Abs,abs,56.0,300.0,5.907972296178767
2025,TPipA_Abs,abs,56.0,325.0,5.780984622526233
2025,TPipA_Abs,abs,56.0,350.0,5.62530552110522
2025,TPipA_Abs,abs,56.0,375.0,5.515440322394667
2025,TPipA_Abs,abs,56.0,400.0,5.391997741669219
2025,TPipA_Abs,abs,56.0,425.0,5.280298334499765
2025,TPipA_Abs,abs,56.0,450.0,5.15453475209291
2025,TPipA_Abs,abs,56.0,475.0,5.041516845714457
2025,TPipA_Abs,abs,56.0,500.0,4.914078871387069
2025,TPipA_Abs,abs,56.0,525.0,4.833425370616122
2025,TPipA_Abs,abs,56.0,550.0,4.745691665928507
2025,TPipA_Abs,abs,56.0,575.0,4.689519514535444
2025,TPipA_Abs,abs,56.0,600.0,4.630003276515853
2025,TPipA_Abs,abs,56.0,625.0,4.605816976773828
2025,TPipA_Abs,abs,56.0,650.0,4.581031170134765
2025,TPipA_Abs,abs,56.0,675.0,4.567225402490255
2025,TPipA_Abs,abs,56.0,700.0,4.5532263642640345
2025,TPipA_Abs,abs,56.0,725.0,4.531111181866185
2025,TPipA_Abs,abs,56.0,750.0,4.508495836126761
2025,TPipA_Abs,abs,56.0,775.0,4.50042181626404
2025,TPipA_Abs,abs,56.0,800.0,4.492282075613698
2025,TPipA_Abs,abs,56.0,825.0,4.478014425756911
2025,TPipA_Abs,abs,56.0,850.0,4.463540260017415
2025,TPipA_Abs,abs,56.0,875.0,4.440950516934706
2025,TPipA_Abs,abs,56.0,900.0,4.417838660231604
2025,TPipA_Abs,abs,56.0,925.0,4.395081115436991
2025,TPipA_Abs,abs,56.0,950.0,4.371793580108131
2025,TPipA_Abs,abs,56.0,975.0,4.34795077901504
2025,TPipA_Abs,abs,56.0,1000.0,4.32352558460705
2025,TPipA_Abs,abs,56.0,1025.0,4.298488831471924
2025,TPipA_Abs,abs,93.0,0.0,3.0823812348789965
2025,TPipA_Abs,abs,93.0,25.0,5.552158294982315
2025,TPipA_Abs,abs,93.0,50.0,6.148312230321242
2025,TPipA_Abs,abs,93.0,75.0,6.427706228618297
2025,TPipA_Abs,abs,93.0,100.0,6.567760755786368
2025,TPipA_Abs,abs,93.0,125.0,6.64151997690709
2025,TPipA_Abs,abs,93.0,150.0,6.6256868233254735
2025,TPipA_Abs,abs,93.0,175.0,6.5944585927941946
2025,TPipA_Abs,abs,93.0,200.0,6.538306921238816
2025,TPipA_Abs,abs,93.0,225.0,6.463669671596299
2025,TPipA_Abs,abs,93.0,250.0,6.379108872468066
2025,TPipA_Abs,abs,93.0,275.0,6.287799467337771
2025,TPipA_Abs,abs,93.0,300.0,6.187307149929402
2025,TPipA_Abs,abs,93.0,325.0,6.080968494228722
2025,TPipA_Abs,abs,93.0,350.0,5.971006488313498
2025,TPipA_Abs,abs,93.0,375.0,5.916481384779349
2025,TPipA_Abs,abs,93.0,400.0,5.858810971946093
2025,TPipA_Abs,abs,93.0,425.0,5.800977501262658
2025,TPipA_Abs,abs,93.0,450.0,5.739592892176567
2025,TPipA_Abs,abs,93.0,475.0,5.641337050351215
2025,TPipA_Abs,abs,93.0,500.0,5.532364457633747
2025,TPipA_Abs,abs,93.0,525.0,5.461788617443809
2025,TPipA_Abs,abs,93.0,550.0,5.385851023792253
2025,TPipA_Abs,abs,93.0,575.0,5.334530677381563
2025,TPipA_Abs,abs,93.0,600.0,5.280433397449476
2025,TPipA_Abs,abs,93.0,625.0,5.252603216592346
2025,TPipA_Abs,abs,93.0,650.0,5.2239762903045905
2025,TPipA_Abs,abs,93.0,675.0,5.210716543141723
2025,TPipA_Abs,abs,93.0,700.0,5.197278609733676
2025,TPipA_Abs,abs,93.0,725.0,5.187731556118105
2025,TPipA_Abs,abs,93.0,750.0,5.1780924769915915
2025,TPipA_Abs,abs,93.0,775.0,5.16238251650374
2025,TPipA_Abs,abs,93.0,800.0,5.146421808687393
2025,TPipA_Abs,abs,93.0,825.0,5.133561230486499
2025,TPipA_Abs,abs,93.0,850.0,5.120533100663799
2025,TPipA_Abs,abs,93.0,875.0,5.110769576758497
2025,TPipA_Abs,abs,93.0,900.0,5.100909785775967
2025,TPipA_Abs,abs,93.0,925.0,5.072944457060531
2025,TPipA_Abs,abs,93.0,950.0,5.04417451347085
2025,TPipA_Abs,abs,93.0,975.0,5.014552279350131
2025,TPipA_Abs,abs,93.0,1000.0,4.98402571195994
2025,TPipA_Abs,abs,93.0,1025.0,4.9525378512712654
2025,TPipA_Abs,abs,209.0,25.0,5.917012297620697
2025,TPipA_Abs,abs,209.0,50.0,6.567331909907428
2025,TPipA_Abs,abs,209.0,75.0,6.882975212542789
2025,TPipA_Abs,abs,209.0,100.0,7.045800979020801
2025,TPipA_Abs,abs,209.0,125.0,7.138467748032863
2025,TPipA_Abs,abs,209.0,150.0,7.137029114449128
2025,TPipA_Abs,abs,209.0,175.0,7.099142802922651
2025,TPipA_Abs,abs,209.0,200.0,7.000106709638286
2025,TPipA_Abs,abs,209.0,225.0,6.954904516615342
2025,TPipA_Abs,abs,209.0,250.0,6.915018380684872
2025,TPipA_Abs,abs,209.0,275.0,6.8357493116060954
2025,TPipA_Abs,abs,209.0,300.0,6.749651462629987
2025,TPipA_Abs,abs,209.0,325.0,6.675987002673452
2025,TPipA_Abs,abs,209.0,350.0,6.6289642980396986
2025,TPipA_Abs,abs,209.0,375.0,6.589069439803611
2025,TPipA_Abs,abs,209.0,400.0,6.547516608219849
2025,TPipA_Abs,abs,209.0,425.0,6.528097843504982
2025,TPipA_Abs,abs,209.0,450.0,6.508294508705218
2025,TPipA_Abs,abs,209.0,475.0,6.44147973179458
2025,TPipA_Abs,abs,209.0,500.0,6.369879064779809
2025,TPipA_Abs,abs,209.0,525.0,6.319784717172018
2025,TPipA_Abs,abs,209.0,550.0,6.267047975232818
2025,TPipA_Abs,abs,209.0,575.0,6.233909815970303
2025,TPipA_Abs,abs,209.0,600.0,6.199635770424396
2025,TPipA_Abs,abs,209.0,625.0,6.1743565661574
2025,TPipA_Abs,abs,209.0,650.0,6.148421713636128
2025,TPipA_Abs,abs,209.0,675.0,6.130368295252836
2025,TPipA_Abs,abs,209.0,700.0,6.111982949346865
2025,TPipA_Abs,abs,209.0,725.0,6.092503739282248
2025,TPipA_Abs,abs,209.0,750.0,6.072637538846675
2025,TPipA_Abs,abs,209.0,775.0,6.059322708388073
2025,TPipA_Abs,abs,209.0,800.0,6.04582819812283
2025,TPipA_Abs,abs,209.0,825.0,6.02627603466641
2025,TPipA_Abs,abs,209.0,850.0,6.006333947594523
2025,TPipA_Abs,abs,209.0,875.0,5.989365345324851
2025,TPipA_Abs,abs,209.0,900.0,5.972103832154159
2025,TPipA_Abs,abs,209.0,925.0,5.956157913939883
2025,TPipA_Abs,abs,209.0,950.0,5.939953597456295
2025,TPipA_Abs,abs,209.0,975.0,5.9234823700544394
2025,TPipA_Abs,abs,209.0,1000.0,5.9067352913703335
2025,TPipA_Abs,abs,209.0,1025.0,5.8897029641823355
2025,TPipA_Abs,abs,7.0,0.0,3.5269463529852088
2025,TPipA_Abs,abs,7.0,25.0,3.7863192283578493
2025,TPipA_Abs,abs,7.0,50.0,4.11265782933783
2025,TPipA_Abs,abs,7.0,75.0,4.326163903133797
2025,TPipA_Abs,abs,7.0,100.0,4.407987333147289
2025,TPipA_Abs,abs,7.0,125.0,4.420748918343361
2025,TPipA_Abs,abs,7.0,150.0,4.3702001390487535
2025,TPipA_Abs,abs,7.0,175.0,4.322888001198435
2025,TPipA_Abs,abs,7.0,200.0,4.28250053786724
2025,TPipA_Abs,abs,7.0,225.0,4.1493117836338795
2025,TPipA_Abs,abs,7.0,250.0,3.964033711414445
2025,TPipA_Abs,abs,7.0,275.0,3.7192695612112683
2025,TPipA_Abs,abs,7.0,300.0,3.3944807756803255
2025,TPipA_Abs,abs,7.0,325.0,3.0383190459373393
2025,TPipA_Abs,abs,7.0,350.0,2.753670393836059
2025,TPipA_Abs,abs,7.0,375.0,2.4709794483238565
2025,TPipA_Abs,abs,7.0,400.0,2.075422350541201
2025,TPipA_Abs,abs,7.0,425.0,2.111684239050538
2025,TPipA_Abs,abs,7.0,450.0,2.1466769697674146
2025,TPipA_Abs,abs,7.0,475.0,1.9275887613248073
2025,TPipA_Abs,abs,7.0,500.0,1.6466292601252088
2025,TPipA_Abs,abs,7.0,525.0,1.495822754097617
2025,TPipA_Abs,abs,7.0,550.0,1.3181643315634681
2025,TPipA_Abs,abs,7.0,575.0,1.2205006636531552
2025,TPipA_Abs,abs,7.0,600.0,1.112256120175224
2025,TPipA_Abs,abs,7.0,625.0,1.047637540030702
2025,TPipA_Abs,abs,7.0,650.0,0.9785531646868194
2025,TPipA_Abs,abs,7.0,675.0,0.9577048070800427
2025,TPipA_Abs,abs,7.0,700.0,0.936412523918122
2025,TPipA_Abs,abs,7.0,725.0,0.9464054960450757
2025,TPipA_Abs,abs,7.0,750.0,0.9562995958933906
2025,TPipA_Abs,abs,7.0,775.0,0.9541874920652906
2025,TPipA_Abs,abs,7.0,800.0,0.9520709178109402
2025,TPipA_Abs,abs,7.0,825.0,0.928490017081137
2025,TPipA_Abs,abs,7.0,850.0,0.9043396007544006
2025,TPipA_Abs,abs,7.0,875.0,0.8704377698999682
2025,TPipA_Abs,abs,7.0,900.0,0.8353461509685213
2025,TPipA_Abs,abs,7.0,925.0,0.7815435147201572
2025,TPipA_Abs,abs,7.0,950.0,0.7246802462524828
2025,TPipA_Abs,abs,7.0,975.0,0.6643880734769747
2025,TPipA_Abs,abs,7.0,1000.0,0.6002256456705467
2025,TPipA_Abs,abs,7.0,1025.0,0.5316630096324633
2025,TPipA_Abs,abs,0.0,0.0,0.0
2025,TPipA_Inelas,inel,3.0,25.0,1.507540947309783
2025,TPipA_Inelas,inel,3.0,50.0,2.734022319978433
2025,TPipA_Inelas,inel,3.0,75.0,3.3572447626802493
2025,TPipA_Inelas,inel,3.0,100.0,3.7382711992020385
2025,TPipA_Inelas,inel,3.0,125.0,3.948606147092054
2025,TPipA_Inelas,inel,3.0,150.0,4.12229657264667
2025,TPipA_Inelas,inel,3.0,175.0,4.229621825760025
2025,TPipA_Inelas,inel,3.0,200.0,4.326536651758089
2025,TPipA_Inelas,inel,3.0,225.0,4.377924356826311
2025,TPipA_Inelas,inel,3.0,250.0,4.4267999325032354
2025,TPipA_Inelas,inel,3.0,275.0,4.376650333230492
2025,TPipA_Inelas,inel,3.0,300.0,4.32385235207277
2025,TPipA_Inelas,inel,3.0,325.0,4.238580106291122
2025,TPipA_Inelas,inel,3.0,350.0,4.14535289934652
2025,TPipA_Inelas,inel,3.0,375.0,4.061592522018671
2025,TPipA_Inelas,inel,3.0,400.0,3.970169641926308
2025,TPipA_Inelas,inel,3.0,425.0,3.887160683437949
2025,TPipA_Inelas,inel,3.0,450.0,3.7966323557329624
2025,TPipA_Inelas,inel,3.0,475.0,3.709159908409081
2025,TPipA_Inelas,inel,3.0,500.0,3.613296163443611
2025,TPipA_Inelas,inel,3.0,525.0,3.554966845978871
2025,TPipA_Inelas,inel,3.0,550.0,3.4930233167111706
2025,TPipA_Inelas,inel,3.0,575.0,3.433668444009004
2025,TPipA_Inelas,inel,3.0,600.0,3.370567025511731
2025,TPipA_Inelas,inel,3.0,625.0,3.328944201138965
2025,TPipA_Inelas,inel,3.0,650.0,3.285513391467641
2025,TPipA_Inelas,inel,3.0,675.0,3.2669659345328386
2025,TPipA_Inelas,inel,3.0,700.0,3.2480679579530776
2025,TPipA_Inelas,inel,3.0,725.0,3.2541398745883874
2025,TPipA_Inelas,inel,3.0,750.0,3.2601751454502432
2025,TPipA_Inelas,inel,3.0,775.0,3.2865909203469843
2025,TPipA_Inelas,inel,3.0,800.0,3.3123268229192386
2025,TPipA_Inelas,inel,3.0,825.0,3.3452494114102804
2025,TPipA_Inelas,inel,3.0,850.0,3.3771225615320506
2025,TPipA_Inelas,inel,3.0,875.0,3.3948345148246664
2025,TPipA_Inelas,inel,3.0,900.0,3.41223820681913
2025,TPipA_Inelas,inel,3.0,925.0,3.4112876367188747
2025,TPipA_Inelas,inel,3.0,950.0,3.410336162175299
2025,TPipA_Inelas,inel,3.0,975.0,3.409383781465654
2025,TPipA_Inelas,inel,3.0,1000.0,3.4084304928622635
2025,TPipA_Inelas,inel,3.0,1025.0,3.407476294632506
2025,TPipA_Inelas,inel,27.0,25.0,4.07175148323444
2025,TPipA_Inelas,inel,27.0,50.0,4.910961121244135
2025,TPipA_Inelas,inel,27.0,75.0,5.254956187483857
2025,TPipA_Inelas,inel,27.0,100.0,5.463735618196416
2025,TPipA_Inelas,inel,27.0,125.0,5.609186560370183
2025,TPipA_Inelas,inel,27.0,150.0,5.694475307029216
2025,TPipA_Inelas,inel,27.0,175.0,5.7393583161483415
2025,TPipA_Inelas,inel,27.0,200.0,5.7318095056294105
2025,TPipA_Inelas,inel,27.0,225.0,5.693457131294632
2025,TPipA_Inelas,inel,27.0,250.0,5.646707590268747
2025,TPipA_Inelas,inel,27.0,275.0,5.6030632640517055
2025,TPipA_Inelas,inel,27.0,300.0,5.557426832207643
2025,TPipA_Inelas,inel,27.0,325.0,5.516287559088249
2025,TPipA_Inelas,inel,27.0,350.0,5.483753173194711
2025,TPipA_Inelas,inel,27.0,375.0,5.43434047601617
2025,TPipA_Inelas,inel,27.0,400.0,5.382358667642361
2025,TPipA_Inelas,inel,27.0,425.0,5.3141296016321755
2025,TPipA_Inelas,inel,27.0,450.0,5.2409022138711405
2025,TPipA_Inelas,inel,27.0,475.0,5.218007123089993
2025,TPipA_Inelas,inel,27.0,500.0,5.194575540105666
2025,TPipA_Inelas,inel,27.0,525.0,5.173609220067434
2025,TPipA_Inelas,inel,27.0,550.0,5.152193882405663
2025,TPipA_Inelas,inel,27.0,575.0,5.124006835627775
2025,TPipA_Inelas,inel,27.0,600.0,5.095002177492977
2025,TPipA_Inelas,inel,27.0,625.0,5.0669866416050295
2025,TPipA_Inelas,inel,27.0,650.0,5.038163557223492
2025,TPipA_Inelas,inel,27.0,675.0,5.0265480125563045
2025,TPipA_Inelas,inel,27.0,700.0,5.014795959843053
2025,TPipA_Inelas,inel,27.0,725.0,5.008851036588459
2025,TPipA_Inelas,inel,27.0,750.0,5.002870559752714
2025,TPipA_Inelas,inel,27.0,775.0,5.010215872818113
2025,TPipA_Inelas,inel,27.0,800.0,5.017507625438662
2025,TPipA_Inelas,inel,27.0,825.0,5.032518761478234
2025,TPipA_Inelas,inel,27.0,850.0,5.047307891764086
2025,TPipA_Inelas,inel,27.0,875.0,5.056687109233309
2025,TPipA_Inelas,inel,27.0,900.0,5.06597917377549
2025,TPipA_Inelas,inel,27.0,925.0,5.05765468502255
2025,TPipA_Inelas,inel,27.0,950.0,5.0492603170408366
2025,TPipA_Inelas,inel,27.0,975.0,5.040794886700908
2025,TPipA_Inelas,inel,27.0,1000.0,5.032257180569148
2025,TPipA_Inelas,inel,27.0,1025.0,5.023645953863909
2025,TPipA_Inelas,inel,12.0,25.0,3.1375181229686158
2025,TPipA_Inelas,inel,12.0,50.0,4.156092223781506
2025,TPipA_Inelas,inel,12.0,75.0,4.585020405841333
2025,TPipA_Inelas,inel,12.0,100.0,4.863200874062734
2025,TPipA_Inelas,inel,12.0,125.0,5.069134345546545
2025,TPipA_Inelas,inel,12.0,150.0,5.216368014048573
2025,TPipA_Inelas,inel,12.0,175.0,5.30974026116165
2025,TPipA_Inelas,inel,12.0,200.0,5.34492356665076
2025,TPipA_Inelas,inel,12.0,225.0,5.32540582874851
2025,TPipA_Inelas,inel,12.0,250.0,5.288260712492757
2025,TPipA_Inelas,inel,12.0,275.0,5.236594350154581
2025,TPipA_Inelas,inel,12.0,300.0,5.182112445638283
2025,TPipA_Inelas,inel,12.0,325.0,5.127069550929666
2025,TPipA_Inelas,inel,12.0,350.0,5.072906741112176
2025,TPipA_Inelas,inel,12.0,375.0,4.992292896146081
2025,TPipA_Inelas,inel,12.0,400.0,4.904606117897752
2025,TPipA_Inelas,inel,12.0,425.0,4.822136948156538
2025,TPipA_Inelas,inel,12.0,450.0,4.732250313881218
2025,TPipA_Inelas,inel,12.0,475.0,4.690219815007839
2025,TPipA_Inelas,inel,12.0,500.0,4.646344950277774
2025,TPipA_Inelas,inel,12.0,525.0,4.616122193213755
2025,TPipA_Inelas,inel,12.0,550.0,4.584957478620572
2025,TPipA_Inelas,inel,12.0,575.0,4.548311433127659
2025,TPipA_Inelas,inel,12.0,600.0,4.51027120163133
2025,TPipA_Inelas,inel,12.0,625.0,4.483666851092396
2025,TPipA_Inelas,inel,12.0,650.0,4.45633531882646
2025,TPipA_Inelas,inel,12.0,675.0,4.440468051502281
2025,TPipA_Inelas,inel,12.0,700.0,4.424344949148854
2025,TPipA_Inelas,inel,12.0,725.0,4.4229517838735095
2025,TPipA_Inelas,inel,12.0,750.0,4.421556674980586
2025,TPipA_Inelas,inel,12.0,775.0,4.436315226176801
2025,TPipA_Inelas,inel,12.0,800.0,4.450859126634057
2025,TPipA_Inelas,inel,12.0,825.0,4.469794694057167
2025,TPipA_Inelas,inel,12.0,850.0,4.488378358922123
2025,TPipA_Inelas,inel,12.0,875.0,4.499771780723574
2025,TPipA_Inelas,inel,12.0,900.0,4.51103685342732
2025,TPipA_Inelas,inel,12.0,925.0,4.507135658516416
2025,TPipA_Inelas,inel,12.0,950.0,4.503219184658175
2025,TPipA_Inelas,inel,12.0,975.0,4.499287311702527
2025,TPipA_Inelas,inel,12.0,1000.0,4.495339918076562
2025,TPipA_Inelas,inel,12.0,1025.0,4.491376880761968
2025,TPipA_Inelas,inel,56.0,25.0,4.759814538224785
2025,TPipA_Inelas,inel,56.0,50.0,5.616740686295059
2025,TPipA_Inelas,inel,56.0,75.0,5.902227789430891
2025,TPipA_Inelas,inel,56.0,100.0,6.070587762947669
2025,TPipA_Inelas,inel,56.0,125.0,6.182431010039107
2025,TPipA_Inelas,inel,56.0,150.0,6.250096526410054
2025,TPipA_Inelas,inel,56.0,175.0,6.254485945615597
2025,TPipA_Inelas,inel,56.0,200.0,6.163728139652336
2025,TPipA_Inelas,inel,56.0,225.0,6.070759219688401
2025,TPipA_Inelas,inel,56.0,250.0,5.982233829820853
2025,TPipA_Inelas,inel,56.0,275.0,5.936722113905649
2025,TPipA_Inelas,inel,56.0,300.0,5.889039906437415
2025,TPipA_Inelas,inel,56.0,325.0,5.852175212161337
2025,TPipA_Inelas,inel,56.0,350.0,5.834138859356536
2025,TPipA_Inelas,inel,56.0,375.0,5.787537050967607
2025,TPipA_Inelas,inel,56.0,400.0,5.738656907041047
2025,TPipA_Inelas,inel,56.0,425.0,5.698286237981714
2025,TPipA_Inelas,inel,56.0,450.0,5.656216960296981
2025,TPipA_Inelas,inel,56.0,475.0,5.644494147100758
2025,TPipA_Inelas,inel,56.0,500.0,5.63263227781539
2025,TPipA_Inelas,inel,56.0,525.0,5.618333512823718
2025,TPipA_Inelas,inel,56.0,550.0,5.603827323656925
2025,TPipA_Inelas,inel,56.0,575.0,5.583725605799399
2025,TPipA_Inelas,inel,56.0,600.0,5.5632115051067945
2025,TPipA_Inelas,inel,56.0,625.0,5.543443128923388
2025,TPipA_Inelas,inel,56.0,650.0,5.523276069477348
2025,TPipA_Inelas,inel,56.0,675.0,5.515244033018245
2025,TPipA_Inelas,inel,56.0,700.0,5.507146960222762
2025,TPipA_Inelas,inel,56.0,725.0,5.500741342297467
2025,TPipA_Inelas,inel,56.0,750.0,5.494294427758724
2025,TPipA_Inelas,inel,56.0,775.0,5.503487153176865
2025,TPipA_Inelas,inel,56.0,800.0,5.512596141581447
2025,TPipA_Inelas,inel,56.0,825.0,5.526606456841277
2025,TPipA_Inelas,inel,56.0,850.0,5.540423192160733
2025,TPipA_Inelas,inel,56.0,875.0,5.543569903076969
2025,TPipA_Inelas,inel,56.0,900.0,5.546706743255852
2025,TPipA_Inelas,inel,56.0,925.0,5.536530991723399
2025,TPipA_Inelas,inel,56.0,950.0,5.526250628860846
2025,TPipA_Inelas,inel,56.0,975.0,5.5158634814030885
2025,TPipA_Inelas,inel,56.0,1000.0,5.505367307650271
2025,TPipA_Inelas,inel,56.0,1025.0,5.4947597945639925
2025,TPipA_Inelas,inel,93.0,25.0,4.8947161577997225
2025,TPipA_Inelas,inel,93.0,50.0,5.706027941707017
2025,TPipA_Inelas,inel,93.0,75.0,5.998469110276411
2025,TPipA_Inelas,inel,93.0,100.0,6.200058942886408
2025,TPipA_Inelas,inel,93.0,125.0,6.353727430889563
2025,TPipA_Inelas,inel,93.0,150.0,6.454390818963457
2025,TPipA_Inelas,inel,93.0,175.0,6.490198776203623
2025,TPipA_Inelas,inel,93.0,200.0,6.438215482949143
2025,TPipA_Inelas,inel,93.0,225.0,6.385321471867977
2025,TPipA_Inelas,inel,93.0,250.0,6.33184085292389
2025,TPipA_Inelas,inel,93.0,275.0,6.283154621777301
2025,TPipA_Inelas,inel,93.0,300.0,6.231976188164676
2025,TPipA_Inelas,inel,93.0,325.0,6.182089249682408
2025,TPipA_Inelas,inel,93.0,350.0,6.135955743260502
2025,TPipA_Inelas,inel,93.0,375.0,6.058084387515894
2025,TPipA_Inelas,inel,93.0,400.0,5.973633089928857
2025,TPipA_Inelas,inel,93.0,425.0,5.90949448765969
2025,TPipA_Inelas,inel,93.0,450.0,5.840958467648839
2025,TPipA_Inelas,inel,93.0,475.0,5.838210798251186
2025,TPipA_Inelas,inel,93.0,500.0,5.835455558360425
2025,TPipA_Inelas,inel,93.0,525.0,5.8285843758996885
2025,TPipA_Inelas,inel,93.0,550.0,5.821665653446241
2025,TPipA_Inelas,inel,93.0,575.0,5.807648974828479
2025,TPipA_Inelas,inel,93.0,600.0,5.793433032608627
2025,TPipA_Inelas,inel,93.0,625.0,5.773121330728027
2025,TPipA_Inelas,inel,93.0,650.0,5.752388494888052
2025,TPipA_Inelas,inel,93.0,675.0,5.746301907712181
2025,TPipA_Inelas,inel,93.0,700.0,5.740178047008509
2025,TPipA_Inelas,inel,93.0,725.0,5.739922164275983
2025,TPipA_Inelas,inel,93.0,750.0,5.739666216050725
2025,TPipA_Inelas,inel,93.0,775.0,5.746084014109851
2025,TPipA_Inelas,inel,93.0,800.0,5.752460886549835
2025,TPipA_Inelas,inel,93.0,825.0,5.759622334400457
2025,TPipA_Inelas,inel,93.0,850.0,5.766732860374044
2025,TPipA_Inelas,inel,93.0,875.0,5.77608856248622
2025,TPipA_Inelas,inel,93.0,900.0,5.78535754612195
2025,TPipA_Inelas,inel,93.0,925.0,5.7769520781082635
2025,TPipA_Inelas,inel,93.0,950.0,5.768475358879178
2025,TPipA_Inelas,inel,93.0,975.0,5.759926170139865
2025,TPipA_Inelas,inel,93.0,1000.0,5.751303262079186
2025,TPipA_Inelas,inel,93.0,1025.0,5.742605352273162
2025,TPipA_Inelas,inel,209.0,25.0,4.901749289718249
2025,TPipA_Inelas,inel,209.0,50.0,5.714819614058886
2025,TPipA_Inelas,inel,209.0,75.0,6.096909691934659
2025,TPipA_Inelas,inel,209.0,100.0,6.372696107072899
2025,TPipA_Inelas,inel,209.0,125.0,6.588633742806433
2025,TPipA_Inelas,inel,209.0,150.0,6.728911662735288
2025,TPipA_Inelas,inel,209.0,175.0,6.8390809917418345
2025,TPipA_Inelas,inel,209.0,200.0,6.92061395767682
2025,TPipA_Inelas,inel,209.0,225.0,6.862308975473922
2025,TPipA_Inelas,inel,209.0,250.0,6.773986246694975
2025,TPipA_Inelas,inel,209.0,275.0,6.7298992636002755
2025,TPipA_Inelas,inel,209.0,300.0,6.683778615726528
2025,TPipA_Inelas,inel,209.0,325.0,6.630613033563501
2025,TPipA_Inelas,inel,209.0,350.0,6.566774556796259
2025,TPipA_Inelas,inel,209.0,375.0,6.475659527652345
2025,TPipA_Inelas,inel,209.0,400.0,6.375402632604589
2025,TPipA_Inelas,inel,209.0,425.0,6.273172640200722
2025,TPipA_Inelas,inel,209.0,450.0,6.1592890272480245
2025,TPipA_Inelas,inel,209.0,475.0,6.1648838881675
2025,TPipA_Inelas,inel,209.0,500.0,6.170447620696535
2025,TPipA_Inelas,inel,209.0,525.0,6.176426780910062
2025,TPipA_Inelas,inel,209.0,550.0,6.182370403148729
2025,TPipA_Inelas,inel,209.0,575.0,6.174803502842738
2025,TPipA_Inelas,inel,209.0,600.0,6.1671789077081005
2025,TPipA_Inelas,inel,209.0,625.0,6.157596379704341
2025,TPipA_Inelas,inel,209.0,650.0,6.1479211377068825
2025,TPipA_Inelas,inel,209.0,675.0,6.142775627658035
2025,TPipA_Inelas,inel,209.0,700.0,6.137603504337648
2025,TPipA_Inelas,inel,209.0,725.0,6.13823577995486
2025,TPipA_Inelas,inel,209.0,750.0,6.13886765605221
2025,TPipA_Inelas,inel,209.0,775.0,6.147378599850383
2025,TPipA_Inelas,inel,209.0,800.0,6.155817718355354
2025,TPipA_Inelas,inel,209.0,825.0,6.165581076204107
2025,TPipA_Inelas,inel,209.0,850.0,6.1752500318363595
2025,TPipA_Inelas,inel,209.0,875.0,6.179059259679381
2025,TPipA_Inelas,inel,209.0,900.0,6.18285403235127
2025,TPipA_Inelas,inel,209.0,925.0,6.18002949000911
2025,TPipA_Inelas,inel,209.0,950.0,6.177196947024019
2025,TPipA_Inelas,inel,209.0,975.0,6.174356357942856
2025,TPipA_Inelas,inel,209.0,1000.0,6.1715076769240405
2025,TPipA_Inelas,inel,209.0,1025.0,6.168650857733102
2025,TPipA_Inelas,inel,7.0,25.0,3.1765418962847884
2025,TPipA_Inelas,inel,7.0,50.0,3.912809056409111
2025,TPipA_Inelas,inel,7.0,75.0,4.373307432670496
2025,TPipA_Inelas,inel,7.0,100.0,4.690699736448224
2025,TPipA_Inelas,inel,7.0,125.0,4.932974399319689
2025,TPipA_Inelas,inel,7.0,150.0,5.052556818312126
2025,TPipA_Inelas,inel,7.0,175.0,5.149444516110798
2025,TPipA_Inelas,inel,7.0,200.0,5.223998210558117
2025,TPipA_Inelas,inel,7.0,225.0,5.241766702696528
2025,TPipA_Inelas,inel,7.0,250.0,5.231288242432177
2025,TPipA_Inelas,inel,7.0,275.0,5.158359839047354
2025,TPipA_Inelas,inel,7.0,300.0,5.079691538686201
2025,TPipA_Inelas,inel,7.0,325.0,4.988866061098113
2025,TPipA_Inelas,inel,7.0,350.0,4.879883387500067
2025,TPipA_Inelas,inel,7.0,375.0,4.763851569516405
2025,TPipA_Inelas,inel,7.0,400.0,4.632567245579779
2025,TPipA_Inelas,inel,7.0,425.0,4.4928986329198555
2025,TPipA_Inelas,inel,7.0,450.0,4.33050594601316
2025,TPipA_Inelas,inel,7.0,475.0,4.272018111523484
2025,TPipA_Inelas,inel,7.0,500.0,4.209895775882201
2025,TPipA_Inelas,inel,7.0,525.0,4.171680841589533
2025,TPipA_Inelas,inel,7.0,550.0,4.131947300493004
2025,TPipA_Inelas,inel,7.0,575.0,4.096551624866541
2025,TPipA_Inelas,inel,7.0,600.0,4.059856976793213
2025,TPipA_Inelas,inel,7.0,625.0,4.033565897291634
2025,TPipA_Inelas,inel,7.0,650.0,4.006564890169389
2025,TPipA_Inelas,inel,7.0,675.0,4.000151641384805
2025,TPipA_Inelas,inel,7.0,700.0,3.9936969972185694
2025,TPipA_Inelas,inel,7.0,725.0,4.001758950741667
2025,TPipA_Inelas,inel,7.0,750.0,4.0097564286233585
2025,TPipA_Inelas,inel,7.0,775.0,4.03304771451246
2025,TPipA_Inelas,inel,7.0,800.0,4.055808841074884
2025,TPipA_Inelas,inel,7.0,825.0,4.083041590295664
2025,TPipA_Inelas,inel,7.0,850.0,4.109552335601257
2025,TPipA_Inelas,inel,7.0,875.0,4.123955952077656
2025,TPipA_Inelas,inel,7.0,900.0,4.138155046754351
2025,TPipA_Inelas,inel,7.0,925.0,4.131668284918496
2025,TPipA_Inelas,inel,7.0,950.0,4.125139170120469
2025,TPipA_Inelas,inel,7.0,975.0,4.1185671456668915
2025,TPipA_Inelas,inel,7.0,1000.0,4.111951643815854
2025,TPipA_Inelas,inel,7.0,1025.0,4.105292085482589
2025,TPipA_Inelas,inel,0.0,0.0,0.0
2025,TPipA_Inelas,inel,0.0,0.0,0.0
2025,TPipA_Inelas,inel,0.0,0.0,0.0
2025,TPipA_Inelas,inel,0.0,0.0,0.0
2025,TPipA_Inelas,inel,0.0,0.0,0.0
2025,TPipA_Inelas,inel,0.0,0.0,0.0
2025,TPipA_Inelas,inel,0.0,0.0,0.0
2025,TPipA_PiPro,pipro,27.0,50.0,-2.8158470154603865
2025,TPipA_PiPro,pipro,27.0,75.0,0.35168873342680745
2025,TPipA_PiPro,pipro,27.0,100.0,1.0235571501451919
2025,TPipA_PiPro,pipro,27.0,125.0,1.4218277556155396
2025,TPipA_PiPro,pipro,27.0,150.0,1.7058928912513627
2025,TPipA_PiPro,pipro,27.0,175.0,1.8639173268581628
2025,TPipA_PiPro,pipro,27.0,200.0,2.0003442203211335
2025,TPipA_PiPro,pipro,27.0,225.0,2.110752933452347
2025,TPipA_PiPro,pipro,27.0,250.0,2.210174585074799
2025,TPipA_PiPro,pipro,27.0,275.0,2.566302518449195
2025,TPipA_PiPro,pipro,27.0,300.0,2.828372114782196
2025,TPipA_PiPro,pipro,27.0,325.0,3.088557049116607
2025,TPipA_PiPro,pipro,27.0,350.0,3.2948319167675115
2025,TPipA_PiPro,pipro,27.0,375.0,3.501569576308639
2025,TPipA_PiPro,pipro,27.0,400.0,3.6728024082128727
2025,TPipA_PiPro,pipro,27.0,425.0,3.870069329130892
2025,TPipA_PiPro,pipro,27.0,450.0,4.034760149200858
2025,TPipA_PiPro,pipro,27.0,475.0,4.2211327076734975
2025,TPipA_PiPro,pipro,27.0,500.0,4.378166945648046
2025,TPipA_PiPro,pipro,27.0,525.0,4.490412656369068
2025,TPipA_PiPro,pipro,27.0,550.0,4.591321128969263
2025,TPipA_PiPro,pipro,27.0,575.0,4.686658648054909
2025,TPipA_PiPro,pipro,27.0,600.0,4.773692807208029
2025,TPipA_PiPro,pipro,27.0,625.0,4.851613302003078
2025,TPipA_PiPro,pipro,27.0,650.0,4.923898643002374
2025,TPipA_PiPro,pipro,27.0,675.0,4.98512047525361
2025,TPipA_PiPro,pipro,27.0,700.0,5.042809443560326
2025,TPipA_PiPro,pipro,27.0,725.0,5.088992274036535
2025,TPipA_PiPro,pipro,27.0,750.0,5.133136072571671
2025,TPipA_PiPro,pipro,27.0,775.0,5.173409824258731
2025,TPipA_PiPro,pipro,27.0,800.0,5.212124200187323
2025,TPipA_PiPro,pipro,27.0,825.0,5.234727728411897
2025,TPipA_PiPro,pipro,27.0,850.0,5.256831610119912
2025,TPipA_PiPro,pipro,27.0,875.0,5.2755276423166775
2025,TPipA_PiPro,pipro,27.0,900.0,5.293880538366571
2025,TPipA_PiPro,pipro,27.0,925.0,5.304965717206475
2025,TPipA_PiPro,pipro,27.0,950.0,5.315929360864809
2025,TPipA_PiPro,pipro,27.0,975.0,5.3267741054301
2025,TPipA_PiPro,pipro,27.0,1000.0,5.337502502145368
2025,TPipA_PiPro,pipro,27.0,1025.0,5.348117021010642
2025,TPipA_PiPro,pipro,12.0,75.0,-0.44325887982679474
2025,TPipA_PiPro,pipro,12.0,100.0,0.29846250422038617
2025,TPipA_PiPro,pipro,12.0,125.0,0.7196084720177424
2025,TPipA_PiPro,pipro,12.0,150.0,1.0150393570802219
2025,TPipA_PiPro,pipro,12.0,175.0,1.1894348383485094
2025,TPipA_PiPro,pipro,12.0,200.0,1.337885324312198
2025,TPipA_PiPro,pipro,12.0,225.0,1.4392745444099853
2025,TPipA_PiPro,pipro,12.0,250.0,1.5313237106637492
2025,TPipA_PiPro,pipro,12.0,275.0,1.880812233390556
2025,TPipA_PiPro,pipro,12.0,300.0,2.1392853881823024
2025,TPipA_PiPro,pipro,12.0,325.0,2.4094591526660367
2025,TPipA_PiPro,pipro,12.0,350.0,2.621948664627596
2025,TPipA_PiPro,pipro,12.0,375.0,2.851571907278932
2025,TPipA_PiPro,pipro,12.0,400.0,3.0381900494540877
2025,TPipA_PiPro,pipro,12.0,425.0,3.2501350834266822
2025,TPipA_PiPro,pipro,12.0,450.0,3.4249206790898827
2025,TPipA_PiPro,pipro,12.0,475.0,3.6257288760043336
2025,TPipA_PiPro,pipro,12.0,500.0,3.792878142906348
2025,TPipA_PiPro,pipro,12.0,525.0,3.9217109256170235
2025,TPipA_PiPro,pipro,12.0,550.0,4.035824162476758
2025,TPipA_PiPro,pipro,12.0,575.0,4.133874362218506
2025,TPipA_PiPro,pipro,12.0,600.0,4.223163368032077
2025,TPipA_PiPro,pipro,12.0,625.0,4.3024985966185465
2025,TPipA_PiPro,pipro,12.0,650.0,4.3759997594926725
2025,TPipA_PiPro,pipro,12.0,675.0,4.4393029512852475
2025,TPipA_PiPro,pipro,12.0,700.0,4.498836307877807
2025,TPipA_PiPro,pipro,12.0,725.0,4.5414317713466
2025,TPipA_PiPro,pipro,12.0,750.0,4.582286745857843
2025,TPipA_PiPro,pipro,12.0,775.0,4.617644852775129
2025,TPipA_PiPro,pipro,12.0,800.0,4.651795341550134
2025,TPipA_PiPro,pipro,12.0,825.0,4.677387121258097
2025,TPipA_PiPro,pipro,12.0,850.0,4.702340271458697
2025,TPipA_PiPro,pipro,12.0,875.0,4.72023388314832
2025,TPipA_PiPro,pipro,12.0,900.0,4.737812933884821
2025,TPipA_PiPro,pipro,12.0,925.0,4.748692007671739
2025,TPipA_PiPro,pipro,12.0,950.0,4.759453999809769
2025,TPipA_PiPro,pipro,12.0,975.0,4.770101403577963
2025,TPipA_PiPro,pipro,12.0,1000.0,4.78063663345134
2025,TPipA_PiPro,pipro,12.0,1025.0,4.791062028387251
2025,TPipA_PiPro,pipro,56.0,50.0,0.7307155678359103
2025,TPipA_PiPro,pipro,56.0,75.0,1.4258159905317944
2025,TPipA_PiPro,pipro,56.0,100.0,1.8319313324587545
2025,TPipA_PiPro,pipro,56.0,125.0,2.1199383633371256
2025,TPipA_PiPro,pipro,56.0,150.0,2.3432768390323355
2025,TPipA_PiPro,pipro,56.0,175.0,2.5185644828778306
2025,TPipA_PiPro,pipro,56.0,200.0,2.6676604742519334
2025,TPipA_PiPro,pipro,56.0,225.0,2.796394478274472
2025,TPipA_PiPro,pipro,56.0,250.0,2.91043023481298
2025,TPipA_PiPro,pipro,56.0,275.0,3.2038376765945324
2025,TPipA_PiPro,pipro,56.0,300.0,3.430400780949726
2025,TPipA_PiPro,pipro,56.0,325.0,3.6602446123893784
2025,TPipA_PiPro,pipro,56.0,350.0,3.8470082108904027
2025,TPipA_PiPro,pipro,56.0,375.0,4.049015725740429
2025,TPipA_PiPro,pipro,56.0,400.0,4.216994254987297
2025,TPipA_PiPro,pipro,56.0,425.0,4.4041470395334965
2025,TPipA_PiPro,pipro,56.0,450.0,4.561734361722584
2025,TPipA_PiPro,pipro,56.0,475.0,4.732210330976987
2025,TPipA_PiPro,pipro,56.0,500.0,4.877813135620011
2025,TPipA_PiPro,pipro,56.0,525.0,4.987604578123717
2025,TPipA_PiPro,pipro,56.0,550.0,5.086525515195617
2025,TPipA_PiPro,pipro,56.0,575.0,5.17960032609494
2025,TPipA_PiPro,pipro,56.0,600.0,5.264745071006432
2025,TPipA_PiPro,pipro,56.0,625.0,5.338307495163773
2025,TPipA_PiPro,pipro,56.0,650.0,5.406827317523838
2025,TPipA_PiPro,pipro,56.0,675.0,5.466608455037169
2025,TPipA_PiPro,pipro,56.0,700.0,5.5230165073053605
2025,TPipA_PiPro,pipro,56.0,725.0,5.566349385063731
2025,TPipA_PiPro,pipro,56.0,750.0,5.607882254145424
2025,TPipA_PiPro,pipro,56.0,775.0,5.646900257964426
2025,TPipA_PiPro,pipro,56.0,800.0,5.684452855474043
2025,TPipA_PiPro,pipro,56.0,825.0,5.706293319844559
2025,TPipA_PiPro,pipro,56.0,850.0,5.727666955918346
2025,TPipA_PiPro,pipro,56.0,875.0,5.747636348382188
2025,TPipA_PiPro,pipro,56.0,900.0,5.76721475913957
2025,TPipA_PiPro,pipro,56.0,925.0,5.778243325017274
2025,TPipA_PiPro,pipro,56.0,950.0,5.789151587200815
2025,TPipA_PiPro,pipro,56.0,975.0,5.79994214202862
2025,TPipA_PiPro,pipro,56.0,1000.0,5.810617502686152
2025,TPipA_PiPro,pipro,56.0,1025.0,5.8211801027192855
2025,TPipA_PiPro,pipro,93.0,50.0,0.5073126605298277
2025,TPipA_PiPro,pipro,93.0,75.0,1.493692773854178
2025,TPipA_PiPro,pipro,93.0,100.0,1.9804770555238707
2025,TPipA_PiPro,pipro,93.0,125.0,2.3064663511574652
2025,TPipA_PiPro,pipro,93.0,150.0,2.5519090081842317
2025,TPipA_PiPro,pipro,93.0,175.0,2.7513696184642966
2025,TPipA_PiPro,pipro,93.0,200.0,2.917585093232832
2025,TPipA_PiPro,pipro,93.0,225.0,3.0643284730436737
2025,TPipA_PiPro,pipro,93.0,250.0,3.1922681597347
2025,TPipA_PiPro,pipro,93.0,275.0,3.4989276609649167
2025,TPipA_PiPro,pipro,93.0,300.0,3.7332871722365666
2025,TPipA_PiPro,pipro,93.0,325.0,3.9794494774183766
2025,TPipA_PiPro,pipro,93.0,350.0,4.176827674300379
2025,TPipA_PiPro,pipro,93.0,375.0,4.372502801607601
2025,TPipA_PiPro,pipro,93.0,400.0,4.536083738694489
2025,TPipA_PiPro,pipro,93.0,425.0,4.714150502255517
2025,TPipA_PiPro,pipro,93.0,450.0,4.8652509221112545
2025,TPipA_PiPro,pipro,93.0,475.0,5.028207985953082
2025,TPipA_PiPro,pipro,93.0,500.0,5.16829364342306
2025,TPipA_PiPro,pipro,93.0,525.0,5.277591359067562
2025,TPipA_PiPro,pipro,93.0,550.0,5.376111393988057
2025,TPipA_PiPro,pipro,93.0,575.0,5.455003971055669
2025,TPipA_PiPro,pipro,93.0,600.0,5.528125063037792
2025,TPipA_PiPro,pipro,93.0,625.0,5.594698368364777
2025,TPipA_PiPro,pipro,93.0,650.0,5.657114956079792
2025,TPipA_PiPro,pipro,93.0,675.0,5.707625082373651
2025,TPipA_PiPro,pipro,93.0,700.0,5.755706136986793
2025,TPipA_PiPro,pipro,93.0,725.0,5.796202725058523
2025,TPipA_PiPro,pipro,93.0,750.0,5.83512296901489
2025,TPipA_PiPro,pipro,93.0,775.0,5.866545391053418
2025,TPipA_PiPro,pipro,93.0,800.0,5.897010450759625
2025,TPipA_PiPro,pipro,93.0,825.0,5.922012373729492
2025,TPipA_PiPro,pipro,93.0,850.0,5.946404417701384
2025,TPipA_PiPro,pipro,93.0,875.0,5.970128544792987
2025,TPipA_PiPro,pipro,93.0,900.0,5.9933028563816215
2025,TPipA_PiPro,pipro,93.0,925.0,6.011530252541172
2025,TPipA_PiPro,pipro,93.0,950.0,6.029431349443577
2025,TPipA_PiPro,pipro,93.0,975.0,6.047017624473465
2025,TPipA_PiPro,pipro,93.0,1000.0,6.064299959901398
2025,TPipA_PiPro,pipro,93.0,1025.0,6.081288683328845
2025,TPipA_PiPro,pipro,209.0,50.0,1.4928735339133747
2025,TPipA_PiPro,pipro,209.0,75.0,2.3067245137583097
2025,TPipA_PiPro,pipro,209.0,100.0,2.749390205432214
2025,TPipA_PiPro,pipro,209.0,125.0,3.055166163200759
2025,TPipA_PiPro,pipro,209.0,150.0,3.289010955728448
2025,TPipA_PiPro,pipro,209.0,175.0,3.455561001107415
2025,TPipA_PiPro,pipro,209.0,200.0,3.598292054406281
2025,TPipA_PiPro,pipro,209.0,225.0,3.7160752725321795
2025,TPipA_PiPro,pipro,209.0,250.0,3.821435934165594
2025,TPipA_PiPro,pipro,209.0,275.0,4.088064047681579
2025,TPipA_PiPro,pipro,209.0,300.0,4.29835911530112
2025,TPipA_PiPro,pipro,209.0,325.0,4.508796941330502
2025,TPipA_PiPro,pipro,209.0,350.0,4.682557432582065
2025,TPipA_PiPro,pipro,209.0,375.0,4.869054755744082
2025,TPipA_PiPro,pipro,209.0,400.0,5.026177486063852
2025,TPipA_PiPro,pipro,209.0,425.0,5.2055908711547545
2025,TPipA_PiPro,pipro,209.0,450.0,5.357659095220615
2025,TPipA_PiPro,pipro,209.0,475.0,5.516031324260577
2025,TPipA_PiPro,pipro,209.0,500.0,5.652717224440041
2025,TPipA_PiPro,pipro,209.0,525.0,5.751345537037748
2025,TPipA_PiPro,pipro,209.0,550.0,5.841113638995803
2025,TPipA_PiPro,pipro,209.0,575.0,5.919715559591596
2025,TPipA_PiPro,pipro,209.0,600.0,5.992586917015167
2025,TPipA_PiPro,pipro,209.0,625.0,6.055027670825117
2025,TPipA_PiPro,pipro,209.0,650.0,6.1137976598898165
2025,TPipA_PiPro,pipro,209.0,675.0,6.156355486165437
2025,TPipA_PiPro,pipro,209.0,700.0,6.197175835591148
2025,TPipA_PiPro,pipro,209.0,725.0,6.237845213265045
2025,TPipA_PiPro,pipro,209.0,750.0,6.2769250286531015
2025,TPipA_PiPro,pipro,209.0,775.0,6.305273325298034
2025,TPipA_PiPro,pipro,209.0,800.0,6.332840099944983
2025,TPipA_PiPro,pipro,209.0,825.0,6.358383367919944
2025,TPipA_PiPro,pipro,209.0,850.0,6.383290395289693
2025,TPipA_PiPro,pipro,209.0,875.0,6.403980903298446
2025,TPipA_PiPro,pipro,209.0,900.0,6.4242519778179545
2025,TPipA_PiPro,pipro,209.0,925.0,6.441526117462405
2025,TPipA_PiPro,pipro,209.0,950.0,6.458506921162251
2025,TPipA_PiPro,pipro,209.0,975.0,6.475204185199843
2025,TPipA_PiPro,pipro,209.0,1000.0,6.491627223169719
2025,TPipA_PiPro,pipro,209.0,1025.0,6.507784897177893
2025,TPipA_PiPro,pipro,7.0,75.0,-1.598502918006413
2025,TPipA_PiPro,pipro,7.0,100.0,-0.6510306642946385
2025,TPipA_PiPro,pipro,7.0,125.0,-0.17338124078459285
2025,TPipA_PiPro,pipro,7.0,150.0,0.1485286199091285
2025,TPipA_PiPro,pipro,7.0,175.0,0.3324262053217315
2025,TPipA_PiPro,pipro,7.0,200.0,0.4877011010797625
2025,TPipA_PiPro,pipro,7.0,225.0,0.6042345427734518
2025,TPipA_PiPro,pipro,7.0,250.0,0.7085942577728966
2025,TPipA_PiPro,pipro,7.0,275.0,1.1689812795349772
2025,TPipA_PiPro,pipro,7.0,300.0,1.4830330655514212
2025,TPipA_PiPro,pipro,7.0,325.0,1.7914704274595075
2025,TPipA_PiPro,pipro,7.0,350.0,2.026863474957224
2025,TPipA_PiPro,pipro,7.0,375.0,2.262465143649064
2025,TPipA_PiPro,pipro,7.0,400.0,2.453006714231193
2025,TPipA_PiPro,pipro,7.0,425.0,2.6862994935292144
2025,TPipA_PiPro,pipro,7.0,450.0,2.875330424296695
2025,TPipA_PiPro,pipro,7.0,475.0,3.0827889870159075
2025,TPipA_PiPro,pipro,7.0,500.0,3.2545155184330277
2025,TPipA_PiPro,pipro,7.0,525.0,3.387764226143519
2025,TPipA_PiPro,pipro,7.0,550.0,3.505327340495403
2025,TPipA_PiPro,pipro,7.0,575.0,3.6103634346253712
2025,TPipA_PiPro,pipro,7.0,600.0,3.705408100327227
2025,TPipA_PiPro,pipro,7.0,625.0,3.8020916147750636
2025,TPipA_PiPro,pipro,7.0,650.0,3.890245998326271
2025,TPipA_PiPro,pipro,7.0,675.0,3.96001666199341
2025,TPipA_PiPro,pipro,7.0,700.0,4.025235255385389
2025,TPipA_PiPro,pipro,7.0,725.0,4.078032406137464
2025,TPipA_PiPro,pipro,7.0,750.0,4.128181256239014
2025,TPipA_PiPro,pipro,7.0,775.0,4.167919940191763
2025,TPipA_PiPro,pipro,7.0,800.0,4.206139631665045
2025,TPipA_PiPro,pipro,7.0,825.0,4.233868650225195
2025,TPipA_PiPro,pipro,7.0,850.0,4.2608494704744775
2025,TPipA_PiPro,pipro,7.0,875.0,4.273906202837649
2025,TPipA_PiPro,pipro,7.0,900.0,4.286794651812096
2025,TPipA_PiPro,pipro,7.0,925.0,4.293539419170148
2025,TPipA_PiPro,pipro,7.0,950.0,4.300238999249015
2025,TPipA_PiPro,pipro,7.0,975.0,4.306893993495348
2025,TPipA_PiPro,pipro,7.0,1000.0,4.313504991427175
2025,TPipA_PiPro,pipro,7.0,1025.0,4.320072570947283
2025,TPipA_PiPro,pipro,0.0,0.0,0.0
2025,TPipA_PiPro,pipro,0.0,0.0,0.0
2025,TPipA_PiPro,pipro,0.0,0.0,0.0
2025,TPipA_PiPro,pipro,0.0,0.0,0.0
2025,TPipA_PiPro,pipro,0.0,0.0,0.0
2025,TPipA_PiPro,pipro,0.0,0.0,0.0
2025,TPipA_PiPro,pipro,0.0,0.0,0.0
2025,TPipA_PiPro,pipro,0.0,0.0,0.0
2025,TPipA_PiPro,pipro,0.0,0.0,0.0
2025,TPipA_PiPro,pipro,0.0,0.0,0.0
2025,TPipA_PiPro,pipro,0.0,0.0,0.0
2025,TPipA_PiPro,pipro,0.0,0.0,0.0
2025,TPipA_PiPro,pipro,0.0,0.0,0.0
2025,TPipA_PiPro,pipro,0.0,0.0,0.0
2025,TPipA_Tot,tot,12.0,25.0,4.242237991942272
2025,TPipA_Tot,tot,12.0,50.0,4.978760026051635
2025,TPipA_Tot,tot,12.0,75.0,5.433080889787778
2025,TPipA_Tot,tot,12.0,100.0,5.683000694946718
2025,TPipA_Tot,tot,12.0,125.0,5.848885377948434
2025,TPipA_Tot,tot,12.0,150.0,5.9167216984628235
2025,TPipA_Tot,tot,12.0,175.0,5.960742062700905
2025,TPipA_Tot,tot,12.0,200.0,5.974172189895807
2025,TPipA_Tot,tot,12.0,225.0,5.941805921184787
2025,TPipA_Tot,tot,12.0,250.0,5.891431432283732
2025,TPipA_Tot,tot,12.0,275.0,5.817939132575451
2025,TPipA_Tot,tot,12.0,300.0,5.738614230668761
2025,TPipA_Tot,tot,12.0,325.0,5.659643565111453
2025,TPipA_Tot,tot,12.0,350.0,5.585542987341608
2025,TPipA_Tot,tot,12.0,375.0,5.517956669148331
2025,TPipA_Tot,tot,12.0,400.0,5.445469188551585
2025,TPipA_Tot,tot,12.0,425.0,5.396244500955875
2025,TPipA_Tot,tot,12.0,450.0,5.3444707240629645
2025,TPipA_Tot,tot,12.0,475.0,5.330997505936665
2025,TPipA_Tot,tot,12.0,500.0,5.317340278180242
2025,TPipA_Tot,tot,12.0,525.0,5.314286183588068
2025,TPipA_Tot,tot,12.0,550.0,5.311222732920482
2025,TPipA_Tot,tot,12.0,575.0,5.31063469582906
2025,TPipA_Tot,tot,12.0,600.0,5.310046312746549
2025,TPipA_Tot,tot,12.0,625.0,5.317040980546139
2025,TPipA_Tot,tot,12.0,650.0,5.323987062612454
2025,TPipA_Tot,tot,12.0,675.0,5.334127462460621
2025,TPipA_Tot,tot,12.0,700.0,5.344166065991539
2025,TPipA_Tot,tot,12.0,725.0,5.357669649873266
2025,TPipA_Tot,tot,12.0,750.0,5.370993313843427
2025,TPipA_Tot,tot,12.0,775.0,5.392001679892967
2025,TPipA_Tot,tot,12.0,800.0,5.412577760536817
2025,TPipA_Tot,tot,12.0,825.0,5.430463863146596
2025,TPipA_Tot,tot,12.0,850.0,5.448035666447828
2025,TPipA_Tot,tot,12.0,875.0,5.457667505728669
2025,TPipA_Tot,tot,12.0,900.0,5.467207457028238
2025,TPipA_Tot,tot,12.0,925.0,5.466035307732771
2025,TPipA_Tot,tot,12.0,950.0,5.464861782890829
2025,TPipA_Tot,tot,12.0,975.0,5.463686879270143
2025,TPipA_Tot,tot,12.0,1000.0,5.462510593627036
2025,TPipA_Tot,tot,12.0,1025.0,5.461332922706375
2025,TPipA_Tot,tot,27.0,25.0,5.16112032649681
2025,TPipA_Tot,tot,27.0,50.0,5.809227141773194
2025,TPipA_Tot,tot,27.0,75.0,6.108291027633568
2025,TPipA_Tot,tot,27.0,100.0,6.295196692764793
2025,TPipA_Tot,tot,27.0,125.0,6.427261603487078
2025,TPipA_Tot,tot,27.0,150.0,6.473974405811503
2025,TPipA_Tot,tot,27.0,175.0,6.493568722869881
2025,TPipA_Tot,tot,27.0,200.0,6.47477266841166
2025,TPipA_Tot,tot,27.0,225.0,6.430088000448992
2025,TPipA_Tot,tot,27.0,250.0,6.375938877248427
2025,TPipA_Tot,tot,27.0,275.0,6.3162409696382475
2025,TPipA_Tot,tot,27.0,300.0,6.252751685529592
2025,TPipA_Tot,tot,27.0,325.0,6.189757098389191
2025,TPipA_Tot,tot,27.0,350.0,6.130179500276826
2025,TPipA_Tot,tot,27.0,375.0,6.082731968237467
2025,TPipA_Tot,tot,27.0,400.0,6.032920541407897
2025,TPipA_Tot,tot,27.0,425.0,6.0013506655035345
2025,TPipA_Tot,tot,27.0,450.0,5.968751548787665
2025,TPipA_Tot,tot,27.0,475.0,5.96070890393798
2025,TPipA_Tot,tot,27.0,500.0,5.952601050145399
2025,TPipA_Tot,tot,27.0,525.0,5.9486783852901315
2025,TPipA_Tot,tot,27.0,550.0,5.944740272518411
2025,TPipA_Tot,tot,27.0,575.0,5.945667436780738
2025,TPipA_Tot,tot,27.0,600.0,5.946593742205718
2025,TPipA_Tot,tot,27.0,625.0,5.951706049374492
2025,TPipA_Tot,tot,27.0,650.0,5.956792353736668
2025,TPipA_Tot,tot,27.0,675.0,5.967769012270337
2025,TPipA_Tot,tot,27.0,700.0,5.978626490786164
2025,TPipA_Tot,tot,27.0,725.0,5.989879541650222
2025,TPipA_Tot,tot,27.0,750.0,6.001007369198158
2025,TPipA_Tot,tot,27.0,775.0,6.018053409460312
2025,TPipA_Tot,tot,27.0,800.0,6.034813745556582
2025,TPipA_Tot,tot,27.0,825.0,6.04859271049039
2025,TPipA_Tot,tot,27.0,850.0,6.062184393182184
2025,TPipA_Tot,tot,27.0,875.0,6.069764968651355
2025,TPipA_Tot,tot,27.0,900.0,6.077288511068376
2025,TPipA_Tot,tot,27.0,925.0,6.0731833493499146
2025,TPipA_Tot,tot,27.0,950.0,6.069061265787952
2025,TPipA_Tot,tot,27.0,975.0,6.064922120298146
2025,TPipA_Tot,tot,27.0,1000.0,6.060765771049429
2025,TPipA_Tot,tot,27.0,1025.0,6.056592074434845
2025,TPipA_Tot,tot,3.0,25.0,2.4820543358053087
2025,TPipA_Tot,tot,3.0,50.0,3.397213523292635
2025,TPipA_Tot,tot,3.0,75.0,3.882146185024186
2025,TPipA_Tot,tot,3.0,100.0,4.207312840328326
2025,TPipA_Tot,tot,3.0,125.0,4.372897250876447
2025,TPipA_Tot,tot,3.0,150.0,4.514918948130808
2025,TPipA_Tot,tot,3.0,175.0,4.601018479569559
2025,TPipA_Tot,tot,3.0,200.0,4.680288975665031
2025,TPipA_Tot,tot,3.0,225.0,4.706160295317782
2025,TPipA_Tot,tot,3.0,250.0,4.731379134837604
2025,TPipA_Tot,tot,3.0,275.0,4.674121829958533
2025,TPipA_Tot,tot,3.0,300.0,4.613385944032351
2025,TPipA_Tot,tot,3.0,325.0,4.5290505148009785
2025,TPipA_Tot,tot,3.0,350.0,4.436942048758487
2025,TPipA_Tot,tot,3.0,375.0,4.361188010918643
2025,TPipA_Tot,tot,3.0,400.0,4.279221462454373
2025,TPipA_Tot,tot,3.0,425.0,4.217502460722506
2025,TPipA_Tot,tot,3.0,450.0,4.151722192773051
2025,TPipA_Tot,tot,3.0,475.0,4.105822273889882
2025,TPipA_Tot,tot,3.0,500.0,4.057713772320314
2025,TPipA_Tot,tot,3.0,525.0,4.041297625839693
2025,TPipA_Tot,tot,3.0,550.0,4.024607485311547
2025,TPipA_Tot,tot,3.0,575.0,4.018740060570095
2025,TPipA_Tot,tot,3.0,600.0,4.012838005866916
2025,TPipA_Tot,tot,3.0,625.0,4.021595538074996
2025,TPipA_Tot,tot,3.0,650.0,4.0302770412576425
2025,TPipA_Tot,tot,3.0,675.0,4.052057606280777
2025,TPipA_Tot,tot,3.0,700.0,4.073373873007132
2025,TPipA_Tot,tot,3.0,725.0,4.098788838446663
2025,TPipA_Tot,tot,3.0,750.0,4.123573860344937
2025,TPipA_Tot,tot,3.0,775.0,4.153335222399005
2025,TPipA_Tot,tot,3.0,800.0,4.182236384839036
2025,TPipA_Tot,tot,3.0,825.0,4.205283042072112
2025,TPipA_Tot,tot,3.0,850.0,4.2278104943708
2025,TPipA_Tot,tot,3.0,875.0,4.237480805236209
2025,TPipA_Tot,tot,3.0,900.0,4.247058496138359
2025,TPipA_Tot,tot,3.0,925.0,4.241759033224719
2025,TPipA_Tot,tot,3.0,950.0,4.236431336312449
2025,TPipA_Tot,tot,3.0,975.0,4.231075102944341
2025,TPipA_Tot,tot,3.0,1000.0,4.225690025776889
2025,TPipA_Tot,tot,3.0,1025.0,4.220275792474461
2025,TPipA_Tot,tot,56.0,25.0,5.706800775001399
2025,TPipA_Tot,tot,56.0,50.0,6.392034605652595
2025,TPipA_Tot,tot,56.0,75.0,6.681049062656799
2025,TPipA_Tot,tot,56.0,100.0,6.852771681689801
2025,TPipA_Tot,tot,56.0,125.0,6.967928380525692
2025,TPipA_Tot,tot,56.0,150.0,7.010318760785274
2025,TPipA_Tot,tot,56.0,175.0,7.016912786832806
2025,TPipA_Tot,tot,56.0,200.0,6.970432417884664
2025,TPipA_Tot,tot,56.0,225.0,6.915752432338266
2025,TPipA_Tot,tot,56.0,250.0,6.857847228911027
2025,TPipA_Tot,tot,56.0,275.0,6.802805153547167
2025,TPipA_Tot,tot,56.0,300.0,6.744556072265922
2025,TPipA_Tot,tot,56.0,325.0,6.688391837790665
2025,TPipA_Tot,tot,56.0,350.0,6.63787466550395
2025,TPipA_Tot,tot,56.0,375.0,6.597978221548834
2025,TPipA_Tot,tot,56.0,400.0,6.5564236711056445
2025,TPipA_Tot,tot,56.0,425.0,6.534230997433864
2025,TPipA_Tot,tot,56.0,450.0,6.511534609079181
2025,TPipA_Tot,tot,56.0,475.0,6.507548272795168
2025,TPipA_Tot,tot,56.0,500.0,6.503545982012978
2025,TPipA_Tot,tot,56.0,525.0,6.503558116690825
2025,TPipA_Tot,tot,56.0,550.0,6.503570251221421
2025,TPipA_Tot,tot,56.0,575.0,6.506203703007541
2025,TPipA_Tot,tot,56.0,600.0,6.508830237936574
2025,TPipA_Tot,tot,56.0,625.0,6.514483479420407
2025,TPipA_Tot,tot,56.0,650.0,6.520104941338363
2025,TPipA_Tot,tot,56.0,675.0,6.5318567400756455
2025,TPipA_Tot,tot,56.0,700.0,6.543472036632806
2025,TPipA_Tot,tot,56.0,725.0,6.550198517785397
2025,TPipA_Tot,tot,56.0,750.0,6.55688005553194
2025,TPipA_Tot,tot,56.0,775.0,6.572483781185443
2025,TPipA_Tot,tot,56.0,800.0,6.587847766635576
2025,TPipA_Tot,tot,56.0,825.0,6.599032869587507
2025,TPipA_Tot,tot,56.0,850.0,6.61009424860077
2025,TPipA_Tot,tot,56.0,875.0,6.615965046250278
2025,TPipA_Tot,tot,56.0,900.0,6.621801578700952
2025,TPipA_Tot,tot,56.0,925.0,6.617332520946984
2025,TPipA_Tot,tot,56.0,950.0,6.612843401023273
2025,TPipA_Tot,tot,56.0,975.0,6.608334037993996
2025,TPipA_Tot,tot,56.0,1000.0,6.603804248464513
2025,TPipA_Tot,tot,56.0,1025.0,6.599253846536617
2025,TPipA_Tot,tot,93.0,25.0,6.033947400039024
2025,TPipA_Tot,tot,93.0,50.0,6.708747983081318
2025,TPipA_Tot,tot,93.0,75.0,6.997330380985233
2025,TPipA_Tot,tot,93.0,100.0,7.1660893732124284
2025,TPipA_Tot,tot,93.0,125.0,7.277315016696413
2025,TPipA_Tot,tot,93.0,150.0,7.319143818214861
2025,TPipA_Tot,tot,93.0,175.0,7.325786853271319
2025,TPipA_Tot,tot,93.0,200.0,7.2802771471217245
2025,TPipA_Tot,tot,93.0,225.0,7.227929333132451
2025,TPipA_Tot,tot,93.0,250.0,7.1728252167352835
2025,TPipA_Tot,tot,93.0,275.0,7.12030750288077
2025,TPipA_Tot,tot,93.0,300.0,7.06487805404123
2025,TPipA_Tot,tot,93.0,325.0,7.012635303222448
2025,TPipA_Tot,tot,93.0,350.0,6.967635847118096
2025,TPipA_Tot,tot,93.0,375.0,6.929445700723557
2025,TPipA_Tot,tot,93.0,400.0,6.88973895733162
2025,TPipA_Tot,tot,93.0,425.0,6.869753887194331
2025,TPipA_Tot,tot,93.0,450.0,6.849361255031503
2025,TPipA_Tot,tot,93.0,475.0,6.844332295401114
2025,TPipA_Tot,tot,93.0,500.0,6.8392779174542335
2025,TPipA_Tot,tot,93.0,525.0,6.840251940447109
2025,TPipA_Tot,tot,93.0,550.0,6.841225015642296
2025,TPipA_Tot,tot,93.0,575.0,6.8405439624404725
2025,TPipA_Tot,tot,93.0,600.0,6.839862445089057
2025,TPipA_Tot,tot,93.0,625.0,6.841115672109015
2025,TPipA_Tot,tot,93.0,650.0,6.842367330516632
2025,TPipA_Tot,tot,93.0,675.0,6.850061651352602
2025,TPipA_Tot,tot,93.0,700.0,6.857697221375415
2025,TPipA_Tot,tot,93.0,725.0,6.866532162356499
2025,TPipA_Tot,tot,93.0,750.0,6.8752897302432885
2025,TPipA_Tot,tot,93.0,775.0,6.88415752931056
2025,TPipA_Tot,tot,93.0,800.0,6.892947381230864
2025,TPipA_Tot,tot,93.0,825.0,6.901866574545733
2025,TPipA_Tot,tot,93.0,850.0,6.910706918604874
2025,TPipA_Tot,tot,93.0,875.0,6.9198187221746545
2025,TPipA_Tot,tot,93.0,900.0,6.928848249897395
2025,TPipA_Tot,tot,93.0,925.0,6.925987310793594
2025,TPipA_Tot,tot,93.0,950.0,6.923118163227712
2025,TPipA_Tot,tot,93.0,975.0,6.920240759961573
2025,TPipA_Tot,tot,93.0,1000.0,6.917355053348054
2025,TPipA_Tot,tot,93.0,1025.0,6.91446099532635
2025,TPipA_Tot,tot,209.0,25.0,6.461049512163595
2025,TPipA_Tot,tot,209.0,50.0,7.1650988894942245
2025,TPipA_Tot,tot,209.0,75.0,7.45455941217304
2025,TPipA_Tot,tot,209.0,100.0,7.6294999994335395
2025,TPipA_Tot,tot,209.0,125.0,7.748903803327032
2025,TPipA_Tot,tot,209.0,150.0,7.800935341144211
2025,TPipA_Tot,tot,209.0,175.0,7.812384938462912
2025,TPipA_Tot,tot,209.0,200.0,7.76453301657796
2025,TPipA_Tot,tot,209.0,225.0,7.7156604180406445
2025,TPipA_Tot,tot,209.0,250.0,7.666384236143062
2025,TPipA_Tot,tot,209.0,275.0,7.621867874753974
2025,TPipA_Tot,tot,209.0,300.0,7.575277103756995
2025,TPipA_Tot,tot,209.0,325.0,7.533143367528984
2025,TPipA_Tot,tot,209.0,350.0,7.499621225069422
2025,TPipA_Tot,tot,209.0,375.0,7.461891393463745
2025,TPipA_Tot,tot,209.0,400.0,7.422682015676515
2025,TPipA_Tot,tot,209.0,425.0,7.400902727544705
2025,TPipA_Tot,tot,209.0,450.0,7.37863852125488
2025,TPipA_Tot,tot,209.0,475.0,7.379698276437049
2025,TPipA_Tot,tot,209.0,500.0,7.380756909726998
2025,TPipA_Tot,tot,209.0,525.0,7.383319668502217
2025,TPipA_Tot,tot,209.0,550.0,7.38587587632982
2025,TPipA_Tot,tot,209.0,575.0,7.388606732253133
2025,TPipA_Tot,tot,209.0,600.0,7.391330150907872
2025,TPipA_Tot,tot,209.0,625.0,7.394094133970465
2025,TPipA_Tot,tot,209.0,650.0,7.396850498483393
2025,TPipA_Tot,tot,209.0,675.0,7.3996946754291955
2025,TPipA_Tot,tot,209.0,700.0,7.402530785969362
2025,TPipA_Tot,tot,209.0,725.0,7.408237796768908
2025,TPipA_Tot,tot,209.0,750.0,7.413912422331684
2025,TPipA_Tot,tot,209.0,775.0,7.420713028152471
2025,TPipA_Tot,tot,209.0,800.0,7.427467697950669
2025,TPipA_Tot,tot,209.0,825.0,7.434050036362054
2025,TPipA_Tot,tot,209.0,850.0,7.440589330770275
2025,TPipA_Tot,tot,209.0,875.0,7.444134607906491
2025,TPipA_Tot,tot,209.0,900.0,7.44766736044284
2025,TPipA_Tot,tot,209.0,925.0,7.44723512121983
2025,TPipA_Tot,tot,209.0,950.0,7.446802695085282
2025,TPipA_Tot,tot,209.0,975.0,7.446370081877472
2025,TPipA_Tot,tot,209.0,1000.0,7.445937281434472
2025,TPipA_Tot,tot,209.0,1025.0,7.44550429359414
2025,TPipA_Tot,tot,7.0,0.0,3.452118923625002
2025,TPipA_Tot,tot,7.0,25.0,4.345020008619781
2025,TPipA_Tot,tot,7.0,50.0,4.860553563743717
2025,TPipA_Tot,tot,7.0,75.0,5.1953066989445515
2025,TPipA_Tot,tot,7.0,100.0,5.409782343013833
2025,TPipA_Tot,tot,7.0,125.0,5.565656853277321
2025,TPipA_Tot,tot,7.0,150.0,5.628470727486743
2025,TPipA_Tot,tot,7.0,175.0,5.680210830129635
2025,TPipA_Tot,tot,7.0,200.0,5.718799801361817
2025,TPipA_Tot,tot,7.0,225.0,5.698781426903953
2025,TPipA_Tot,tot,7.0,250.0,5.652468460755757
2025,TPipA_Tot,tot,7.0,275.0,5.557423417258774
2025,TPipA_Tot,tot,7.0,300.0,5.452386857365271
2025,TPipA_Tot,tot,7.0,325.0,5.343738963460083
2025,TPipA_Tot,tot,7.0,350.0,5.236452994683992
2025,TPipA_Tot,tot,7.0,375.0,5.130616900752862
2025,TPipA_Tot,tot,7.0,400.0,5.012239074020108
2025,TPipA_Tot,tot,7.0,425.0,4.934332052562523
2025,TPipA_Tot,tot,7.0,450.0,4.849838801919893
2025,TPipA_Tot,tot,7.0,475.0,4.82799688711058
2025,TPipA_Tot,tot,7.0,500.0,4.805667230010068
2025,TPipA_Tot,tot,7.0,525.0,4.802442750701903
2025,TPipA_Tot,tot,7.0,550.0,4.799207840483611
2025,TPipA_Tot,tot,7.0,575.0,4.801120119804835
2025,TPipA_Tot,tot,7.0,600.0,4.803028749292251
2025,TPipA_Tot,tot,7.0,625.0,4.815339535155128
2025,TPipA_Tot,tot,7.0,650.0,4.827500606801282
2025,TPipA_Tot,tot,7.0,675.0,4.844886054721776
2025,TPipA_Tot,tot,7.0,700.0,4.861974406634827
2025,TPipA_Tot,tot,7.0,725.0,4.88494961464383
2025,TPipA_Tot,tot,7.0,750.0,4.907408796098444
2025,TPipA_Tot,tot,7.0,775.0,4.934430047275636
2025,TPipA_Tot,tot,7.0,800.0,4.960740319848863
2025,TPipA_Tot,tot,7.0,825.0,4.9840229733781145
2025,TPipA_Tot,tot,7.0,850.0,5.0067758560371765
2025,TPipA_Tot,tot,7.0,875.0,5.01702218773221
2025,TPipA_Tot,tot,7.0,900.0,5.0271645960474665
2025,TPipA_Tot,tot,7.0,925.0,5.022895825666754
2025,TPipA_Tot,tot,7.0,950.0,5.018608754736726
2025,TPipA_Tot,tot,7.0,975.0,5.0143032256698055
2025,TPipA_Tot,tot,7.0,1000.0,5.009979078834109
2025,TPipA_Tot,tot,7.0,1025.0,5.005636152517936
2025,TPipA_Tot,tot,0.0,0.0,0.0
2025,TPipA_Tot,tot,0.0,0.0,0.0
2025,TPipA_Tot,tot,0.0,0.0,0.0
2025,TPipA_Tot,tot,0.0,0.0,0.0
2025,TPipA_Tot,tot,0.0,0.0,0.0
2025,TPipA_Tot,tot,0.0,0.0,0.0
